"year","ctry","variable","pubdate","value"
"1999",111,"LUR",2000-01-26,4.2
"2000",111,"LUR",2000-01-26,4.1
"2001",111,"LUR",2000-01-26,4.2
"2002",111,"LUR",2000-01-26,4.4
"2003",111,"LUR",2000-01-26,4.7
"2004",111,"LUR",2000-01-26,4.8
"2005",111,"LUR",2000-01-26,5
"2006",111,"LUR",2000-01-26,5
"2007",111,"LUR",2000-01-26,5.1
"2008",111,"LUR",2000-01-26,5.2
"2009",111,"LUR",2000-01-26,5.2
"2010",111,"LUR",2000-01-26,5.2
"1999",111,"NGDP_RPCH",2000-01-26,3.9
"2000",111,"NGDP_RPCH",2000-01-26,3.3
"2001",111,"NGDP_RPCH",2000-01-26,3.1
"2002",111,"NGDP_RPCH",2000-01-26,2.8
"2003",111,"NGDP_RPCH",2000-01-26,2.6
"2004",111,"NGDP_RPCH",2000-01-26,2.6
"2005",111,"NGDP_RPCH",2000-01-26,2.7
"2006",111,"NGDP_RPCH",2000-01-26,2.7
"2007",111,"NGDP_RPCH",2000-01-26,2.7
"2008",111,"NGDP_RPCH",2000-01-26,2.7
"2009",111,"NGDP_RPCH",2000-01-26,2.9
"2010",111,"NGDP_RPCH",2000-01-26,2.9
"1999",111,"PCPIPCH",2000-01-26,2.2
"2000",111,"PCPIPCH",2000-01-26,2.5
"2001",111,"PCPIPCH",2000-01-26,2.4
"2002",111,"PCPIPCH",2000-01-26,2.5
"2003",111,"PCPIPCH",2000-01-26,2.5
"2004",111,"PCPIPCH",2000-01-26,2.5
"2005",111,"PCPIPCH",2000-01-26,2.5
"2006",111,"PCPIPCH",2000-01-26,2.5
"2007",111,"PCPIPCH",2000-01-26,2.5
"2008",111,"PCPIPCH",2000-01-26,2.5
"2009",111,"PCPIPCH",2000-01-26,2.5
"2010",111,"PCPIPCH",2000-01-26,2.5
"2000",111,"LUR",2000-07-18,3.8
"2001",111,"LUR",2000-07-18,3.7
"2002",111,"LUR",2000-07-18,4.1
"2003",111,"LUR",2000-07-18,4.4
"2004",111,"LUR",2000-07-18,4.7
"2005",111,"LUR",2000-07-18,4.8
"2006",111,"LUR",2000-07-18,5
"2007",111,"LUR",2000-07-18,5.1
"2008",111,"LUR",2000-07-18,5.2
"2009",111,"LUR",2000-07-18,5.2
"2010",111,"LUR",2000-07-18,5.2
"2000",111,"NGDP_RPCH",2000-07-18,4.9
"2001",111,"NGDP_RPCH",2000-07-18,3.1
"2002",111,"NGDP_RPCH",2000-07-18,2.7
"2003",111,"NGDP_RPCH",2000-07-18,2.6
"2004",111,"NGDP_RPCH",2000-07-18,2.6
"2005",111,"NGDP_RPCH",2000-07-18,2.7
"2006",111,"NGDP_RPCH",2000-07-18,2.7
"2007",111,"NGDP_RPCH",2000-07-18,2.7
"2008",111,"NGDP_RPCH",2000-07-18,2.7
"2009",111,"NGDP_RPCH",2000-07-18,2.8
"2010",111,"NGDP_RPCH",2000-07-18,2.9
"2000",111,"PCPIPCH",2000-07-18,3.1
"2001",111,"PCPIPCH",2000-07-18,2.7
"2002",111,"PCPIPCH",2000-07-18,2.9
"2003",111,"PCPIPCH",2000-07-18,2.7
"2004",111,"PCPIPCH",2000-07-18,2.5
"2005",111,"PCPIPCH",2000-07-18,2.5
"2006",111,"PCPIPCH",2000-07-18,2.5
"2007",111,"PCPIPCH",2000-07-18,2.5
"2008",111,"PCPIPCH",2000-07-18,2.5
"2009",111,"PCPIPCH",2000-07-18,2.5
"2010",111,"PCPIPCH",2000-07-18,2.5
"2000",111,"LUR",2001-01-31,4
"2001",111,"LUR",2001-01-31,4.4
"2002",111,"LUR",2001-01-31,4.5
"2003",111,"LUR",2001-01-31,4.5
"2004",111,"LUR",2001-01-31,4.7
"2005",111,"LUR",2001-01-31,4.8
"2006",111,"LUR",2001-01-31,4.9
"2007",111,"LUR",2001-01-31,5
"2008",111,"LUR",2001-01-31,5.1
"2009",111,"LUR",2001-01-31,5.2
"2010",111,"LUR",2001-01-31,5.2
"2011",111,"LUR",2001-01-31,5.2
"2000",111,"NGDP_RPCH",2001-01-31,5.1
"2001",111,"NGDP_RPCH",2001-01-31,2.4
"2002",111,"NGDP_RPCH",2001-01-31,3.4
"2003",111,"NGDP_RPCH",2001-01-31,3.3
"2004",111,"NGDP_RPCH",2001-01-31,3
"2005",111,"NGDP_RPCH",2001-01-31,3
"2006",111,"NGDP_RPCH",2001-01-31,3
"2007",111,"NGDP_RPCH",2001-01-31,3
"2008",111,"NGDP_RPCH",2001-01-31,3
"2009",111,"NGDP_RPCH",2001-01-31,3
"2010",111,"NGDP_RPCH",2001-01-31,3.1
"2011",111,"NGDP_RPCH",2001-01-31,3.1
"2000",111,"PCPIPCH",2001-01-31,3.4
"2001",111,"PCPIPCH",2001-01-31,2.8
"2002",111,"PCPIPCH",2001-01-31,2.8
"2003",111,"PCPIPCH",2001-01-31,2.7
"2004",111,"PCPIPCH",2001-01-31,2.5
"2005",111,"PCPIPCH",2001-01-31,2.5
"2006",111,"PCPIPCH",2001-01-31,2.5
"2007",111,"PCPIPCH",2001-01-31,2.5
"2008",111,"PCPIPCH",2001-01-31,2.5
"2009",111,"PCPIPCH",2001-01-31,2.5
"2010",111,"PCPIPCH",2001-01-31,2.5
"2011",111,"PCPIPCH",2001-01-31,2.5
"2001",111,"LUR",2001-08-28,4.6
"2002",111,"LUR",2001-08-28,5.2
"2003",111,"LUR",2001-08-28,5.2
"2004",111,"LUR",2001-08-28,5.2
"2005",111,"LUR",2001-08-28,5.2
"2006",111,"LUR",2001-08-28,5.2
"2007",111,"LUR",2001-08-28,5.2
"2008",111,"LUR",2001-08-28,5.2
"2009",111,"LUR",2001-08-28,5.2
"2010",111,"LUR",2001-08-28,5.2
"2011",111,"LUR",2001-08-28,5.2
"2001",111,"NGDP_RPCH",2001-08-28,1.7
"2002",111,"NGDP_RPCH",2001-08-28,2.6
"2003",111,"NGDP_RPCH",2001-08-28,3.3
"2004",111,"NGDP_RPCH",2001-08-28,3.2
"2005",111,"NGDP_RPCH",2001-08-28,3.2
"2006",111,"NGDP_RPCH",2001-08-28,3.2
"2007",111,"NGDP_RPCH",2001-08-28,3.2
"2008",111,"NGDP_RPCH",2001-08-28,3.2
"2009",111,"NGDP_RPCH",2001-08-28,3.2
"2010",111,"NGDP_RPCH",2001-08-28,3.2
"2011",111,"NGDP_RPCH",2001-08-28,3.2
"2001",111,"PCPIPCH",2001-08-28,3.2
"2002",111,"PCPIPCH",2001-08-28,2.6
"2003",111,"PCPIPCH",2001-08-28,2.7
"2004",111,"PCPIPCH",2001-08-28,2.5
"2005",111,"PCPIPCH",2001-08-28,2.5
"2006",111,"PCPIPCH",2001-08-28,2.5
"2007",111,"PCPIPCH",2001-08-28,2.5
"2008",111,"PCPIPCH",2001-08-28,2.5
"2009",111,"PCPIPCH",2001-08-28,2.5
"2010",111,"PCPIPCH",2001-08-28,2.5
"2011",111,"PCPIPCH",2001-08-28,2.5
"2001",111,"LUR",2002-01-23,4.8
"2002",111,"LUR",2002-01-23,6.1
"2003",111,"LUR",2002-01-23,5.9
"2004",111,"LUR",2002-01-23,5.4
"2005",111,"LUR",2002-01-23,5.2
"2006",111,"LUR",2002-01-23,5.2
"2007",111,"LUR",2002-01-23,5.2
"2008",111,"LUR",2002-01-23,5.2
"2009",111,"LUR",2002-01-23,5.2
"2010",111,"LUR",2002-01-23,5.2
"2011",111,"LUR",2002-01-23,5.2
"2012",111,"LUR",2002-01-23,5.2
"2001",111,"NGDP_RPCH",2002-01-23,1
"2002",111,"NGDP_RPCH",2002-01-23,0.8
"2003",111,"NGDP_RPCH",2002-01-23,4.1
"2004",111,"NGDP_RPCH",2002-01-23,3.7
"2005",111,"NGDP_RPCH",2002-01-23,3.2
"2006",111,"NGDP_RPCH",2002-01-23,3.2
"2007",111,"NGDP_RPCH",2002-01-23,3.2
"2008",111,"NGDP_RPCH",2002-01-23,3.1
"2009",111,"NGDP_RPCH",2002-01-23,3.1
"2010",111,"NGDP_RPCH",2002-01-23,3.1
"2011",111,"NGDP_RPCH",2002-01-23,3.1
"2012",111,"NGDP_RPCH",2002-01-23,3
"2001",111,"PCPIPCH",2002-01-23,2.9
"2002",111,"PCPIPCH",2002-01-23,1.8
"2003",111,"PCPIPCH",2002-01-23,2.5
"2004",111,"PCPIPCH",2002-01-23,2.5
"2005",111,"PCPIPCH",2002-01-23,2.5
"2006",111,"PCPIPCH",2002-01-23,2.5
"2007",111,"PCPIPCH",2002-01-23,2.5
"2008",111,"PCPIPCH",2002-01-23,2.5
"2009",111,"PCPIPCH",2002-01-23,2.5
"2010",111,"PCPIPCH",2002-01-23,2.5
"2011",111,"PCPIPCH",2002-01-23,2.5
"2012",111,"PCPIPCH",2002-01-23,2.5
"2002",111,"LUR",2002-08-27,5.9
"2003",111,"LUR",2002-08-27,5.9
"2004",111,"LUR",2002-08-27,5.5
"2005",111,"LUR",2002-08-27,5.2
"2006",111,"LUR",2002-08-27,5.2
"2007",111,"LUR",2002-08-27,5.2
"2008",111,"LUR",2002-08-27,5.2
"2009",111,"LUR",2002-08-27,5.2
"2010",111,"LUR",2002-08-27,5.2
"2011",111,"LUR",2002-08-27,5.2
"2012",111,"LUR",2002-08-27,5.2
"2002",111,"NGDP_RPCH",2002-08-27,2.3
"2003",111,"NGDP_RPCH",2002-08-27,3
"2004",111,"NGDP_RPCH",2002-08-27,3.3
"2005",111,"NGDP_RPCH",2002-08-27,3.1
"2006",111,"NGDP_RPCH",2002-08-27,3.2
"2007",111,"NGDP_RPCH",2002-08-27,3.2
"2008",111,"NGDP_RPCH",2002-08-27,3.2
"2009",111,"NGDP_RPCH",2002-08-27,3.2
"2010",111,"NGDP_RPCH",2002-08-27,3.1
"2011",111,"NGDP_RPCH",2002-08-27,3.1
"2012",111,"NGDP_RPCH",2002-08-27,3
"2002",111,"PCPIPCH",2002-08-27,1.7
"2003",111,"PCPIPCH",2002-08-27,2.4
"2004",111,"PCPIPCH",2002-08-27,2.5
"2005",111,"PCPIPCH",2002-08-27,2.5
"2006",111,"PCPIPCH",2002-08-27,2.5
"2007",111,"PCPIPCH",2002-08-27,2.5
"2008",111,"PCPIPCH",2002-08-27,2.5
"2009",111,"PCPIPCH",2002-08-27,2.5
"2010",111,"PCPIPCH",2002-08-27,2.5
"2011",111,"PCPIPCH",2002-08-27,2.5
"2012",111,"PCPIPCH",2002-08-27,2.5
"2002",111,"LUR",2003-01-29,5.8
"2003",111,"LUR",2003-01-29,5.9
"2004",111,"LUR",2003-01-29,5.7
"2005",111,"LUR",2003-01-29,5.4
"2006",111,"LUR",2003-01-29,5.3
"2007",111,"LUR",2003-01-29,5.2
"2008",111,"LUR",2003-01-29,5.2
"2009",111,"LUR",2003-01-29,5.2
"2010",111,"LUR",2003-01-29,5.2
"2011",111,"LUR",2003-01-29,5.2
"2012",111,"LUR",2003-01-29,5.2
"2013",111,"LUR",2003-01-29,5.2
"2002",111,"NGDP_RPCH",2003-01-29,2.4
"2003",111,"NGDP_RPCH",2003-01-29,2.5
"2004",111,"NGDP_RPCH",2003-01-29,3.6
"2005",111,"NGDP_RPCH",2003-01-29,3.4
"2006",111,"NGDP_RPCH",2003-01-29,3.3
"2007",111,"NGDP_RPCH",2003-01-29,3.2
"2008",111,"NGDP_RPCH",2003-01-29,3.1
"2009",111,"NGDP_RPCH",2003-01-29,3
"2010",111,"NGDP_RPCH",2003-01-29,2.9
"2011",111,"NGDP_RPCH",2003-01-29,2.6
"2012",111,"NGDP_RPCH",2003-01-29,2.5
"2013",111,"NGDP_RPCH",2003-01-29,2.7
"2002",111,"PCPIPCH",2003-01-29,1.6
"2003",111,"PCPIPCH",2003-01-29,2.3
"2004",111,"PCPIPCH",2003-01-29,2.2
"2005",111,"PCPIPCH",2003-01-29,2.4
"2006",111,"PCPIPCH",2003-01-29,2.5
"2007",111,"PCPIPCH",2003-01-29,2.5
"2008",111,"PCPIPCH",2003-01-29,2.5
"2009",111,"PCPIPCH",2003-01-29,2.5
"2010",111,"PCPIPCH",2003-01-29,2.5
"2011",111,"PCPIPCH",2003-01-29,2.5
"2012",111,"PCPIPCH",2003-01-29,2.5
"2013",111,"PCPIPCH",2003-01-29,2.5
"2003",111,"LUR",2003-08-26,6.2
"2004",111,"LUR",2003-08-26,6.2
"2005",111,"LUR",2003-08-26,5.7
"2006",111,"LUR",2003-08-26,5.4
"2007",111,"LUR",2003-08-26,5.3
"2008",111,"LUR",2003-08-26,5.2
"2009",111,"LUR",2003-08-26,5.2
"2010",111,"LUR",2003-08-26,5.2
"2011",111,"LUR",2003-08-26,5.2
"2012",111,"LUR",2003-08-26,5.2
"2013",111,"LUR",2003-08-26,5.2
"2003",111,"NGDP_RPCH",2003-08-26,2.2
"2004",111,"NGDP_RPCH",2003-08-26,3.8
"2005",111,"NGDP_RPCH",2003-08-26,3.5
"2006",111,"NGDP_RPCH",2003-08-26,3.5
"2007",111,"NGDP_RPCH",2003-08-26,3.2
"2008",111,"NGDP_RPCH",2003-08-26,3
"2009",111,"NGDP_RPCH",2003-08-26,2.9
"2010",111,"NGDP_RPCH",2003-08-26,2.7
"2011",111,"NGDP_RPCH",2003-08-26,2.6
"2012",111,"NGDP_RPCH",2003-08-26,2.6
"2013",111,"NGDP_RPCH",2003-08-26,2.6
"2003",111,"PCPIPCH",2003-08-26,2.3
"2004",111,"PCPIPCH",2003-08-26,1.9
"2005",111,"PCPIPCH",2003-08-26,2.4
"2006",111,"PCPIPCH",2003-08-26,2.5
"2007",111,"PCPIPCH",2003-08-26,2.5
"2008",111,"PCPIPCH",2003-08-26,2.5
"2009",111,"PCPIPCH",2003-08-26,2.5
"2010",111,"PCPIPCH",2003-08-26,2.5
"2011",111,"PCPIPCH",2003-08-26,2.5
"2012",111,"PCPIPCH",2003-08-26,2.5
"2013",111,"PCPIPCH",2003-08-26,2.5
"2003",111,"LUR",2004-01-26,6
"2004",111,"LUR",2004-01-26,5.8
"2005",111,"LUR",2004-01-26,5.3
"2006",111,"LUR",2004-01-26,5
"2007",111,"LUR",2004-01-26,5.1
"2008",111,"LUR",2004-01-26,5.2
"2009",111,"LUR",2004-01-26,5.2
"2010",111,"LUR",2004-01-26,5.2
"2011",111,"LUR",2004-01-26,5.2
"2012",111,"LUR",2004-01-26,5.2
"2013",111,"LUR",2004-01-26,5.2
"2014",111,"LUR",2004-01-26,5.2
"2003",111,"NGDP_RPCH",2004-01-26,3.2
"2004",111,"NGDP_RPCH",2004-01-26,4.8
"2005",111,"NGDP_RPCH",2004-01-26,4.2
"2006",111,"NGDP_RPCH",2004-01-26,3.2
"2007",111,"NGDP_RPCH",2004-01-26,2.7
"2008",111,"NGDP_RPCH",2004-01-26,2.8
"2009",111,"NGDP_RPCH",2004-01-26,2.8
"2010",111,"NGDP_RPCH",2004-01-26,2.6
"2011",111,"NGDP_RPCH",2004-01-26,2.5
"2012",111,"NGDP_RPCH",2004-01-26,2.5
"2013",111,"NGDP_RPCH",2004-01-26,2.5
"2014",111,"NGDP_RPCH",2004-01-26,2.5
"2003",111,"PCPIPCH",2004-01-26,2.3
"2004",111,"PCPIPCH",2004-01-26,1.6
"2005",111,"PCPIPCH",2004-01-26,1.7
"2006",111,"PCPIPCH",2004-01-26,2
"2007",111,"PCPIPCH",2004-01-26,2.2
"2008",111,"PCPIPCH",2004-01-26,2.2
"2009",111,"PCPIPCH",2004-01-26,2.2
"2010",111,"PCPIPCH",2004-01-26,2.2
"2011",111,"PCPIPCH",2004-01-26,2.2
"2012",111,"PCPIPCH",2004-01-26,2.2
"2013",111,"PCPIPCH",2004-01-26,2.2
"2014",111,"PCPIPCH",2004-01-26,2.2
"2004",111,"LUR",2004-09-07,5.6
"2005",111,"LUR",2004-09-07,5.2
"2006",111,"LUR",2004-09-07,5.1
"2007",111,"LUR",2004-09-07,5.2
"2008",111,"LUR",2004-09-07,5.2
"2009",111,"LUR",2004-09-07,5.2
"2010",111,"LUR",2004-09-07,5.2
"2011",111,"LUR",2004-09-07,5.2
"2012",111,"LUR",2004-09-07,5.2
"2013",111,"LUR",2004-09-07,5.2
"2014",111,"LUR",2004-09-07,5.2
"2004",111,"NGDP_RPCH",2004-09-07,4.5
"2005",111,"NGDP_RPCH",2004-09-07,4.1
"2006",111,"NGDP_RPCH",2004-09-07,3.2
"2007",111,"NGDP_RPCH",2004-09-07,3.1
"2008",111,"NGDP_RPCH",2004-09-07,3
"2009",111,"NGDP_RPCH",2004-09-07,2.9
"2010",111,"NGDP_RPCH",2004-09-07,2.7
"2011",111,"NGDP_RPCH",2004-09-07,2.6
"2012",111,"NGDP_RPCH",2004-09-07,2.5
"2013",111,"NGDP_RPCH",2004-09-07,2.5
"2014",111,"NGDP_RPCH",2004-09-07,2.5
"2004",111,"PCPIPCH",2004-09-07,2.6
"2005",111,"PCPIPCH",2004-09-07,2
"2006",111,"PCPIPCH",2004-09-07,2
"2007",111,"PCPIPCH",2004-09-07,2.2
"2008",111,"PCPIPCH",2004-09-07,2.2
"2009",111,"PCPIPCH",2004-09-07,2.2
"2010",111,"PCPIPCH",2004-09-07,2.2
"2011",111,"PCPIPCH",2004-09-07,2.2
"2012",111,"PCPIPCH",2004-09-07,2.2
"2013",111,"PCPIPCH",2004-09-07,2.2
"2014",111,"PCPIPCH",2004-09-07,2.2
"2004",111,"LUR",2005-01-25,5.5
"2005",111,"LUR",2005-01-25,5.2
"2006",111,"LUR",2005-01-25,5.2
"2007",111,"LUR",2005-01-25,5.2
"2008",111,"LUR",2005-01-25,5.2
"2009",111,"LUR",2005-01-25,5.2
"2010",111,"LUR",2005-01-25,5.2
"2011",111,"LUR",2005-01-25,5.2
"2012",111,"LUR",2005-01-25,5.2
"2013",111,"LUR",2005-01-25,5.2
"2014",111,"LUR",2005-01-25,5.2
"2015",111,"LUR",2005-01-25,5.2
"2004",111,"NGDP_RPCH",2005-01-25,4.4
"2005",111,"NGDP_RPCH",2005-01-25,3.8
"2006",111,"NGDP_RPCH",2005-01-25,3.7
"2007",111,"NGDP_RPCH",2005-01-25,3.7
"2008",111,"NGDP_RPCH",2005-01-25,3.4
"2009",111,"NGDP_RPCH",2005-01-25,3.1
"2010",111,"NGDP_RPCH",2005-01-25,2.9
"2011",111,"NGDP_RPCH",2005-01-25,2.8
"2012",111,"NGDP_RPCH",2005-01-25,2.7
"2013",111,"NGDP_RPCH",2005-01-25,2.7
"2014",111,"NGDP_RPCH",2005-01-25,2.6
"2015",111,"NGDP_RPCH",2005-01-25,2.5
"2004",111,"PCPIPCH",2005-01-25,2.7
"2005",111,"PCPIPCH",2005-01-25,2.4
"2006",111,"PCPIPCH",2005-01-25,1.9
"2007",111,"PCPIPCH",2005-01-25,2.1
"2008",111,"PCPIPCH",2005-01-25,2.2
"2009",111,"PCPIPCH",2005-01-25,2.2
"2010",111,"PCPIPCH",2005-01-25,2.2
"2011",111,"PCPIPCH",2005-01-25,2.2
"2012",111,"PCPIPCH",2005-01-25,2.2
"2013",111,"PCPIPCH",2005-01-25,2.2
"2014",111,"PCPIPCH",2005-01-25,2.2
"2015",111,"PCPIPCH",2005-01-25,2.2
"2005",111,"LUR",2005-08-15,5.2
"2006",111,"LUR",2005-08-15,5.2
"2007",111,"LUR",2005-08-15,5.2
"2008",111,"LUR",2005-08-15,5.2
"2009",111,"LUR",2005-08-15,5.2
"2010",111,"LUR",2005-08-15,5.2
"2011",111,"LUR",2005-08-15,5.2
"2012",111,"LUR",2005-08-15,5.2
"2013",111,"LUR",2005-08-15,5.2
"2014",111,"LUR",2005-08-15,5.2
"2015",111,"LUR",2005-08-15,5.2
"2005",111,"NGDP_RPCH",2005-08-15,3.7
"2006",111,"NGDP_RPCH",2005-08-15,3.4
"2007",111,"NGDP_RPCH",2005-08-15,3.4
"2008",111,"NGDP_RPCH",2005-08-15,3.4
"2009",111,"NGDP_RPCH",2005-08-15,3.2
"2010",111,"NGDP_RPCH",2005-08-15,2.9
"2011",111,"NGDP_RPCH",2005-08-15,2.8
"2012",111,"NGDP_RPCH",2005-08-15,2.7
"2013",111,"NGDP_RPCH",2005-08-15,2.6
"2014",111,"NGDP_RPCH",2005-08-15,2.6
"2015",111,"NGDP_RPCH",2005-08-15,2.5
"2005",111,"PCPIPCH",2005-08-15,3.1
"2006",111,"PCPIPCH",2005-08-15,2.5
"2007",111,"PCPIPCH",2005-08-15,2.2
"2008",111,"PCPIPCH",2005-08-15,2.2
"2009",111,"PCPIPCH",2005-08-15,2.2
"2010",111,"PCPIPCH",2005-08-15,2.2
"2011",111,"PCPIPCH",2005-08-15,2.2
"2012",111,"PCPIPCH",2005-08-15,2.2
"2013",111,"PCPIPCH",2005-08-15,2.2
"2014",111,"PCPIPCH",2005-08-15,2.2
"2015",111,"PCPIPCH",2005-08-15,2.2
"2005",111,"LUR",2006-01-26,5.1
"2006",111,"LUR",2006-01-26,5
"2007",111,"LUR",2006-01-26,5
"2008",111,"LUR",2006-01-26,5.1
"2009",111,"LUR",2006-01-26,5.2
"2010",111,"LUR",2006-01-26,5.2
"2011",111,"LUR",2006-01-26,5.2
"2012",111,"LUR",2006-01-26,5.2
"2013",111,"LUR",2006-01-26,5.2
"2014",111,"LUR",2006-01-26,5.2
"2015",111,"LUR",2006-01-26,5.2
"2016",111,"LUR",2006-01-26,5.2
"2005",111,"NGDP_RPCH",2006-01-26,3.6
"2006",111,"NGDP_RPCH",2006-01-26,3.6
"2007",111,"NGDP_RPCH",2006-01-26,3.4
"2008",111,"NGDP_RPCH",2006-01-26,3.4
"2009",111,"NGDP_RPCH",2006-01-26,3.3
"2010",111,"NGDP_RPCH",2006-01-26,3
"2011",111,"NGDP_RPCH",2006-01-26,2.8
"2012",111,"NGDP_RPCH",2006-01-26,2.7
"2013",111,"NGDP_RPCH",2006-01-26,2.6
"2014",111,"NGDP_RPCH",2006-01-26,2.6
"2015",111,"NGDP_RPCH",2006-01-26,2.6
"2016",111,"NGDP_RPCH",2006-01-26,2.5
"2005",111,"PCPIPCH",2006-01-26,3.4
"2006",111,"PCPIPCH",2006-01-26,2.8
"2007",111,"PCPIPCH",2006-01-26,2.2
"2008",111,"PCPIPCH",2006-01-26,2.2
"2009",111,"PCPIPCH",2006-01-26,2.2
"2010",111,"PCPIPCH",2006-01-26,2.2
"2011",111,"PCPIPCH",2006-01-26,2.2
"2012",111,"PCPIPCH",2006-01-26,2.2
"2013",111,"PCPIPCH",2006-01-26,2.2
"2014",111,"PCPIPCH",2006-01-26,2.2
"2015",111,"PCPIPCH",2006-01-26,2.2
"2016",111,"PCPIPCH",2006-01-26,2.2
"2006",111,"LUR",2006-08-17,4.7
"2007",111,"LUR",2006-08-17,4.8
"2008",111,"LUR",2006-08-17,4.9
"2009",111,"LUR",2006-08-17,5
"2010",111,"LUR",2006-08-17,5
"2011",111,"LUR",2006-08-17,5
"2012",111,"LUR",2006-08-17,5
"2013",111,"LUR",2006-08-17,5
"2014",111,"LUR",2006-08-17,5
"2015",111,"LUR",2006-08-17,5
"2016",111,"LUR",2006-08-17,5
"2006",111,"NGDP_RPCH",2006-08-17,3.5
"2007",111,"NGDP_RPCH",2006-08-17,3
"2008",111,"NGDP_RPCH",2006-08-17,3.1
"2009",111,"NGDP_RPCH",2006-08-17,3.2
"2010",111,"NGDP_RPCH",2006-08-17,3
"2011",111,"NGDP_RPCH",2006-08-17,2.8
"2012",111,"NGDP_RPCH",2006-08-17,2.7
"2013",111,"NGDP_RPCH",2006-08-17,2.7
"2014",111,"NGDP_RPCH",2006-08-17,2.6
"2015",111,"NGDP_RPCH",2006-08-17,2.5
"2016",111,"NGDP_RPCH",2006-08-17,2.5
"2006",111,"PCPIPCH",2006-08-17,3.5
"2007",111,"PCPIPCH",2006-08-17,2.5
"2008",111,"PCPIPCH",2006-08-17,2.2
"2009",111,"PCPIPCH",2006-08-17,2.2
"2010",111,"PCPIPCH",2006-08-17,2.2
"2011",111,"PCPIPCH",2006-08-17,2.2
"2012",111,"PCPIPCH",2006-08-17,2.2
"2013",111,"PCPIPCH",2006-08-17,2.2
"2014",111,"PCPIPCH",2006-08-17,2.2
"2015",111,"PCPIPCH",2006-08-17,2.2
"2016",111,"PCPIPCH",2006-08-17,2.2
"2006",111,"LUR",2007-01-24,4.6
"2007",111,"LUR",2007-01-24,4.7
"2008",111,"LUR",2007-01-24,4.9
"2009",111,"LUR",2007-01-24,5
"2010",111,"LUR",2007-01-24,5
"2011",111,"LUR",2007-01-24,5
"2012",111,"LUR",2007-01-24,5
"2013",111,"LUR",2007-01-24,5
"2014",111,"LUR",2007-01-24,5
"2015",111,"LUR",2007-01-24,5
"2016",111,"LUR",2007-01-24,5
"2017",111,"LUR",2007-01-24,5
"2006",111,"NGDP_RPCH",2007-01-24,3.3
"2007",111,"NGDP_RPCH",2007-01-24,2.3
"2008",111,"NGDP_RPCH",2007-01-24,3
"2009",111,"NGDP_RPCH",2007-01-24,3.2
"2010",111,"NGDP_RPCH",2007-01-24,3
"2011",111,"NGDP_RPCH",2007-01-24,2.7
"2012",111,"NGDP_RPCH",2007-01-24,2.7
"2013",111,"NGDP_RPCH",2007-01-24,2.6
"2014",111,"NGDP_RPCH",2007-01-24,2.5
"2015",111,"NGDP_RPCH",2007-01-24,2.5
"2016",111,"NGDP_RPCH",2007-01-24,2.5
"2017",111,"NGDP_RPCH",2007-01-24,2.5
"2006",111,"PCPIPCH",2007-01-24,3.4
"2007",111,"PCPIPCH",2007-01-24,1.9
"2008",111,"PCPIPCH",2007-01-24,2.3
"2009",111,"PCPIPCH",2007-01-24,2.2
"2010",111,"PCPIPCH",2007-01-24,2.2
"2011",111,"PCPIPCH",2007-01-24,2.2
"2012",111,"PCPIPCH",2007-01-24,2.2
"2013",111,"PCPIPCH",2007-01-24,2.2
"2014",111,"PCPIPCH",2007-01-24,2.2
"2015",111,"PCPIPCH",2007-01-24,2.2
"2016",111,"PCPIPCH",2007-01-24,2.2
"2017",111,"PCPIPCH",2007-01-24,2.2
"2007",111,"LUR",2007-08-23,4.5
"2008",111,"LUR",2007-08-23,4.7
"2009",111,"LUR",2007-08-23,4.8
"2010",111,"LUR",2007-08-23,4.8
"2011",111,"LUR",2007-08-23,4.8
"2012",111,"LUR",2007-08-23,4.8
"2013",111,"LUR",2007-08-23,4.8
"2014",111,"LUR",2007-08-23,4.8
"2015",111,"LUR",2007-08-23,4.8
"2016",111,"LUR",2007-08-23,4.8
"2017",111,"LUR",2007-08-23,4.8
"2007",111,"NGDP_RPCH",2007-08-23,2.1
"2008",111,"NGDP_RPCH",2007-08-23,2.9
"2009",111,"NGDP_RPCH",2007-08-23,3.2
"2010",111,"NGDP_RPCH",2007-08-23,3.2
"2011",111,"NGDP_RPCH",2007-08-23,2.8
"2012",111,"NGDP_RPCH",2007-08-23,2.7
"2013",111,"NGDP_RPCH",2007-08-23,2.7
"2014",111,"NGDP_RPCH",2007-08-23,2.6
"2015",111,"NGDP_RPCH",2007-08-23,2.5
"2016",111,"NGDP_RPCH",2007-08-23,2.5
"2017",111,"NGDP_RPCH",2007-08-23,2.5
"2007",111,"PCPIPCH",2007-08-23,2.8
"2008",111,"PCPIPCH",2007-08-23,2.3
"2009",111,"PCPIPCH",2007-08-23,2.2
"2010",111,"PCPIPCH",2007-08-23,2.2
"2011",111,"PCPIPCH",2007-08-23,2.2
"2012",111,"PCPIPCH",2007-08-23,2.2
"2013",111,"PCPIPCH",2007-08-23,2.2
"2014",111,"PCPIPCH",2007-08-23,2.2
"2015",111,"PCPIPCH",2007-08-23,2.2
"2016",111,"PCPIPCH",2007-08-23,2.2
"2017",111,"PCPIPCH",2007-08-23,2.2
"2007",111,"LUR",2008-01-23,4.6
"2008",111,"LUR",2008-01-23,5.1
"2009",111,"LUR",2008-01-23,5.4
"2010",111,"LUR",2008-01-23,5.1
"2011",111,"LUR",2008-01-23,4.8
"2012",111,"LUR",2008-01-23,4.8
"2013",111,"LUR",2008-01-23,4.8
"2014",111,"LUR",2008-01-23,4.8
"2015",111,"LUR",2008-01-23,4.8
"2016",111,"LUR",2008-01-23,4.8
"2017",111,"LUR",2008-01-23,4.8
"2018",111,"LUR",2008-01-23,4.8
"2007",111,"NGDP_RPCH",2008-01-23,2.2
"2008",111,"NGDP_RPCH",2008-01-23,1.7
"2009",111,"NGDP_RPCH",2008-01-23,2.8
"2010",111,"NGDP_RPCH",2008-01-23,3.5
"2011",111,"NGDP_RPCH",2008-01-23,3.4
"2012",111,"NGDP_RPCH",2008-01-23,2.9
"2013",111,"NGDP_RPCH",2008-01-23,2.6
"2014",111,"NGDP_RPCH",2008-01-23,2.6
"2015",111,"NGDP_RPCH",2008-01-23,2.5
"2016",111,"NGDP_RPCH",2008-01-23,2.4
"2017",111,"NGDP_RPCH",2008-01-23,2.4
"2018",111,"NGDP_RPCH",2008-01-23,2.4
"2007",111,"PCPIPCH",2008-01-23,2.8
"2008",111,"PCPIPCH",2008-01-23,2.9
"2009",111,"PCPIPCH",2008-01-23,2.3
"2010",111,"PCPIPCH",2008-01-23,2.2
"2011",111,"PCPIPCH",2008-01-23,2.2
"2012",111,"PCPIPCH",2008-01-23,2.2
"2013",111,"PCPIPCH",2008-01-23,2.2
"2014",111,"PCPIPCH",2008-01-23,2.2
"2015",111,"PCPIPCH",2008-01-23,2.2
"2016",111,"PCPIPCH",2008-01-23,2.2
"2017",111,"PCPIPCH",2008-01-23,2.2
"2018",111,"PCPIPCH",2008-01-23,2.2
"2008",111,"LUR",2008-09-09,5.4
"2009",111,"LUR",2008-09-09,6.2
"2010",111,"LUR",2008-09-09,6.1
"2011",111,"LUR",2008-09-09,5.3
"2012",111,"LUR",2008-09-09,4.9
"2013",111,"LUR",2008-09-09,4.8
"2014",111,"LUR",2008-09-09,4.8
"2015",111,"LUR",2008-09-09,4.8
"2016",111,"LUR",2008-09-09,4.8
"2017",111,"LUR",2008-09-09,4.8
"2018",111,"LUR",2008-09-09,4.8
"2008",111,"NGDP_RPCH",2008-09-09,1.5
"2009",111,"NGDP_RPCH",2008-09-09,1.1
"2010",111,"NGDP_RPCH",2008-09-09,3.6
"2011",111,"NGDP_RPCH",2008-09-09,4.1
"2012",111,"NGDP_RPCH",2008-09-09,3.1
"2013",111,"NGDP_RPCH",2008-09-09,2.5
"2014",111,"NGDP_RPCH",2008-09-09,2.4
"2015",111,"NGDP_RPCH",2008-09-09,2.4
"2016",111,"NGDP_RPCH",2008-09-09,2.3
"2017",111,"NGDP_RPCH",2008-09-09,2.3
"2018",111,"NGDP_RPCH",2008-09-09,2.3
"2008",111,"PCPIPCH",2008-09-09,4.7
"2009",111,"PCPIPCH",2008-09-09,3.1
"2010",111,"PCPIPCH",2008-09-09,2.2
"2011",111,"PCPIPCH",2008-09-09,2.2
"2012",111,"PCPIPCH",2008-09-09,2.2
"2013",111,"PCPIPCH",2008-09-09,2.2
"2014",111,"PCPIPCH",2008-09-09,2.2
"2015",111,"PCPIPCH",2008-09-09,2.2
"2016",111,"PCPIPCH",2008-09-09,2.2
"2017",111,"PCPIPCH",2008-09-09,2.2
"2018",111,"PCPIPCH",2008-09-09,2.2
"2008",111,"LUR",2009-01-07,5.7
"2009",111,"LUR",2009-01-07,8.3
"2010",111,"LUR",2009-01-07,9
"2011",111,"LUR",2009-01-07,8
"2012",111,"LUR",2009-01-07,6.8
"2013",111,"LUR",2009-01-07,5.8
"2014",111,"LUR",2009-01-07,5.1
"2015",111,"LUR",2009-01-07,4.9
"2016",111,"LUR",2009-01-07,4.8
"2017",111,"LUR",2009-01-07,4.8
"2018",111,"LUR",2009-01-07,4.8
"2019",111,"LUR",2009-01-07,4.8
"2008",111,"NGDP_RPCH",2009-01-07,1.2
"2009",111,"NGDP_RPCH",2009-01-07,-2.2
"2010",111,"NGDP_RPCH",2009-01-07,1.5
"2011",111,"NGDP_RPCH",2009-01-07,4.2
"2012",111,"NGDP_RPCH",2009-01-07,4.4
"2013",111,"NGDP_RPCH",2009-01-07,4.1
"2014",111,"NGDP_RPCH",2009-01-07,3.5
"2015",111,"NGDP_RPCH",2009-01-07,2.8
"2016",111,"NGDP_RPCH",2009-01-07,2.5
"2017",111,"NGDP_RPCH",2009-01-07,2.3
"2018",111,"NGDP_RPCH",2009-01-07,2.2
"2019",111,"NGDP_RPCH",2009-01-07,2.2
"2008",111,"PCPIPCH",2009-01-07,4.1
"2009",111,"PCPIPCH",2009-01-07,0.1
"2010",111,"PCPIPCH",2009-01-07,1.7
"2011",111,"PCPIPCH",2009-01-07,1.8
"2012",111,"PCPIPCH",2009-01-07,2
"2013",111,"PCPIPCH",2009-01-07,2.2
"2014",111,"PCPIPCH",2009-01-07,2.2
"2015",111,"PCPIPCH",2009-01-07,2.2
"2016",111,"PCPIPCH",2009-01-07,2.2
"2017",111,"PCPIPCH",2009-01-07,2.2
"2018",111,"PCPIPCH",2009-01-07,2.2
"2019",111,"PCPIPCH",2009-01-07,2.2
"2009",111,"LUR",2009-03-20,8.8
"2010",111,"LUR",2009-03-20,9
"2011",111,"LUR",2009-03-20,7.7
"2012",111,"LUR",2009-03-20,6.6
"2013",111,"LUR",2009-03-20,5.6
"2014",111,"LUR",2009-03-20,5.1
"2015",111,"LUR",2009-03-20,4.9
"2016",111,"LUR",2009-03-20,4.8
"2017",111,"LUR",2009-03-20,4.8
"2018",111,"LUR",2009-03-20,4.8
"2019",111,"LUR",2009-03-20,4.8
"2009",111,"NGDP_RPCH",2009-03-20,-3
"2010",111,"NGDP_RPCH",2009-03-20,2.9
"2011",111,"NGDP_RPCH",2009-03-20,4
"2012",111,"NGDP_RPCH",2009-03-20,4.1
"2013",111,"NGDP_RPCH",2009-03-20,4
"2014",111,"NGDP_RPCH",2009-03-20,3.5
"2015",111,"NGDP_RPCH",2009-03-20,2.7
"2016",111,"NGDP_RPCH",2009-03-20,2.5
"2017",111,"NGDP_RPCH",2009-03-20,2.4
"2018",111,"NGDP_RPCH",2009-03-20,2.3
"2019",111,"NGDP_RPCH",2009-03-20,2.2
"2009",111,"PCPIPCH",2009-03-20,-0.7
"2010",111,"PCPIPCH",2009-03-20,1.4
"2011",111,"PCPIPCH",2009-03-20,1.2
"2012",111,"PCPIPCH",2009-03-20,1
"2013",111,"PCPIPCH",2009-03-20,1
"2014",111,"PCPIPCH",2009-03-20,1.2
"2015",111,"PCPIPCH",2009-03-20,1.6
"2016",111,"PCPIPCH",2009-03-20,1.9
"2017",111,"PCPIPCH",2009-03-20,1.9
"2018",111,"PCPIPCH",2009-03-20,1.9
"2019",111,"PCPIPCH",2009-03-20,1.9
"2009",111,"LUR",2009-08-25,9.3
"2010",111,"LUR",2009-08-25,10.2
"2011",111,"LUR",2009-08-25,9.1
"2012",111,"LUR",2009-08-25,7.2
"2013",111,"LUR",2009-08-25,5.6
"2014",111,"LUR",2009-08-25,4.9
"2015",111,"LUR",2009-08-25,4.8
"2016",111,"LUR",2009-08-25,4.8
"2017",111,"LUR",2009-08-25,4.8
"2018",111,"LUR",2009-08-25,4.8
"2019",111,"LUR",2009-08-25,4.8
"2009",111,"NGDP_RPCH",2009-08-25,-2.5
"2010",111,"NGDP_RPCH",2009-08-25,1.7
"2011",111,"NGDP_RPCH",2009-08-25,3.5
"2012",111,"NGDP_RPCH",2009-08-25,5
"2013",111,"NGDP_RPCH",2009-08-25,4.5
"2014",111,"NGDP_RPCH",2009-08-25,3
"2015",111,"NGDP_RPCH",2009-08-25,2.7
"2016",111,"NGDP_RPCH",2009-08-25,2.5
"2017",111,"NGDP_RPCH",2009-08-25,2.3
"2018",111,"NGDP_RPCH",2009-08-25,2.2
"2019",111,"NGDP_RPCH",2009-08-25,2.2
"2009",111,"PCPIPCH",2009-08-25,-0.5
"2010",111,"PCPIPCH",2009-08-25,1.7
"2011",111,"PCPIPCH",2009-08-25,1.3
"2012",111,"PCPIPCH",2009-08-25,1
"2013",111,"PCPIPCH",2009-08-25,1.1
"2014",111,"PCPIPCH",2009-08-25,1.5
"2015",111,"PCPIPCH",2009-08-25,1.8
"2016",111,"PCPIPCH",2009-08-25,2
"2017",111,"PCPIPCH",2009-08-25,2
"2018",111,"PCPIPCH",2009-08-25,2
"2019",111,"PCPIPCH",2009-08-25,2
"2009",111,"LUR",2010-01-26,9.3
"2010",111,"LUR",2010-01-26,10.1
"2011",111,"LUR",2010-01-26,9.5
"2012",111,"LUR",2010-01-26,8
"2013",111,"LUR",2010-01-26,6.3
"2014",111,"LUR",2010-01-26,5.3
"2015",111,"LUR",2010-01-26,5.1
"2016",111,"LUR",2010-01-26,5
"2017",111,"LUR",2010-01-26,5
"2018",111,"LUR",2010-01-26,5
"2019",111,"LUR",2010-01-26,5
"2020",111,"LUR",2010-01-26,5
"2009",111,"NGDP_RPCH",2010-01-26,-2.5
"2010",111,"NGDP_RPCH",2010-01-26,2.2
"2011",111,"NGDP_RPCH",2010-01-26,1.9
"2012",111,"NGDP_RPCH",2010-01-26,4.6
"2013",111,"NGDP_RPCH",2010-01-26,4.8
"2014",111,"NGDP_RPCH",2010-01-26,3.9
"2015",111,"NGDP_RPCH",2010-01-26,2.9
"2016",111,"NGDP_RPCH",2010-01-26,2.5
"2017",111,"NGDP_RPCH",2010-01-26,2.3
"2018",111,"NGDP_RPCH",2010-01-26,2.2
"2019",111,"NGDP_RPCH",2010-01-26,2.2
"2020",111,"NGDP_RPCH",2010-01-26,2.3
"2009",111,"PCPIPCH",2010-01-26,-0.3
"2010",111,"PCPIPCH",2010-01-26,2.4
"2011",111,"PCPIPCH",2010-01-26,1.3
"2012",111,"PCPIPCH",2010-01-26,1.2
"2013",111,"PCPIPCH",2010-01-26,1.1
"2014",111,"PCPIPCH",2010-01-26,1.3
"2015",111,"PCPIPCH",2010-01-26,1.7
"2016",111,"PCPIPCH",2010-01-26,1.9
"2017",111,"PCPIPCH",2010-01-26,2
"2018",111,"PCPIPCH",2010-01-26,2
"2019",111,"PCPIPCH",2010-01-26,2
"2020",111,"PCPIPCH",2010-01-26,2
"2010",111,"LUR",2010-08-18,9.5
"2011",111,"LUR",2010-08-18,9
"2012",111,"LUR",2010-08-18,8.1
"2013",111,"LUR",2010-08-18,6.6
"2014",111,"LUR",2010-08-18,5.3
"2015",111,"LUR",2010-08-18,5
"2016",111,"LUR",2010-08-18,5
"2017",111,"LUR",2010-08-18,5
"2018",111,"LUR",2010-08-18,5
"2019",111,"LUR",2010-08-18,5
"2020",111,"LUR",2010-08-18,5
"2010",111,"NGDP_RPCH",2010-08-18,3
"2011",111,"NGDP_RPCH",2010-08-18,2.1
"2012",111,"NGDP_RPCH",2010-08-18,3.4
"2013",111,"NGDP_RPCH",2010-08-18,4.7
"2014",111,"NGDP_RPCH",2010-08-18,4.2
"2015",111,"NGDP_RPCH",2010-08-18,2.7
"2016",111,"NGDP_RPCH",2010-08-18,2.5
"2017",111,"NGDP_RPCH",2010-08-18,2.4
"2018",111,"NGDP_RPCH",2010-08-18,2.3
"2019",111,"NGDP_RPCH",2010-08-18,2.2
"2020",111,"NGDP_RPCH",2010-08-18,2.2
"2010",111,"PCPIPCH",2010-08-18,1.6
"2011",111,"PCPIPCH",2010-08-18,1
"2012",111,"PCPIPCH",2010-08-18,1.4
"2013",111,"PCPIPCH",2010-08-18,1.7
"2014",111,"PCPIPCH",2010-08-18,1.9
"2015",111,"PCPIPCH",2010-08-18,2.3
"2016",111,"PCPIPCH",2010-08-18,2.3
"2017",111,"PCPIPCH",2010-08-18,2.3
"2018",111,"PCPIPCH",2010-08-18,2.3
"2019",111,"PCPIPCH",2010-08-18,2.3
"2020",111,"PCPIPCH",2010-08-18,2.3
"2010",111,"LUR",2011-01-26,9.7
"2011",111,"LUR",2011-01-26,9.4
"2012",111,"LUR",2011-01-26,8.4
"2013",111,"LUR",2011-01-26,7.6
"2014",111,"LUR",2011-01-26,6.8
"2015",111,"LUR",2011-01-26,5.9
"2016",111,"LUR",2011-01-26,5.3
"2017",111,"LUR",2011-01-26,5.3
"2018",111,"LUR",2011-01-26,5.2
"2019",111,"LUR",2011-01-26,5.2
"2020",111,"LUR",2011-01-26,5.2
"2021",111,"LUR",2011-01-26,5.2
"2010",111,"NGDP_RPCH",2011-01-26,2.8
"2011",111,"NGDP_RPCH",2011-01-26,2.7
"2012",111,"NGDP_RPCH",2011-01-26,3.1
"2013",111,"NGDP_RPCH",2011-01-26,3.1
"2014",111,"NGDP_RPCH",2011-01-26,3.5
"2015",111,"NGDP_RPCH",2011-01-26,3.8
"2016",111,"NGDP_RPCH",2011-01-26,3
"2017",111,"NGDP_RPCH",2011-01-26,2.5
"2018",111,"NGDP_RPCH",2011-01-26,2.4
"2019",111,"NGDP_RPCH",2011-01-26,2.4
"2020",111,"NGDP_RPCH",2011-01-26,2.4
"2021",111,"NGDP_RPCH",2011-01-26,2.3
"2010",111,"PCPIPCH",2011-01-26,1.7
"2011",111,"PCPIPCH",2011-01-26,1.6
"2012",111,"PCPIPCH",2011-01-26,1.3
"2013",111,"PCPIPCH",2011-01-26,1.6
"2014",111,"PCPIPCH",2011-01-26,1.8
"2015",111,"PCPIPCH",2011-01-26,2
"2016",111,"PCPIPCH",2011-01-26,2.2
"2017",111,"PCPIPCH",2011-01-26,2.4
"2018",111,"PCPIPCH",2011-01-26,2.3
"2019",111,"PCPIPCH",2011-01-26,2.3
"2020",111,"PCPIPCH",2011-01-26,2.3
"2021",111,"PCPIPCH",2011-01-26,2.3
"2011",111,"LUR",2011-08-24,8.9
"2012",111,"LUR",2011-08-24,8.7
"2013",111,"LUR",2011-08-24,8.7
"2014",111,"LUR",2011-08-24,7.9
"2015",111,"LUR",2011-08-24,6.1
"2016",111,"LUR",2011-08-24,5.4
"2017",111,"LUR",2011-08-24,5.2
"2018",111,"LUR",2011-08-24,5.2
"2019",111,"LUR",2011-08-24,5.2
"2020",111,"LUR",2011-08-24,5.2
"2021",111,"LUR",2011-08-24,5.2
"2011",111,"NGDP_RPCH",2011-08-24,2.4
"2012",111,"NGDP_RPCH",2011-08-24,2.6
"2013",111,"NGDP_RPCH",2011-08-24,1.7
"2014",111,"NGDP_RPCH",2011-08-24,4.4
"2015",111,"NGDP_RPCH",2011-08-24,5
"2016",111,"NGDP_RPCH",2011-08-24,3.2
"2017",111,"NGDP_RPCH",2011-08-24,2.8
"2018",111,"NGDP_RPCH",2011-08-24,2.5
"2019",111,"NGDP_RPCH",2011-08-24,2.5
"2020",111,"NGDP_RPCH",2011-08-24,2.3
"2021",111,"NGDP_RPCH",2011-08-24,2.3
"2011",111,"PCPIPCH",2011-08-24,2.9
"2012",111,"PCPIPCH",2011-08-24,1.5
"2013",111,"PCPIPCH",2011-08-24,1.3
"2014",111,"PCPIPCH",2011-08-24,1.3
"2015",111,"PCPIPCH",2011-08-24,1.8
"2016",111,"PCPIPCH",2011-08-24,2.1
"2017",111,"PCPIPCH",2011-08-24,2.3
"2018",111,"PCPIPCH",2011-08-24,2.3
"2019",111,"PCPIPCH",2011-08-24,2.3
"2020",111,"PCPIPCH",2011-08-24,2.3
"2021",111,"PCPIPCH",2011-08-24,2.3
"2011",111,"LUR",2012-01-31,9
"2012",111,"LUR",2012-01-31,8.8
"2013",111,"LUR",2012-01-31,9.1
"2014",111,"LUR",2012-01-31,8.7
"2015",111,"LUR",2012-01-31,7.4
"2016",111,"LUR",2012-01-31,6.3
"2017",111,"LUR",2012-01-31,5.7
"2018",111,"LUR",2012-01-31,5.5
"2019",111,"LUR",2012-01-31,5.5
"2020",111,"LUR",2012-01-31,5.4
"2021",111,"LUR",2012-01-31,5.4
"2022",111,"LUR",2012-01-31,5.3
"2011",111,"NGDP_RPCH",2012-01-31,1.7
"2012",111,"NGDP_RPCH",2012-01-31,2.2
"2013",111,"NGDP_RPCH",2012-01-31,1
"2014",111,"NGDP_RPCH",2012-01-31,3.6
"2015",111,"NGDP_RPCH",2012-01-31,4.9
"2016",111,"NGDP_RPCH",2012-01-31,4.2
"2017",111,"NGDP_RPCH",2012-01-31,3.3
"2018",111,"NGDP_RPCH",2012-01-31,2.8
"2019",111,"NGDP_RPCH",2012-01-31,2.6
"2020",111,"NGDP_RPCH",2012-01-31,2.5
"2021",111,"NGDP_RPCH",2012-01-31,2.4
"2022",111,"NGDP_RPCH",2012-01-31,2.4
"2011",111,"PCPIPCH",2012-01-31,3.2
"2012",111,"PCPIPCH",2012-01-31,1.7
"2013",111,"PCPIPCH",2012-01-31,1.5
"2014",111,"PCPIPCH",2012-01-31,1.5
"2015",111,"PCPIPCH",2012-01-31,1.7
"2016",111,"PCPIPCH",2012-01-31,2
"2017",111,"PCPIPCH",2012-01-31,2.2
"2018",111,"PCPIPCH",2012-01-31,2.3
"2019",111,"PCPIPCH",2012-01-31,2.3
"2020",111,"PCPIPCH",2012-01-31,2.3
"2021",111,"PCPIPCH",2012-01-31,2.3
"2022",111,"PCPIPCH",2012-01-31,2.3
"2012",111,"LUR",2012-08-22,8.2
"2013",111,"LUR",2012-08-22,8.8
"2014",111,"LUR",2012-08-22,8.7
"2015",111,"LUR",2012-08-22,7.7
"2016",111,"LUR",2012-08-22,6.7
"2017",111,"LUR",2012-08-22,5.9
"2018",111,"LUR",2012-08-22,5.5
"2019",111,"LUR",2012-08-22,5.5
"2020",111,"LUR",2012-08-22,5.4
"2021",111,"LUR",2012-08-22,5.4
"2022",111,"LUR",2012-08-22,5.3
"2012",111,"NGDP_RPCH",2012-08-22,2.1
"2013",111,"NGDP_RPCH",2012-08-22,-0.3
"2014",111,"NGDP_RPCH",2012-08-22,3.1
"2015",111,"NGDP_RPCH",2012-08-22,4.8
"2016",111,"NGDP_RPCH",2012-08-22,4.5
"2017",111,"NGDP_RPCH",2012-08-22,3.8
"2018",111,"NGDP_RPCH",2012-08-22,3.1
"2019",111,"NGDP_RPCH",2012-08-22,2.6
"2020",111,"NGDP_RPCH",2012-08-22,2.4
"2021",111,"NGDP_RPCH",2012-08-22,2.2
"2022",111,"NGDP_RPCH",2012-08-22,2.3
"2012",111,"PCPIPCH",2012-08-22,1.8
"2013",111,"PCPIPCH",2012-08-22,1.4
"2014",111,"PCPIPCH",2012-08-22,1.8
"2015",111,"PCPIPCH",2012-08-22,2
"2016",111,"PCPIPCH",2012-08-22,2.2
"2017",111,"PCPIPCH",2012-08-22,2.3
"2018",111,"PCPIPCH",2012-08-22,2.3
"2019",111,"PCPIPCH",2012-08-22,2.3
"2020",111,"PCPIPCH",2012-08-22,2.3
"2021",111,"PCPIPCH",2012-08-22,2.3
"2022",111,"PCPIPCH",2012-08-22,2.3
"2013",111,"LUR",2013-02-05,7.9
"2014",111,"LUR",2013-02-05,7.8
"2015",111,"LUR",2013-02-05,7.1
"2016",111,"LUR",2013-02-05,6.3
"2017",111,"LUR",2013-02-05,5.6
"2018",111,"LUR",2013-02-05,5.5
"2019",111,"LUR",2013-02-05,5.5
"2020",111,"LUR",2013-02-05,5.4
"2021",111,"LUR",2013-02-05,5.4
"2022",111,"LUR",2013-02-05,5.3
"2023",111,"LUR",2013-02-05,5.3
"2012",111,"NGDP_RPCH",2013-02-05,2.3
"2013",111,"NGDP_RPCH",2013-02-05,1.4
"2014",111,"NGDP_RPCH",2013-02-05,2.6
"2015",111,"NGDP_RPCH",2013-02-05,4.1
"2016",111,"NGDP_RPCH",2013-02-05,4.4
"2017",111,"NGDP_RPCH",2013-02-05,3.8
"2018",111,"NGDP_RPCH",2013-02-05,2.6
"2019",111,"NGDP_RPCH",2013-02-05,2.4
"2020",111,"NGDP_RPCH",2013-02-05,2.3
"2021",111,"NGDP_RPCH",2013-02-05,2.2
"2022",111,"NGDP_RPCH",2013-02-05,2.2
"2023",111,"NGDP_RPCH",2013-02-05,2.2
"2012",111,"PCPIPCH",2013-02-05,2.1
"2013",111,"PCPIPCH",2013-02-05,1.6
"2014",111,"PCPIPCH",2013-02-05,1.9
"2015",111,"PCPIPCH",2013-02-05,2.1
"2016",111,"PCPIPCH",2013-02-05,2.1
"2017",111,"PCPIPCH",2013-02-05,2.2
"2018",111,"PCPIPCH",2013-02-05,2.3
"2019",111,"PCPIPCH",2013-02-05,2.3
"2020",111,"PCPIPCH",2013-02-05,2.3
"2021",111,"PCPIPCH",2013-02-05,2.3
"2022",111,"PCPIPCH",2013-02-05,2.3
"2023",111,"PCPIPCH",2013-02-05,2.3
"2013",111,"LUR",2014-02-04,7.4
"2014",111,"LUR",2014-02-04,6.8
"2015",111,"LUR",2014-02-04,6.5
"2016",111,"LUR",2014-02-04,6.1
"2017",111,"LUR",2014-02-04,5.9
"2018",111,"LUR",2014-02-04,5.8
"2019",111,"LUR",2014-02-04,5.7
"2020",111,"LUR",2014-02-04,5.7
"2021",111,"LUR",2014-02-04,5.6
"2022",111,"LUR",2014-02-04,5.6
"2023",111,"LUR",2014-02-04,5.5
"2024",111,"LUR",2014-02-04,5.5
"2013",111,"NGDP_RPCH",2014-02-04,1.7
"2014",111,"NGDP_RPCH",2014-02-04,2.7
"2015",111,"NGDP_RPCH",2014-02-04,3.3
"2016",111,"NGDP_RPCH",2014-02-04,3.4
"2017",111,"NGDP_RPCH",2014-02-04,3
"2018",111,"NGDP_RPCH",2014-02-04,2.4
"2019",111,"NGDP_RPCH",2014-02-04,2.3
"2020",111,"NGDP_RPCH",2014-02-04,2.2
"2021",111,"NGDP_RPCH",2014-02-04,2.2
"2022",111,"NGDP_RPCH",2014-02-04,2.1
"2023",111,"NGDP_RPCH",2014-02-04,2.1
"2024",111,"NGDP_RPCH",2014-02-04,2
"2013",111,"PCPIPCH",2014-02-04,1.5
"2014",111,"PCPIPCH",2014-02-04,1.7
"2015",111,"PCPIPCH",2014-02-04,2
"2016",111,"PCPIPCH",2014-02-04,2.1
"2017",111,"PCPIPCH",2014-02-04,2.2
"2018",111,"PCPIPCH",2014-02-04,2.4
"2019",111,"PCPIPCH",2014-02-04,2.4
"2020",111,"PCPIPCH",2014-02-04,2.4
"2021",111,"PCPIPCH",2014-02-04,2.4
"2022",111,"PCPIPCH",2014-02-04,2.4
"2023",111,"PCPIPCH",2014-02-04,2.4
"2024",111,"PCPIPCH",2014-02-04,2.4
"2014",111,"LUR",2014-08-27,6.2
"2015",111,"LUR",2014-08-27,5.9
"2016",111,"LUR",2014-08-27,5.8
"2017",111,"LUR",2014-08-27,5.7
"2018",111,"LUR",2014-08-27,5.6
"2019",111,"LUR",2014-08-27,5.6
"2020",111,"LUR",2014-08-27,5.6
"2021",111,"LUR",2014-08-27,5.6
"2022",111,"LUR",2014-08-27,5.6
"2023",111,"LUR",2014-08-27,5.6
"2024",111,"LUR",2014-08-27,5.5
"2014",111,"NGDP_RPCH",2014-08-27,1.5
"2015",111,"NGDP_RPCH",2014-08-27,3.2
"2016",111,"NGDP_RPCH",2014-08-27,3.5
"2017",111,"NGDP_RPCH",2014-08-27,3
"2018",111,"NGDP_RPCH",2014-08-27,2.4
"2019",111,"NGDP_RPCH",2014-08-27,2.3
"2020",111,"NGDP_RPCH",2014-08-27,2.3
"2021",111,"NGDP_RPCH",2014-08-27,2.2
"2022",111,"NGDP_RPCH",2014-08-27,2.2
"2023",111,"NGDP_RPCH",2014-08-27,2.1
"2024",111,"NGDP_RPCH",2014-08-27,2
"2014",111,"PCPIPCH",2014-08-27,2
"2015",111,"PCPIPCH",2014-08-27,2.2
"2016",111,"PCPIPCH",2014-08-27,2
"2017",111,"PCPIPCH",2014-08-27,2.1
"2018",111,"PCPIPCH",2014-08-27,2.2
"2019",111,"PCPIPCH",2014-08-27,2.3
"2020",111,"PCPIPCH",2014-08-27,2.4
"2021",111,"PCPIPCH",2014-08-27,2.4
"2022",111,"PCPIPCH",2014-08-27,2.4
"2023",111,"PCPIPCH",2014-08-27,2.4
"2024",111,"PCPIPCH",2014-08-27,2.4
"2014",111,"LUR",2015-01-26,6.2
"2015",111,"LUR",2015-01-26,5.6
"2016",111,"LUR",2015-01-26,5.4
"2017",111,"LUR",2015-01-26,5.3
"2018",111,"LUR",2015-01-26,5.4
"2019",111,"LUR",2015-01-26,5.5
"2020",111,"LUR",2015-01-26,5.5
"2021",111,"LUR",2015-01-26,5.5
"2022",111,"LUR",2015-01-26,5.5
"2023",111,"LUR",2015-01-26,5.4
"2024",111,"LUR",2015-01-26,5.4
"2025",111,"LUR",2015-01-26,5.4
"2014",111,"NGDP_RPCH",2015-01-26,2.3
"2015",111,"NGDP_RPCH",2015-01-26,2.9
"2016",111,"NGDP_RPCH",2015-01-26,3
"2017",111,"NGDP_RPCH",2015-01-26,2.7
"2018",111,"NGDP_RPCH",2015-01-26,2.2
"2019",111,"NGDP_RPCH",2015-01-26,2.1
"2020",111,"NGDP_RPCH",2015-01-26,2.2
"2021",111,"NGDP_RPCH",2015-01-26,2.2
"2022",111,"NGDP_RPCH",2015-01-26,2.2
"2023",111,"NGDP_RPCH",2015-01-26,2.1
"2024",111,"NGDP_RPCH",2015-01-26,2.1
"2025",111,"NGDP_RPCH",2015-01-26,2.1
"2014",111,"PCPIPCH",2015-01-26,1.7
"2015",111,"PCPIPCH",2015-01-26,1.1
"2016",111,"PCPIPCH",2015-01-26,2.2
"2017",111,"PCPIPCH",2015-01-26,2.3
"2018",111,"PCPIPCH",2015-01-26,2.4
"2019",111,"PCPIPCH",2015-01-26,2.4
"2020",111,"PCPIPCH",2015-01-26,2.4
"2021",111,"PCPIPCH",2015-01-26,2.4
"2022",111,"PCPIPCH",2015-01-26,2.4
"2023",111,"PCPIPCH",2015-01-26,2.4
"2024",111,"PCPIPCH",2015-01-26,2.4
"2025",111,"PCPIPCH",2015-01-26,2.4
"2015",111,"LUR",2015-08-25,5.4
"2016",111,"LUR",2015-08-25,5.1
"2017",111,"LUR",2015-08-25,5
"2018",111,"LUR",2015-08-25,5
"2019",111,"LUR",2015-08-25,5.1
"2020",111,"LUR",2015-08-25,5.2
"2021",111,"LUR",2015-08-25,5.3
"2022",111,"LUR",2015-08-25,5.3
"2023",111,"LUR",2015-08-25,5.3
"2024",111,"LUR",2015-08-25,5.3
"2025",111,"LUR",2015-08-25,5.3
"2015",111,"NGDP_RPCH",2015-08-25,2.3
"2016",111,"NGDP_RPCH",2015-08-25,3
"2017",111,"NGDP_RPCH",2015-08-25,2.9
"2018",111,"NGDP_RPCH",2015-08-25,2.3
"2019",111,"NGDP_RPCH",2015-08-25,2.2
"2020",111,"NGDP_RPCH",2015-08-25,2.2
"2021",111,"NGDP_RPCH",2015-08-25,2.2
"2022",111,"NGDP_RPCH",2015-08-25,2.2
"2023",111,"NGDP_RPCH",2015-08-25,2.1
"2024",111,"NGDP_RPCH",2015-08-25,2.1
"2025",111,"NGDP_RPCH",2015-08-25,2.1
"2015",111,"PCPIPCH",2015-08-25,0.1
"2016",111,"PCPIPCH",2015-08-25,2.1
"2017",111,"PCPIPCH",2015-08-25,2.3
"2018",111,"PCPIPCH",2015-08-25,2.3
"2019",111,"PCPIPCH",2015-08-25,2.4
"2020",111,"PCPIPCH",2015-08-25,2.4
"2021",111,"PCPIPCH",2015-08-25,2.4
"2022",111,"PCPIPCH",2015-08-25,2.4
"2023",111,"PCPIPCH",2015-08-25,2.4
"2024",111,"PCPIPCH",2015-08-25,2.4
"2025",111,"PCPIPCH",2015-08-25,2.4
"2015",111,"LUR",2016-01-25,5.3
"2016",111,"LUR",2016-01-25,4.7
"2017",111,"LUR",2016-01-25,4.4
"2018",111,"LUR",2016-01-25,4.6
"2019",111,"LUR",2016-01-25,4.8
"2020",111,"LUR",2016-01-25,5
"2021",111,"LUR",2016-01-25,5
"2022",111,"LUR",2016-01-25,5
"2023",111,"LUR",2016-01-25,5
"2024",111,"LUR",2016-01-25,5
"2025",111,"LUR",2016-01-25,5
"2026",111,"LUR",2016-01-25,5
"2015",111,"NGDP_RPCH",2016-01-25,2.4
"2016",111,"NGDP_RPCH",2016-01-25,2.5
"2017",111,"NGDP_RPCH",2016-01-25,2.6
"2018",111,"NGDP_RPCH",2016-01-25,2.3
"2019",111,"NGDP_RPCH",2016-01-25,1.8
"2020",111,"NGDP_RPCH",2016-01-25,1.9
"2021",111,"NGDP_RPCH",2016-01-25,2.1
"2022",111,"NGDP_RPCH",2016-01-25,2.1
"2023",111,"NGDP_RPCH",2016-01-25,2.1
"2024",111,"NGDP_RPCH",2016-01-25,2
"2025",111,"NGDP_RPCH",2016-01-25,2
"2026",111,"NGDP_RPCH",2016-01-25,2
"2015",111,"PCPIPCH",2016-01-25,0.1
"2016",111,"PCPIPCH",2016-01-25,1.3
"2017",111,"PCPIPCH",2016-01-25,2.3
"2018",111,"PCPIPCH",2016-01-25,2.4
"2019",111,"PCPIPCH",2016-01-25,2.4
"2020",111,"PCPIPCH",2016-01-25,2.4
"2021",111,"PCPIPCH",2016-01-25,2.4
"2022",111,"PCPIPCH",2016-01-25,2.4
"2023",111,"PCPIPCH",2016-01-25,2.4
"2024",111,"PCPIPCH",2016-01-25,2.4
"2025",111,"PCPIPCH",2016-01-25,2.4
"2026",111,"PCPIPCH",2016-01-25,2.4
"2016",111,"LUR",2016-08-23,4.8
"2017",111,"LUR",2016-08-23,4.5
"2018",111,"LUR",2016-08-23,4.6
"2019",111,"LUR",2016-08-23,4.8
"2020",111,"LUR",2016-08-23,5
"2021",111,"LUR",2016-08-23,5
"2022",111,"LUR",2016-08-23,5
"2023",111,"LUR",2016-08-23,5
"2024",111,"LUR",2016-08-23,4.9
"2025",111,"LUR",2016-08-23,4.9
"2026",111,"LUR",2016-08-23,4.9
"2016",111,"NGDP_RPCH",2016-08-23,1.9
"2017",111,"NGDP_RPCH",2016-08-23,2.4
"2018",111,"NGDP_RPCH",2016-08-23,2.2
"2019",111,"NGDP_RPCH",2016-08-23,1.7
"2020",111,"NGDP_RPCH",2016-08-23,1.6
"2021",111,"NGDP_RPCH",2016-08-23,1.9
"2022",111,"NGDP_RPCH",2016-08-23,2
"2023",111,"NGDP_RPCH",2016-08-23,2
"2024",111,"NGDP_RPCH",2016-08-23,2
"2025",111,"NGDP_RPCH",2016-08-23,2
"2026",111,"NGDP_RPCH",2016-08-23,1.9
"2016",111,"PCPIPCH",2016-08-23,1.4
"2017",111,"PCPIPCH",2016-08-23,2.4
"2018",111,"PCPIPCH",2016-08-23,2.3
"2019",111,"PCPIPCH",2016-08-23,2.3
"2020",111,"PCPIPCH",2016-08-23,2.4
"2021",111,"PCPIPCH",2016-08-23,2.4
"2022",111,"PCPIPCH",2016-08-23,2.4
"2023",111,"PCPIPCH",2016-08-23,2.4
"2024",111,"PCPIPCH",2016-08-23,2.4
"2025",111,"PCPIPCH",2016-08-23,2.4
"2026",111,"PCPIPCH",2016-08-23,2.4
"2016",111,"LUR",2017-01-24,4.9
"2017",111,"LUR",2017-01-24,4.6
"2018",111,"LUR",2017-01-24,4.4
"2019",111,"LUR",2017-01-24,4.5
"2020",111,"LUR",2017-01-24,4.9
"2021",111,"LUR",2017-01-24,5
"2022",111,"LUR",2017-01-24,5
"2023",111,"LUR",2017-01-24,5
"2024",111,"LUR",2017-01-24,4.9
"2025",111,"LUR",2017-01-24,4.9
"2026",111,"LUR",2017-01-24,4.9
"2027",111,"LUR",2017-01-24,4.9
"2016",111,"NGDP_RPCH",2017-01-24,1.6
"2017",111,"NGDP_RPCH",2017-01-24,2.3
"2018",111,"NGDP_RPCH",2017-01-24,2
"2019",111,"NGDP_RPCH",2017-01-24,1.7
"2020",111,"NGDP_RPCH",2017-01-24,1.5
"2021",111,"NGDP_RPCH",2017-01-24,1.8
"2022",111,"NGDP_RPCH",2017-01-24,1.9
"2023",111,"NGDP_RPCH",2017-01-24,1.9
"2024",111,"NGDP_RPCH",2017-01-24,1.9
"2025",111,"NGDP_RPCH",2017-01-24,1.9
"2026",111,"NGDP_RPCH",2017-01-24,1.9
"2027",111,"NGDP_RPCH",2017-01-24,1.9
"2016",111,"PCPIPCH",2017-01-24,1.3
"2017",111,"PCPIPCH",2017-01-24,2.4
"2018",111,"PCPIPCH",2017-01-24,2.3
"2019",111,"PCPIPCH",2017-01-24,2.3
"2020",111,"PCPIPCH",2017-01-24,2.4
"2021",111,"PCPIPCH",2017-01-24,2.4
"2022",111,"PCPIPCH",2017-01-24,2.4
"2023",111,"PCPIPCH",2017-01-24,2.4
"2024",111,"PCPIPCH",2017-01-24,2.4
"2025",111,"PCPIPCH",2017-01-24,2.4
"2026",111,"PCPIPCH",2017-01-24,2.4
"2027",111,"PCPIPCH",2017-01-24,2.4
"2017",111,"LUR",2017-06-29,4.4
"2018",111,"LUR",2017-06-29,4.2
"2019",111,"LUR",2017-06-29,4.4
"2020",111,"LUR",2017-06-29,4.7
"2021",111,"LUR",2017-06-29,4.9
"2022",111,"LUR",2017-06-29,5
"2023",111,"LUR",2017-06-29,4.9
"2024",111,"LUR",2017-06-29,4.9
"2025",111,"LUR",2017-06-29,4.9
"2026",111,"LUR",2017-06-29,4.9
"2027",111,"LUR",2017-06-29,4.9
"2017",111,"NGDP_RPCH",2017-06-29,2.1
"2018",111,"NGDP_RPCH",2017-06-29,2.2
"2019",111,"NGDP_RPCH",2017-06-29,1.7
"2020",111,"NGDP_RPCH",2017-06-29,1.4
"2021",111,"NGDP_RPCH",2017-06-29,1.7
"2022",111,"NGDP_RPCH",2017-06-29,1.9
"2023",111,"NGDP_RPCH",2017-06-29,1.9
"2024",111,"NGDP_RPCH",2017-06-29,1.9
"2025",111,"NGDP_RPCH",2017-06-29,1.9
"2026",111,"NGDP_RPCH",2017-06-29,1.9
"2027",111,"NGDP_RPCH",2017-06-29,1.9
"2017",111,"PCPIPCH",2017-06-29,2.3
"2018",111,"PCPIPCH",2017-06-29,2.2
"2019",111,"PCPIPCH",2017-06-29,2.3
"2020",111,"PCPIPCH",2017-06-29,2.4
"2021",111,"PCPIPCH",2017-06-29,2.4
"2022",111,"PCPIPCH",2017-06-29,2.4
"2023",111,"PCPIPCH",2017-06-29,2.4
"2024",111,"PCPIPCH",2017-06-29,2.4
"2025",111,"PCPIPCH",2017-06-29,2.4
"2026",111,"PCPIPCH",2017-06-29,2.4
"2027",111,"PCPIPCH",2017-06-29,2.4
"2018",111,"LUR",2018-04-09,3.8
"2019",111,"LUR",2018-04-09,3.3
"2020",111,"LUR",2018-04-09,3.6
"2021",111,"LUR",2018-04-09,4.1
"2022",111,"LUR",2018-04-09,4.6
"2023",111,"LUR",2018-04-09,4.7
"2024",111,"LUR",2018-04-09,4.8
"2025",111,"LUR",2018-04-09,4.8
"2026",111,"LUR",2018-04-09,4.9
"2027",111,"LUR",2018-04-09,4.8
"2028",111,"LUR",2018-04-09,4.8
"2018",111,"NGDP_RPCH",2018-04-09,3
"2019",111,"NGDP_RPCH",2018-04-09,2.9
"2020",111,"NGDP_RPCH",2018-04-09,2
"2021",111,"NGDP_RPCH",2018-04-09,1.5
"2022",111,"NGDP_RPCH",2018-04-09,1.5
"2023",111,"NGDP_RPCH",2018-04-09,1.6
"2024",111,"NGDP_RPCH",2018-04-09,1.7
"2025",111,"NGDP_RPCH",2018-04-09,1.8
"2026",111,"NGDP_RPCH",2018-04-09,1.7
"2027",111,"NGDP_RPCH",2018-04-09,1.8
"2028",111,"NGDP_RPCH",2018-04-09,1.8
"2018",111,"PCPIPCH",2018-04-09,2.2
"2019",111,"PCPIPCH",2018-04-09,2.2
"2020",111,"PCPIPCH",2018-04-09,2.4
"2021",111,"PCPIPCH",2018-04-09,2.5
"2022",111,"PCPIPCH",2018-04-09,2.5
"2023",111,"PCPIPCH",2018-04-09,2.4
"2024",111,"PCPIPCH",2018-04-09,2.4
"2025",111,"PCPIPCH",2018-04-09,2.4
"2026",111,"PCPIPCH",2018-04-09,2.4
"2027",111,"PCPIPCH",2018-04-09,2.4
"2028",111,"PCPIPCH",2018-04-09,2.4
"2018",111,"LUR",2018-08-13,3.8
"2019",111,"LUR",2018-08-13,3.4
"2020",111,"LUR",2018-08-13,3.6
"2021",111,"LUR",2018-08-13,4.1
"2022",111,"LUR",2018-08-13,4.6
"2023",111,"LUR",2018-08-13,4.7
"2024",111,"LUR",2018-08-13,4.8
"2025",111,"LUR",2018-08-13,4.8
"2026",111,"LUR",2018-08-13,4.9
"2027",111,"LUR",2018-08-13,4.9
"2028",111,"LUR",2018-08-13,4.8
"2018",111,"NGDP_RPCH",2018-08-13,3
"2019",111,"NGDP_RPCH",2018-08-13,2.8
"2020",111,"NGDP_RPCH",2018-08-13,1.9
"2021",111,"NGDP_RPCH",2018-08-13,1.6
"2022",111,"NGDP_RPCH",2018-08-13,1.6
"2023",111,"NGDP_RPCH",2018-08-13,1.6
"2024",111,"NGDP_RPCH",2018-08-13,1.7
"2025",111,"NGDP_RPCH",2018-08-13,1.8
"2026",111,"NGDP_RPCH",2018-08-13,1.6
"2027",111,"NGDP_RPCH",2018-08-13,1.8
"2028",111,"NGDP_RPCH",2018-08-13,1.8
"2018",111,"PCPIPCH",2018-08-13,2.5
"2019",111,"PCPIPCH",2018-08-13,2.2
"2020",111,"PCPIPCH",2018-08-13,2.5
"2021",111,"PCPIPCH",2018-08-13,2.5
"2022",111,"PCPIPCH",2018-08-13,2.5
"2023",111,"PCPIPCH",2018-08-13,2.4
"2024",111,"PCPIPCH",2018-08-13,2.4
"2025",111,"PCPIPCH",2018-08-13,2.4
"2026",111,"PCPIPCH",2018-08-13,2.4
"2027",111,"PCPIPCH",2018-08-13,2.4
"2028",111,"PCPIPCH",2018-08-13,2.4
"2018",111,"LUR",2019-01-28,3.9
"2019",111,"LUR",2019-01-28,3.5
"2020",111,"LUR",2019-01-28,3.7
"2021",111,"LUR",2019-01-28,4.2
"2022",111,"LUR",2019-01-28,4.6
"2023",111,"LUR",2019-01-28,4.8
"2024",111,"LUR",2019-01-28,4.8
"2025",111,"LUR",2019-01-28,4.8
"2026",111,"LUR",2019-01-28,4.8
"2027",111,"LUR",2019-01-28,4.8
"2028",111,"LUR",2019-01-28,4.7
"2029",111,"LUR",2019-01-28,4.7
"2018",111,"NGDP_RPCH",2019-01-28,2.9
"2019",111,"NGDP_RPCH",2019-01-28,2.7
"2020",111,"NGDP_RPCH",2019-01-28,1.9
"2021",111,"NGDP_RPCH",2019-01-28,1.6
"2022",111,"NGDP_RPCH",2019-01-28,1.6
"2023",111,"NGDP_RPCH",2019-01-28,1.7
"2024",111,"NGDP_RPCH",2019-01-28,1.8
"2025",111,"NGDP_RPCH",2019-01-28,1.8
"2026",111,"NGDP_RPCH",2019-01-28,1.7
"2027",111,"NGDP_RPCH",2019-01-28,1.8
"2028",111,"NGDP_RPCH",2019-01-28,1.8
"2029",111,"NGDP_RPCH",2019-01-28,1.8
"2018",111,"PCPIPCH",2019-01-28,2.5
"2019",111,"PCPIPCH",2019-01-28,2.1
"2020",111,"PCPIPCH",2019-01-28,2.6
"2021",111,"PCPIPCH",2019-01-28,2.6
"2022",111,"PCPIPCH",2019-01-28,2.5
"2023",111,"PCPIPCH",2019-01-28,2.5
"2024",111,"PCPIPCH",2019-01-28,2.4
"2025",111,"PCPIPCH",2019-01-28,2.3
"2026",111,"PCPIPCH",2019-01-28,2.3
"2027",111,"PCPIPCH",2019-01-28,2.3
"2028",111,"PCPIPCH",2019-01-28,2.3
"2029",111,"PCPIPCH",2019-01-28,2.4
"2019",111,"LUR",2019-08-21,3.7
"2020",111,"LUR",2019-08-21,3.7
"2021",111,"LUR",2019-08-21,3.9
"2022",111,"LUR",2019-08-21,4.2
"2023",111,"LUR",2019-08-21,4.5
"2024",111,"LUR",2019-08-21,4.7
"2025",111,"LUR",2019-08-21,4.7
"2026",111,"LUR",2019-08-21,4.8
"2027",111,"LUR",2019-08-21,4.7
"2028",111,"LUR",2019-08-21,4.7
"2029",111,"LUR",2019-08-21,4.6
"2019",111,"NGDP_RPCH",2019-08-21,2.6
"2020",111,"NGDP_RPCH",2019-08-21,2.1
"2021",111,"NGDP_RPCH",2019-08-21,1.8
"2022",111,"NGDP_RPCH",2019-08-21,1.7
"2023",111,"NGDP_RPCH",2019-08-21,1.7
"2024",111,"NGDP_RPCH",2019-08-21,1.7
"2025",111,"NGDP_RPCH",2019-08-21,1.8
"2026",111,"NGDP_RPCH",2019-08-21,1.7
"2027",111,"NGDP_RPCH",2019-08-21,1.8
"2028",111,"NGDP_RPCH",2019-08-21,1.8
"2029",111,"NGDP_RPCH",2019-08-21,1.8
"2019",111,"PCPIPCH",2019-08-21,1.9
"2020",111,"PCPIPCH",2019-08-21,2.4
"2021",111,"PCPIPCH",2019-08-21,2.5
"2022",111,"PCPIPCH",2019-08-21,2.5
"2023",111,"PCPIPCH",2019-08-21,2.4
"2024",111,"PCPIPCH",2019-08-21,2.4
"2025",111,"PCPIPCH",2019-08-21,2.3
"2026",111,"PCPIPCH",2019-08-21,2.3
"2027",111,"PCPIPCH",2019-08-21,2.3
"2028",111,"PCPIPCH",2019-08-21,2.3
"2029",111,"PCPIPCH",2019-08-21,2.3
"2019",111,"LUR",2020-01-28,3.7
"2020",111,"LUR",2020-01-28,3.5
"2021",111,"LUR",2020-01-28,3.5
"2022",111,"LUR",2020-01-28,3.8
"2023",111,"LUR",2020-01-28,4.1
"2024",111,"LUR",2020-01-28,4.4
"2025",111,"LUR",2020-01-28,4.5
"2026",111,"LUR",2020-01-28,4.6
"2027",111,"LUR",2020-01-28,4.6
"2028",111,"LUR",2020-01-28,4.5
"2029",111,"LUR",2020-01-28,4.5
"2030",111,"LUR",2020-01-28,4.4
"2019",111,"NGDP_RPCH",2020-01-28,2.3
"2020",111,"NGDP_RPCH",2020-01-28,2.2
"2021",111,"NGDP_RPCH",2020-01-28,1.9
"2022",111,"NGDP_RPCH",2020-01-28,1.7
"2023",111,"NGDP_RPCH",2020-01-28,1.6
"2024",111,"NGDP_RPCH",2020-01-28,1.6
"2025",111,"NGDP_RPCH",2020-01-28,1.5
"2026",111,"NGDP_RPCH",2020-01-28,1.6
"2027",111,"NGDP_RPCH",2020-01-28,1.7
"2028",111,"NGDP_RPCH",2020-01-28,1.7
"2029",111,"NGDP_RPCH",2020-01-28,1.7
"2030",111,"NGDP_RPCH",2020-01-28,1.7
"2019",111,"PCPIPCH",2020-01-28,1.8
"2020",111,"PCPIPCH",2020-01-28,2.4
"2021",111,"PCPIPCH",2020-01-28,2.5
"2022",111,"PCPIPCH",2020-01-28,2.6
"2023",111,"PCPIPCH",2020-01-28,2.5
"2024",111,"PCPIPCH",2020-01-28,2.4
"2025",111,"PCPIPCH",2020-01-28,2.3
"2026",111,"PCPIPCH",2020-01-28,2.3
"2027",111,"PCPIPCH",2020-01-28,2.2
"2028",111,"PCPIPCH",2020-01-28,2.2
"2029",111,"PCPIPCH",2020-01-28,2.2
"2030",111,"PCPIPCH",2020-01-28,2.2
"2020",111,"LUR",2020-07-02,10.6
"2021",111,"LUR",2020-07-02,8.4
"2022",111,"LUR",2020-07-02,7.1
"2023",111,"LUR",2020-07-02,6.5
"2024",111,"LUR",2020-07-02,6
"2025",111,"LUR",2020-07-02,5.6
"2026",111,"LUR",2020-07-02,5.2
"2027",111,"LUR",2020-07-02,4.8
"2028",111,"LUR",2020-07-02,4.5
"2029",111,"LUR",2020-07-02,4.4
"2030",111,"LUR",2020-07-02,4.4
"2020",111,"NGDP_RPCH",2020-07-02,-5.8
"2021",111,"NGDP_RPCH",2020-07-02,4
"2022",111,"NGDP_RPCH",2020-07-02,2.9
"2023",111,"NGDP_RPCH",2020-07-02,2.1
"2024",111,"NGDP_RPCH",2020-07-02,2.3
"2025",111,"NGDP_RPCH",2020-07-02,2.3
"2026",111,"NGDP_RPCH",2020-07-02,2.4
"2027",111,"NGDP_RPCH",2020-07-02,2.3
"2028",111,"NGDP_RPCH",2020-07-02,2.1
"2029",111,"NGDP_RPCH",2020-07-02,1.9
"2030",111,"NGDP_RPCH",2020-07-02,1.8
"2020",111,"PCPIPCH",2020-07-02,0.9
"2021",111,"PCPIPCH",2020-07-02,1.2
"2022",111,"PCPIPCH",2020-07-02,1.9
"2023",111,"PCPIPCH",2020-07-02,2.2
"2024",111,"PCPIPCH",2020-07-02,2.2
"2025",111,"PCPIPCH",2020-07-02,2.3
"2026",111,"PCPIPCH",2020-07-02,2.2
"2027",111,"PCPIPCH",2020-07-02,2.2
"2028",111,"PCPIPCH",2020-07-02,2.2
"2029",111,"PCPIPCH",2020-07-02,2.2
"2030",111,"PCPIPCH",2020-07-02,2.2
"2020",111,"LUR",2021-02-01,8.1
"2021",111,"LUR",2021-02-01,5.7
"2022",111,"LUR",2021-02-01,5
"2023",111,"LUR",2021-02-01,4.7
"2024",111,"LUR",2021-02-01,4.4
"2025",111,"LUR",2021-02-01,4.1
"2026",111,"LUR",2021-02-01,3.9
"2027",111,"LUR",2021-02-01,3.9
"2028",111,"LUR",2021-02-01,4
"2029",111,"LUR",2021-02-01,4.1
"2030",111,"LUR",2021-02-01,4.3
"2031",111,"LUR",2021-02-01,4.3
"2020",111,"NGDP_RPCH",2021-02-01,-3.4
"2021",111,"NGDP_RPCH",2021-02-01,4.6
"2022",111,"NGDP_RPCH",2021-02-01,2.9
"2023",111,"NGDP_RPCH",2021-02-01,2.2
"2024",111,"NGDP_RPCH",2021-02-01,2.3
"2025",111,"NGDP_RPCH",2021-02-01,2.3
"2026",111,"NGDP_RPCH",2021-02-01,1.9
"2027",111,"NGDP_RPCH",2021-02-01,1.6
"2028",111,"NGDP_RPCH",2021-02-01,1.6
"2029",111,"NGDP_RPCH",2021-02-01,1.6
"2030",111,"NGDP_RPCH",2021-02-01,1.5
"2031",111,"NGDP_RPCH",2021-02-01,1.6
"2020",111,"PCPIPCH",2021-02-01,1.2
"2021",111,"PCPIPCH",2021-02-01,1.9
"2022",111,"PCPIPCH",2021-02-01,2.1
"2023",111,"PCPIPCH",2021-02-01,2.3
"2024",111,"PCPIPCH",2021-02-01,2.3
"2025",111,"PCPIPCH",2021-02-01,2.4
"2026",111,"PCPIPCH",2021-02-01,2.4
"2027",111,"PCPIPCH",2021-02-01,2.4
"2028",111,"PCPIPCH",2021-02-01,2.5
"2029",111,"PCPIPCH",2021-02-01,2.4
"2030",111,"PCPIPCH",2021-02-01,2.4
"2031",111,"PCPIPCH",2021-02-01,2.3
"2021",111,"LUR",2021-07-01,5.5
"2022",111,"LUR",2021-07-01,3.8
"2023",111,"LUR",2021-07-01,3.7
"2024",111,"LUR",2021-07-01,4
"2025",111,"LUR",2021-07-01,4.2
"2026",111,"LUR",2021-07-01,4.3
"2027",111,"LUR",2021-07-01,4.3
"2028",111,"LUR",2021-07-01,4.3
"2029",111,"LUR",2021-07-01,4.4
"2030",111,"LUR",2021-07-01,4.5
"2031",111,"LUR",2021-07-01,4.5
"2021",111,"NGDP_RPCH",2021-07-01,6.7
"2022",111,"NGDP_RPCH",2021-07-01,5
"2023",111,"NGDP_RPCH",2021-07-01,1.5
"2024",111,"NGDP_RPCH",2021-07-01,1.1
"2025",111,"NGDP_RPCH",2021-07-01,1.3
"2026",111,"NGDP_RPCH",2021-07-01,1.4
"2027",111,"NGDP_RPCH",2021-07-01,1.6
"2028",111,"NGDP_RPCH",2021-07-01,1.6
"2029",111,"NGDP_RPCH",2021-07-01,1.5
"2030",111,"NGDP_RPCH",2021-07-01,1.6
"2031",111,"NGDP_RPCH",2021-07-01,1.7
"2021",111,"PCPIPCH",2021-07-01,3.3
"2022",111,"PCPIPCH",2021-07-01,2.5
"2023",111,"PCPIPCH",2021-07-01,2.3
"2024",111,"PCPIPCH",2021-07-01,2.4
"2025",111,"PCPIPCH",2021-07-01,2.4
"2026",111,"PCPIPCH",2021-07-01,2.4
"2027",111,"PCPIPCH",2021-07-01,2.5
"2028",111,"PCPIPCH",2021-07-01,2.4
"2029",111,"PCPIPCH",2021-07-01,2.4
"2030",111,"PCPIPCH",2021-07-01,2.3
"2031",111,"PCPIPCH",2021-07-01,2.3
"2022",111,"LUR",2022-05-25,3.8
"2023",111,"LUR",2022-05-25,3.5
"2024",111,"LUR",2022-05-25,3.7
"2025",111,"LUR",2022-05-25,3.9
"2026",111,"LUR",2022-05-25,4
"2027",111,"LUR",2022-05-25,4.2
"2028",111,"LUR",2022-05-25,4.5
"2029",111,"LUR",2022-05-25,4.5
"2030",111,"LUR",2022-05-25,4.6
"2031",111,"LUR",2022-05-25,4.5
"2032",111,"LUR",2022-05-25,4.5
"2022",111,"NGDP_RPCH",2022-05-25,3.8
"2023",111,"NGDP_RPCH",2022-05-25,2.8
"2024",111,"NGDP_RPCH",2022-05-25,1.6
"2025",111,"NGDP_RPCH",2022-05-25,1.5
"2026",111,"NGDP_RPCH",2022-05-25,1.4
"2027",111,"NGDP_RPCH",2022-05-25,1.6
"2028",111,"NGDP_RPCH",2022-05-25,1.7
"2029",111,"NGDP_RPCH",2022-05-25,1.8
"2030",111,"NGDP_RPCH",2022-05-25,1.8
"2031",111,"NGDP_RPCH",2022-05-25,1.7
"2032",111,"NGDP_RPCH",2022-05-25,1.7
"2022",111,"PCPIPCH",2022-05-25,6.1
"2023",111,"PCPIPCH",2022-05-25,3.1
"2024",111,"PCPIPCH",2022-05-25,2.4
"2025",111,"PCPIPCH",2022-05-25,2.3
"2026",111,"PCPIPCH",2022-05-25,2.3
"2027",111,"PCPIPCH",2022-05-25,2.3
"2028",111,"PCPIPCH",2022-05-25,2.4
"2029",111,"PCPIPCH",2022-05-25,2.4
"2030",111,"PCPIPCH",2022-05-25,2.4
"2031",111,"PCPIPCH",2022-05-25,2.3
"2032",111,"PCPIPCH",2022-05-25,2.3
"2022",111,"LUR",2023-02-15,3.7
"2023",111,"LUR",2023-02-15,4.7
"2024",111,"LUR",2023-02-15,4.9
"2025",111,"LUR",2023-02-15,4.7
"2026",111,"LUR",2023-02-15,4.6
"2027",111,"LUR",2023-02-15,4.5
"2028",111,"LUR",2023-02-15,4.5
"2029",111,"LUR",2023-02-15,4.5
"2030",111,"LUR",2023-02-15,4.5
"2031",111,"LUR",2023-02-15,4.5
"2032",111,"LUR",2023-02-15,4.5
"2033",111,"LUR",2023-02-15,4.5
"2022",111,"NGDP_RPCH",2023-02-15,1.9
"2023",111,"NGDP_RPCH",2023-02-15,0.3
"2024",111,"NGDP_RPCH",2023-02-15,1.8
"2025",111,"NGDP_RPCH",2023-02-15,2.7
"2026",111,"NGDP_RPCH",2023-02-15,2.4
"2027",111,"NGDP_RPCH",2023-02-15,2.3
"2028",111,"NGDP_RPCH",2023-02-15,2
"2029",111,"NGDP_RPCH",2023-02-15,1.9
"2030",111,"NGDP_RPCH",2023-02-15,1.9
"2031",111,"NGDP_RPCH",2023-02-15,1.8
"2032",111,"NGDP_RPCH",2023-02-15,1.8
"2033",111,"NGDP_RPCH",2023-02-15,1.7
"2022",111,"PCPIPCH",2023-02-15,8.1
"2023",111,"PCPIPCH",2023-02-15,4.8
"2024",111,"PCPIPCH",2023-02-15,3
"2025",111,"PCPIPCH",2023-02-15,2.2
"2026",111,"PCPIPCH",2023-02-15,2.1
"2027",111,"PCPIPCH",2023-02-15,2.1
"2028",111,"PCPIPCH",2023-02-15,2.2
"2029",111,"PCPIPCH",2023-02-15,2.3
"2030",111,"PCPIPCH",2023-02-15,2.3
"2031",111,"PCPIPCH",2023-02-15,2.3
"2032",111,"PCPIPCH",2023-02-15,2.3
"2033",111,"PCPIPCH",2023-02-15,2.3
"2023",111,"LUR",2023-07-26,3.7
"2024",111,"LUR",2023-07-26,4.5
"2025",111,"LUR",2023-07-26,4.6
"2023",111,"NGDP_RPCH",2023-07-26,1.5
"2024",111,"NGDP_RPCH",2023-07-26,1
"2025",111,"NGDP_RPCH",2023-07-26,2.2
"2023",111,"PCPIPCH",2023-07-26,4.2
"2024",111,"PCPIPCH",2023-07-26,2.9
"2025",111,"PCPIPCH",2023-07-26,2.3
"2023",111,"LUR",2024-02-07,3.7
"2024",111,"LUR",2024-02-07,4.2
"2025",111,"LUR",2024-02-07,4.4
"2026",111,"LUR",2024-02-07,4.3
"2027",111,"LUR",2024-02-07,4.4
"2028",111,"LUR",2024-02-07,4.4
"2029",111,"LUR",2024-02-07,4.5
"2030",111,"LUR",2024-02-07,4.5
"2031",111,"LUR",2024-02-07,4.5
"2032",111,"LUR",2024-02-07,4.5
"2033",111,"LUR",2024-02-07,4.5
"2034",111,"LUR",2024-02-07,4.5
"2023",111,"NGDP_RPCH",2024-02-07,2.4
"2024",111,"NGDP_RPCH",2024-02-07,1.8
"2025",111,"NGDP_RPCH",2024-02-07,2
"2026",111,"NGDP_RPCH",2024-02-07,2.2
"2027",111,"NGDP_RPCH",2024-02-07,2.2
"2028",111,"NGDP_RPCH",2024-02-07,2.1
"2029",111,"NGDP_RPCH",2024-02-07,2.1
"2030",111,"NGDP_RPCH",2024-02-07,2
"2031",111,"NGDP_RPCH",2024-02-07,2
"2032",111,"NGDP_RPCH",2024-02-07,1.9
"2033",111,"NGDP_RPCH",2024-02-07,1.9
"2034",111,"NGDP_RPCH",2024-02-07,1.8
"2023",111,"PCPIPCH",2024-02-07,4.1
"2024",111,"PCPIPCH",2024-02-07,2.6
"2025",111,"PCPIPCH",2024-02-07,2.5
"2026",111,"PCPIPCH",2024-02-07,2.3
"2027",111,"PCPIPCH",2024-02-07,2.2
"2028",111,"PCPIPCH",2024-02-07,2.2
"2029",111,"PCPIPCH",2024-02-07,2.2
"2030",111,"PCPIPCH",2024-02-07,2.2
"2031",111,"PCPIPCH",2024-02-07,2.2
"2032",111,"PCPIPCH",2024-02-07,2.3
"2033",111,"PCPIPCH",2024-02-07,2.3
"2034",111,"PCPIPCH",2024-02-07,2.3
"2024",111,"LUR",2024-06-18,3.9
"2025",111,"LUR",2024-06-18,4
"2026",111,"LUR",2024-06-18,4.2
"2027",111,"LUR",2024-06-18,4.3
"2028",111,"LUR",2024-06-18,4.4
"2029",111,"LUR",2024-06-18,4.5
"2030",111,"LUR",2024-06-18,4.5
"2031",111,"LUR",2024-06-18,4.5
"2032",111,"LUR",2024-06-18,4.5
"2033",111,"LUR",2024-06-18,4.5
"2034",111,"LUR",2024-06-18,4.4
"2024",111,"NGDP_RPCH",2024-06-18,2.6
"2025",111,"NGDP_RPCH",2024-06-18,2.1
"2026",111,"NGDP_RPCH",2024-06-18,1.8
"2027",111,"NGDP_RPCH",2024-06-18,1.7
"2028",111,"NGDP_RPCH",2024-06-18,1.7
"2029",111,"NGDP_RPCH",2024-06-18,1.8
"2030",111,"NGDP_RPCH",2024-06-18,1.8
"2031",111,"NGDP_RPCH",2024-06-18,1.8
"2032",111,"NGDP_RPCH",2024-06-18,1.8
"2033",111,"NGDP_RPCH",2024-06-18,1.8
"2034",111,"NGDP_RPCH",2024-06-18,1.7
"2024",111,"PCPIPCH",2024-06-18,3.2
"2025",111,"PCPIPCH",2024-06-18,2.4
"2026",111,"PCPIPCH",2024-06-18,2.2
"2027",111,"PCPIPCH",2024-06-18,2.2
"2028",111,"PCPIPCH",2024-06-18,2.2
"2029",111,"PCPIPCH",2024-06-18,2.2
"2030",111,"PCPIPCH",2024-06-18,2.2
"2031",111,"PCPIPCH",2024-06-18,2.2
"2032",111,"PCPIPCH",2024-06-18,2.2
"2033",111,"PCPIPCH",2024-06-18,2.2
"2034",111,"PCPIPCH",2024-06-18,2.2
"2024",111,"LUR",2025-01-17,4
"2025",111,"LUR",2025-01-17,4.3
"2026",111,"LUR",2025-01-17,4.4
"2027",111,"LUR",2025-01-17,4.4
"2028",111,"LUR",2025-01-17,4.4
"2029",111,"LUR",2025-01-17,4.4
"2030",111,"LUR",2025-01-17,4.4
"2031",111,"LUR",2025-01-17,4.4
"2032",111,"LUR",2025-01-17,4.4
"2033",111,"LUR",2025-01-17,4.3
"2034",111,"LUR",2025-01-17,4.3
"2035",111,"LUR",2025-01-17,4.3
"2024",111,"NGDP_RPCH",2025-01-17,2.7
"2025",111,"NGDP_RPCH",2025-01-17,2.1
"2026",111,"NGDP_RPCH",2025-01-17,1.8
"2027",111,"NGDP_RPCH",2025-01-17,1.8
"2028",111,"NGDP_RPCH",2025-01-17,1.7
"2029",111,"NGDP_RPCH",2025-01-17,1.8
"2030",111,"NGDP_RPCH",2025-01-17,1.8
"2031",111,"NGDP_RPCH",2025-01-17,1.8
"2032",111,"NGDP_RPCH",2025-01-17,1.8
"2033",111,"NGDP_RPCH",2025-01-17,1.8
"2034",111,"NGDP_RPCH",2025-01-17,1.8
"2035",111,"NGDP_RPCH",2025-01-17,1.8
"2024",111,"PCPIPCH",2025-01-17,2.9
"2025",111,"PCPIPCH",2025-01-17,2.2
"2026",111,"PCPIPCH",2025-01-17,2.4
"2027",111,"PCPIPCH",2025-01-17,2.3
"2028",111,"PCPIPCH",2025-01-17,2.3
"2029",111,"PCPIPCH",2025-01-17,2.2
"2030",111,"PCPIPCH",2025-01-17,2.2
"2031",111,"PCPIPCH",2025-01-17,2.2
"2032",111,"PCPIPCH",2025-01-17,2.2
"2033",111,"PCPIPCH",2025-01-17,2.2
"2034",111,"PCPIPCH",2025-01-17,2.2
"2035",111,"PCPIPCH",2025-01-17,2.3
"2025",111,"LUR",2025-09-12,4.3
"2026",111,"LUR",2025-09-12,4.4
"2027",111,"LUR",2025-09-12,4.4
"2028",111,"LUR",2025-09-12,4.4
"2025",111,"NGDP_RPCH",2025-09-12,1.7
"2026",111,"NGDP_RPCH",2025-09-12,2
"2027",111,"NGDP_RPCH",2025-09-12,1.9
"2028",111,"NGDP_RPCH",2025-09-12,1.8
"2025",111,"PCPIPCH",2025-09-12,2.8
"2026",111,"PCPIPCH",2025-09-12,2.7
"2027",111,"PCPIPCH",2025-09-12,2.2
"2028",111,"PCPIPCH",2025-09-12,2.2
"2025",111,"LUR",2026-02-11,4.3
"2026",111,"LUR",2026-02-11,4.6
"2027",111,"LUR",2026-02-11,4.5
"2028",111,"LUR",2026-02-11,4.5
"2029",111,"LUR",2026-02-11,4.4
"2030",111,"LUR",2026-02-11,4.3
"2031",111,"LUR",2026-02-11,4.3
"2032",111,"LUR",2026-02-11,4.3
"2033",111,"LUR",2026-02-11,4.2
"2034",111,"LUR",2026-02-11,4.2
"2035",111,"LUR",2026-02-11,4.2
"2036",111,"LUR",2026-02-11,4.2
"2025",111,"NGDP_RPCH",2026-02-11,2
"2026",111,"NGDP_RPCH",2026-02-11,2.4
"2027",111,"NGDP_RPCH",2026-02-11,1.9
"2028",111,"NGDP_RPCH",2026-02-11,1.8
"2029",111,"NGDP_RPCH",2026-02-11,1.8
"2030",111,"NGDP_RPCH",2026-02-11,1.8
"2031",111,"NGDP_RPCH",2026-02-11,1.8
"2032",111,"NGDP_RPCH",2026-02-11,1.8
"2033",111,"NGDP_RPCH",2026-02-11,1.8
"2034",111,"NGDP_RPCH",2026-02-11,1.8
"2035",111,"NGDP_RPCH",2026-02-11,1.8
"2036",111,"NGDP_RPCH",2026-02-11,1.8
"2025",111,"PCPIPCH",2026-02-11,2.8
"2026",111,"PCPIPCH",2026-02-11,2.9
"2027",111,"PCPIPCH",2026-02-11,2.5
"2028",111,"PCPIPCH",2026-02-11,2.4
"2029",111,"PCPIPCH",2026-02-11,2.3
"2030",111,"PCPIPCH",2026-02-11,2.3
"2031",111,"PCPIPCH",2026-02-11,2.3
"2032",111,"PCPIPCH",2026-02-11,2.3
"2033",111,"PCPIPCH",2026-02-11,2.3
"2034",111,"PCPIPCH",2026-02-11,2.3
"2035",111,"PCPIPCH",2026-02-11,2.3
"2036",111,"PCPIPCH",2026-02-11,2.3
