"pubdate","file_url","report","report_url","date_source","archive_url"
"2000-01-26","https://www.cbo.gov/system/files/2025-02/51135-2000-01-economicprojections.xlsx","The Budget and Economic Outlook: Fiscal Years 2001-2010","https://www.cbo.gov/publication/12069","the report's HTML edition (www.cbo.gov/showdoc.cfm?index=1820&sequence=0, Internet Archive capture 20020521005704), errata note: 'versions of this report that were electronically released January 26, 2000' (the publication page shows the placeholder January 1, 2000)","https://web.archive.org/web/20250613151630id_/https://www.cbo.gov/system/files/2025-02/51135-2000-01-economicprojections.xlsx"
"2000-07-18","https://www.cbo.gov/system/files/2025-02/51135-2000-07-economicprojections.xlsx","The Budget and Economic Outlook: An Update","https://www.cbo.gov/publication/12477","Center on Budget and Policy Priorities, 'How Much of the New CBO Surplus Is Available?', 18 July 2000 (www.cbpp.org/7-18-00bud.htm, Internet Archive): 'The Congressional Budget Office today released new baseline budget projections' (the publication page shows the placeholder July 1, 2000)","https://web.archive.org/web/20250523010144id_/https://www.cbo.gov/system/files/2025-02/51135-2000-07-economicprojections.xlsx"
"2001-01-31","https://www.cbo.gov/system/files/2025-02/51135-2001-01-economicprojections.xlsx","The Budget and Economic Outlook: Fiscal Years 2002-2011","https://www.cbo.gov/publication/12958","PBS NewsHour, 2 March 2001 (www.pbs.org/newshour/show/number-crunch-forecasting-the-budget-surplus), CBO Deputy Director Barry Anderson: 'our budget and economic outlook that we just issued this past January 31'; cbo.gov home page captures: not listed 20010130, listed 20010202 (the publication page shows the placeholder January 1, 2001)","https://web.archive.org/web/20260602153117id_/https://www.cbo.gov/system/files/2025-02/51135-2001-01-economicprojections.xlsx"
"2001-08-28","https://www.cbo.gov/system/files/2025-02/51135-2001-08-economicprojections.xlsx","The Budget and Economic Outlook: An Update","https://www.cbo.gov/publication/13249","CBS News, 'A Gloomy Budget Forecast', 27 August 2001 (www.cbsnews.com/news/a-gloomy-budget-forecast): 'The CBO update, officially released Tuesday' (= 28 August 2001) (the publication page shows the placeholder August 1, 2001)","https://web.archive.org/web/20250629053407id_/https://www.cbo.gov/system/files/2025-02/51135-2001-08-economicprojections.xlsx"
"2002-01-23","https://www.cbo.gov/system/files/2025-02/51135-2002-01-economicprojections.xlsx","The Budget and Economic Outlook: Fiscal Years 2003-2012","https://www.cbo.gov/publication/13504","Brookings, 'The Vanishing Budget Surplus: Interpreting CBO's New Projections and Fiscal Prospects': 'On January 23, 2002, CBO released a new projection'; the Director's testimony on the report is dated January 23, 2002 on the cbo.gov home page capture 20020125080941 (the publication page shows the placeholder January 1, 2002)","https://web.archive.org/web/20260216051452id_/https://www.cbo.gov/system/files/2025-02/51135-2002-01-economicprojections.xlsx"
"2002-08-27","https://www.cbo.gov/system/files/2025-02/51135-2002-08-economicprojections.xlsx","The Budget and Economic Outlook: An Update","https://www.cbo.gov/publication/13956","publication page on cbo.gov (display date), Internet Archive capture 20250113230408","https://web.archive.org/web/20250525004911id_/https://www.cbo.gov/system/files/2025-02/51135-2002-08-economicprojections.xlsx"
"2003-01-29","https://www.cbo.gov/system/files/2025-02/51135-2003-01-economicprojections.xlsx","The Budget and Economic Outlook: Fiscal Years 2004-2013","https://www.cbo.gov/publication/14254","CNN Money, 'Deficit of $199 billion seen for 2003', 29 January 2003 (money.cnn.com/2003/01/29/news/economy/budget_deficit/): report 'released Wednesday' (the publication page shows the placeholder January 1, 2003)","https://web.archive.org/web/20250508101322id_/https://www.cbo.gov/system/files/2025-02/51135-2003-01-economicprojections.xlsx"
"2003-08-26","https://www.cbo.gov/system/files/2025-02/51135-2003-08-economicprojections.xlsx","The Budget and Economic Outlook: An Update","https://www.cbo.gov/publication/14691","PBS NewsHour, 26 August 2003 (www.pbs.org/newshour/politics/government_programs-july-dec03-deficit_08-26), reporting the update released that Tuesday; consistent with the report's file name 08-26-report.pdf (the publication page shows the placeholder August 1, 2003)","https://web.archive.org/web/20250522071800id_/https://www.cbo.gov/system/files/2025-02/51135-2003-08-economicprojections.xlsx"
"2004-01-26","https://www.cbo.gov/system/files/2025-02/51135-2004-01-economicprojections.xlsx","The Budget and Economic Outlook: Fiscal Years 2005 to 2014","https://www.cbo.gov/publication/15179","Center on Budget and Policy Priorities, 'Deficit Picture Grimmer than New CBO Projections Suggest' (www.cbpp.org/sites/default/files/archive/1-28-04bud.htm): 'On January 26, the Congressional Budget Office issued new budget projections'; consistent with the report's file name 01-26-budgetoutlook-entirereport.pdf and the cbo.gov home page captures (not listed 20040124, listed 20040131) (the publication page shows the placeholder January 1, 2004)","https://web.archive.org/web/20250524192417id_/https://www.cbo.gov/system/files/2025-02/51135-2004-01-economicprojections.xlsx"
"2004-09-07","https://www.cbo.gov/system/files/2025-02/51135-2004-09-economicprojections.xlsx","The Budget and Economic Outlook: An Update","https://www.cbo.gov/publication/15945","cbo.gov home page, Internet Archive captures 20040902 and 20040905: 'CBO's summer update of its budget and economic outlook will be released on Tuesday, September 7.'; listed on the capture of 20040908 (the publication page shows the placeholder September 1, 2004)","https://web.archive.org/web/20250613151630id_/https://www.cbo.gov/system/files/2025-02/51135-2004-09-economicprojections.xlsx"
"2005-01-25","https://www.cbo.gov/system/files/2025-02/51135-2005-01-economicprojections.xlsx","The Budget and Economic Outlook: Fiscal Years 2006 to 2015","https://www.cbo.gov/publication/16221","publication page on cbo.gov (display date), Internet Archive capture 20250113230352","https://web.archive.org/web/20250508101313id_/https://www.cbo.gov/system/files/2025-02/51135-2005-01-economicprojections.xlsx"
"2005-08-15","https://www.cbo.gov/system/files/2025-02/51135-2005-08-economicprojections.xlsx","The Budget and Economic Outlook: An Update","https://www.cbo.gov/publication/17091","publication page on cbo.gov (display date), Internet Archive capture 20250113230354","https://web.archive.org/web/20250629053407id_/https://www.cbo.gov/system/files/2025-02/51135-2005-08-economicprojections.xlsx"
"2006-01-26","https://www.cbo.gov/system/files/2025-02/51135-2006-01-economicprojections.xlsx","The Budget and Economic Outlook: Fiscal Years 2007 to 2016","https://www.cbo.gov/publication/17601","cbo.gov home page, Internet Archive capture 20060125: 'CBO's latest Budget and Economic Outlook will be released at 10:00 a.m. on January 26, 2006.' (the publication page itself is not archived)","https://web.archive.org/web/20250629053407id_/https://www.cbo.gov/system/files/2025-02/51135-2006-01-economicprojections.xlsx"
"2006-08-17","https://www.cbo.gov/system/files/2025-02/51135-2006-08-economicprojections.xlsx","The Budget and Economic Outlook: An Update","https://www.cbo.gov/publication/18056","cbo.gov home page, Internet Archive captures 20060801185116 to 20060814144004: 'CBO's summer update of its budget and economic outlook will be released on Thursday, August 17.' (the publication page shows the placeholder August 1, 2006)","https://web.archive.org/web/20250523221540id_/https://www.cbo.gov/system/files/2025-02/51135-2006-08-economicprojections.xlsx"
"2007-01-24","https://www.cbo.gov/system/files/2025-02/51135-2007-01-economicprojections.xlsx","The Budget and Economic Outlook: Fiscal Years 2008 to 2017","https://www.cbo.gov/publication/18291","publication page on cbo.gov (display date), Internet Archive capture 20250113230347","https://web.archive.org/web/20250629053407id_/https://www.cbo.gov/system/files/2025-02/51135-2007-01-economicprojections.xlsx"
"2007-08-23","https://www.cbo.gov/system/files/2025-02/51135-2007-08-economicprojections.xlsx","The Budget and Economic Outlook: An Update","https://www.cbo.gov/publication/19079","publication page on cbo.gov (display date), Internet Archive capture 20250113230336","https://web.archive.org/web/20250508101301id_/https://www.cbo.gov/system/files/2025-02/51135-2007-08-economicprojections.xlsx"
"2008-01-23","https://www.cbo.gov/system/files/2025-02/51135-2008-01-economicprojections.xlsx","The Budget and Economic Outlook: Fiscal Years 2008 to 2018","https://www.cbo.gov/publication/41661","publication page on cbo.gov (display date), Internet Archive capture 20250113230341","https://web.archive.org/web/20260825025027id_/https://www.cbo.gov/system/files/2025-02/51135-2008-01-economicprojections.xlsx"
"2008-09-09","https://www.cbo.gov/system/files/2025-02/51135-2008-09-economicprojections.xlsx","The Budget and Economic Outlook: An Update","https://www.cbo.gov/publication/41729","publication page on cbo.gov (display date), Internet Archive capture 20250113230333","https://web.archive.org/web/20260918102646id_/https://www.cbo.gov/system/files/2025-02/51135-2008-09-economicprojections.xlsx"
"2009-01-07","https://www.cbo.gov/system/files/2025-02/51135-2009-01-economicprojections.xlsx","The Budget and Economic Outlook: Fiscal Years 2009 to 2019","https://www.cbo.gov/publication/41753","publication page on cbo.gov (display date), Internet Archive capture 20250113230335","https://web.archive.org/web/20250521224011id_/https://www.cbo.gov/system/files/2025-02/51135-2009-01-economicprojections.xlsx"
"2009-03-20","https://www.cbo.gov/system/files/2025-02/51135-2009-03-economicprojections.xlsx","A Preliminary Analysis of the President's Budget and an Update of CBO's Budget and Economic Outlook","https://www.cbo.gov/publication/41166","publication page on cbo.gov (display date), Internet Archive capture 20250113230325","https://web.archive.org/web/20250508101255id_/https://www.cbo.gov/system/files/2025-02/51135-2009-03-economicprojections.xlsx"
"2009-08-25","https://www.cbo.gov/system/files/2025-02/51135-2009-08-economicprojections.xlsx","The Budget and Economic Outlook: An Update","https://www.cbo.gov/publication/41215","publication page on cbo.gov (display date), Internet Archive capture 20241227155130","https://web.archive.org/web/20250522054840id_/https://www.cbo.gov/system/files/2025-02/51135-2009-08-economicprojections.xlsx"
"2010-01-26","https://www.cbo.gov/system/files/2025-02/51135-2010-01-economicprojections.xlsx","The Budget and Economic Outlook: Fiscal Years 2010 to 2020","https://www.cbo.gov/publication/41880","publication page on cbo.gov (display date), Internet Archive capture 20250113230324","https://web.archive.org/web/20250629053828id_/https://www.cbo.gov/system/files/2025-02/51135-2010-01-economicprojections.xlsx"
"2010-08-18","https://www.cbo.gov/system/files/2025-02/51135-2010-08-economicprojections.xlsx","The Budget and Economic Outlook: An Update","https://www.cbo.gov/publication/21670","publication page on cbo.gov (display date), Internet Archive capture 20250113230321","https://web.archive.org/web/20250522170317id_/https://www.cbo.gov/system/files/2025-02/51135-2010-08-economicprojections.xlsx"
"2011-01-26","https://www.cbo.gov/system/files/2025-02/51135-2011-01-economicprojections.xlsx","Budget and Economic Outlook: Fiscal Years 2011 to 2021","https://www.cbo.gov/publication/21999","publication page on cbo.gov (display date), Internet Archive capture 20250113230312","https://web.archive.org/web/20250613151700id_/https://www.cbo.gov/system/files/2025-02/51135-2011-01-economicprojections.xlsx"
"2011-08-24","https://www.cbo.gov/system/files/2018-06/51135-2011-08-economicprojections.xlsx","Budget and Economic Outlook: An Update","https://www.cbo.gov/publication/41586","publication page on cbo.gov (display date), Internet Archive capture 20250113230321","https://web.archive.org/web/20250813151144id_/https://www.cbo.gov/system/files/2018-06/51135-2011-08-economicprojections.xlsx"
"2012-01-31","https://www.cbo.gov/system/files/2018-06/51135-2012-01-economicprojections.xlsx","The Budget and Economic Outlook: Fiscal Years 2012 to 2022","https://www.cbo.gov/publication/42905","publication page on cbo.gov (display date), Internet Archive capture 20241231044253","https://web.archive.org/web/20250223024636id_/https://www.cbo.gov/system/files/2018-06/51135-2012-01-economicprojections.xlsx"
"2012-08-22","https://www.cbo.gov/system/files/2018-06/51135-2012-08-economicprojections.xlsx","An Update to the Budget and Economic Outlook: Fiscal Years 2012 to 2022","https://www.cbo.gov/publication/43539","publication page on cbo.gov (display date), Internet Archive capture 20211229064219","https://web.archive.org/web/20250522005855id_/https://www.cbo.gov/system/files/2018-06/51135-2012-08-economicprojections.xlsx"
"2013-02-05","https://www.cbo.gov/sites/default/files/recurringdata/51135-2013-02-economicprojections.xls","The Budget and Economic Outlook: Fiscal Years 2013 to 2023","https://www.cbo.gov/publication/43907","publication page on cbo.gov (display date), Internet Archive capture 20211229064157","https://web.archive.org/web/20250629053407id_/https://www.cbo.gov/sites/default/files/recurringdata/51135-2013-02-economicprojections.xls"
"2014-02-04","https://www.cbo.gov/sites/default/files/recurringdata/51135-2014-02-economicprojections.xlsx","The Budget and Economic Outlook: 2014 to 2024","https://www.cbo.gov/publication/45010","cbo.gov home page, Internet Archive capture 20140215114617: Key Reports, 'The Budget and Economic Outlook: 2014 to 2024 report February 4, 2014' (the publication page itself is not archived)","https://web.archive.org/web/20250914041455id_/https://www.cbo.gov/sites/default/files/recurringdata/51135-2014-02-economicprojections.xlsx"
"2014-08-27","https://www.cbo.gov/sites/default/files/recurringdata/51135-2014-08-economicprojections.xlsx","An Update to the Budget and Economic Outlook: 2014 to 2024","https://www.cbo.gov/publication/45653","publication page on cbo.gov (display date), Internet Archive capture 20250113230257","https://web.archive.org/web/20250223024100id_/https://www.cbo.gov/sites/default/files/recurringdata/51135-2014-08-economicprojections.xlsx"
"2015-01-26","https://www.cbo.gov/sites/default/files/recurringdata/51135-2015-01-economicprojections.xlsx","The Budget and Economic Outlook: 2015 to 2025","https://www.cbo.gov/publication/49892","publication page on cbo.gov (display date), Internet Archive capture 20250103164731","https://web.archive.org/web/20250522132237id_/https://www.cbo.gov/sites/default/files/recurringdata/51135-2015-01-economicprojections.xlsx"
"2015-08-25","https://www.cbo.gov/sites/default/files/recurringdata/51135-2015-08-economicprojections.xlsx","An Update to the Budget and Economic Outlook: 2015 to 2025","https://www.cbo.gov/publication/50724","publication page on cbo.gov (display date), Internet Archive capture 20211224184510","https://web.archive.org/web/20250223024631id_/https://www.cbo.gov/sites/default/files/recurringdata/51135-2015-08-economicprojections.xlsx"
"2016-01-25","https://www.cbo.gov/sites/default/files/recurringdata/51135-2016-01-economic-projections.xlsx","The Budget and Economic Outlook: 2016 to 2026","https://www.cbo.gov/publication/51129","publication page on cbo.gov (display date), Internet Archive capture 20250113230246","https://web.archive.org/web/20250901221842id_/https://www.cbo.gov/sites/default/files/recurringdata/51135-2016-01-economic-projections.xlsx"
"2016-08-23","https://www.cbo.gov/sites/default/files/recurringdata/51135-2016-08-economicprojections-2.xlsx","An Update to the Budget and Economic Outlook: 2016 to 2026","https://www.cbo.gov/publication/51908","publication page on cbo.gov (display date), Internet Archive capture 20250109151736","https://web.archive.org/web/20250828034527id_/https://www.cbo.gov/sites/default/files/recurringdata/51135-2016-08-economicprojections-2.xlsx"
"2017-01-24","https://www.cbo.gov/sites/default/files/recurringdata/51135-2017-01-economicprojections.xlsx","The Budget and Economic Outlook: 2017 to 2027","https://www.cbo.gov/publication/52370","publication page on cbo.gov (display date), Internet Archive capture 20241228111126","https://web.archive.org/web/20250813192029id_/https://www.cbo.gov/sites/default/files/recurringdata/51135-2017-01-economicprojections.xlsx"
"2017-06-29","https://www.cbo.gov/sites/default/files/recurringdata/51135-2017-06-economicprojections2.xlsx","An Update to the Budget and Economic Outlook: 2017 to 2027","https://www.cbo.gov/publication/52801","publication page on cbo.gov (display date), Internet Archive capture 20211228043051","https://web.archive.org/web/20250831113829id_/https://www.cbo.gov/sites/default/files/recurringdata/51135-2017-06-economicprojections2.xlsx"
"2018-04-09","https://www.cbo.gov/system/files/2018-06/51135-2018-04-economicprojections_0.xlsx","The Budget and Economic Outlook: 2018 to 2028","https://www.cbo.gov/publication/53651","publication page on cbo.gov (display date), Internet Archive capture 20231231162324","https://web.archive.org/web/20250223024627id_/https://www.cbo.gov/system/files/2018-06/51135-2018-04-economicprojections_0.xlsx"
"2018-08-13","https://www.cbo.gov/system/files/2018-08/51135-2018-08-economicprojections.xlsx","An Update to the Economic Outlook: 2018 to 2028","https://www.cbo.gov/publication/54318","publication page on cbo.gov (display date), Internet Archive capture 20250105221335","https://web.archive.org/web/20250825015406id_/https://www.cbo.gov/system/files/2018-08/51135-2018-08-economicprojections.xlsx"
"2019-01-28","https://www.cbo.gov/system/files/2019-01/51135-2019-01-economicprojections.xlsx","The Budget and Economic Outlook: 2019 to 2029","https://www.cbo.gov/publication/54918","publication page on cbo.gov (display date), Internet Archive capture 20240105220721","https://web.archive.org/web/20250829090925id_/https://www.cbo.gov/system/files/2019-01/51135-2019-01-economicprojections.xlsx"
"2019-08-21","https://www.cbo.gov/system/files/2019-08/51135-2019-08-economicprojections_1.xlsx","An Update to the Budget and Economic Outlook: 2019 to 2029","https://www.cbo.gov/publication/55551","publication page on cbo.gov (display date), read in the browser on 2026-10-01","https://web.archive.org/web/20250223040632id_/https://www.cbo.gov/system/files/2019-08/51135-2019-08-economicprojections_1.xlsx"
"2020-01-28","https://www.cbo.gov/system/files/2020-01/51135-2020-01-economicprojections_0.xlsx","The Budget and Economic Outlook: 2020 to 2030","https://www.cbo.gov/publication/56020","publication page on cbo.gov (display date), read in the browser on 2026-10-01","https://web.archive.org/web/20250817161532id_/https://www.cbo.gov/system/files/2020-01/51135-2020-01-economicprojections_0.xlsx"
"2020-07-02","https://www.cbo.gov/system/files/2020-07/51135-2020-07-economicprojections.xlsx","An Update to the Economic Outlook: 2020 to 2030","https://www.cbo.gov/publication/56442","publication page on cbo.gov (display date), read in the browser on 2026-10-01","https://web.archive.org/web/20251021071043id_/https://www.cbo.gov/system/files/2020-07/51135-2020-07-economicprojections.xlsx"
"2021-02-01","https://www.cbo.gov/system/files/2021-02/51135-2021-02-economicprojections.xlsx","An Overview of the Economic Outlook: 2021 to 2031","https://www.cbo.gov/publication/56965","publication page on cbo.gov (display date), Internet Archive capture 20220102023005","https://web.archive.org/web/20250429010636id_/https://www.cbo.gov/system/files/2021-02/51135-2021-02-economicprojections.xlsx"
"2021-07-01","https://www.cbo.gov/system/files/2021-07/51135-2021-07-economicprojections.xlsx","An Update to the Budget and Economic Outlook: 2021 to 2031","https://www.cbo.gov/publication/57218","publication page on cbo.gov (display date), read in the browser on 2026-10-01","https://web.archive.org/web/20250522024549id_/https://www.cbo.gov/system/files/2021-07/51135-2021-07-economicprojections.xlsx"
"2022-05-25","https://www.cbo.gov/system/files/2022-05/51135-2022-05-Economic-Projections.xlsx","The Budget and Economic Outlook: 2022 to 2032","https://www.cbo.gov/publication/57950","publication page on cbo.gov (display date), read in the browser on 2026-10-01","https://web.archive.org/web/20250413235547id_/https://www.cbo.gov/system/files/2022-05/51135-2022-05-Economic-Projections.xlsx"
"2023-02-15","https://www.cbo.gov/system/files/2023-02/51135-2023-02-Economic-Projections.xlsx","The Budget and Economic Outlook: 2023 to 2033","https://www.cbo.gov/publication/58848","publication page on cbo.gov (display date), read in the browser on 2026-10-01","https://web.archive.org/web/20250415064248id_/https://www.cbo.gov/system/files/2023-02/51135-2023-02-Economic-Projections.xlsx"
"2023-07-26","https://www.cbo.gov/system/files/2023-07/51135-2023-07-Economic-Projections.xlsx","An Update to the Economic Outlook: 2023 to 2025","https://www.cbo.gov/publication/59258","publication page on cbo.gov (display date), read in the browser on 2026-10-01","https://web.archive.org/web/20250415021404id_/https://www.cbo.gov/system/files/2023-07/51135-2023-07-Economic-Projections.xlsx"
"2024-02-07","https://www.cbo.gov/system/files/2024-02/51135-2024-02-Economic-Projections.xlsx","The Budget and Economic Outlook: 2024 to 2034","https://www.cbo.gov/publication/59710","publication page on cbo.gov (display date), read in the browser on 2026-10-01","https://web.archive.org/web/20250415183444id_/https://www.cbo.gov/system/files/2024-02/51135-2024-02-Economic-Projections.xlsx"
"2024-06-18","https://www.cbo.gov/system/files/2024-06/51135-2024-06-Economic-Projections.xlsx","An Update to the Budget and Economic Outlook: 2024 to 2034","https://www.cbo.gov/publication/60039","publication page on cbo.gov (display date), read in the browser on 2026-10-01","https://web.archive.org/web/20250223043000id_/https://www.cbo.gov/system/files/2024-06/51135-2024-06-Economic-Projections.xlsx"
"2025-01-17","https://www.cbo.gov/system/files/2025-01/51135-2025-01-Economic-Projections.xlsx","The Budget and Economic Outlook: 2025 to 2035","https://www.cbo.gov/publication/60870","publication page on cbo.gov (display date), read in the browser on 2026-10-01","https://web.archive.org/web/20250521052748id_/https://www.cbo.gov/system/files/2025-01/51135-2025-01-Economic-Projections.xlsx"
"2025-09-12","https://www.cbo.gov/system/files/2025-09/51135-2025-09-Economic-Projections.xlsx","CBO's Current View of the Economy From 2025 to 2028","https://www.cbo.gov/publication/61236","publication page on cbo.gov (display date), read in the browser on 2026-10-01","https://web.archive.org/web/20260809050836id_/https://www.cbo.gov/system/files/2025-09/51135-2025-09-Economic-Projections.xlsx"
"2026-02-11","https://www.cbo.gov/system/files/2026-02/51135-2026-02-Economic-Projections.xlsx","The Budget and Economic Outlook: 2026 to 2036","https://www.cbo.gov/publication/61882","publication page on cbo.gov (display date), read in the browser on 2026-10-01","https://web.archive.org/web/20260922051441id_/https://www.cbo.gov/system/files/2026-02/51135-2026-02-Economic-Projections.xlsx"
