"Category","2008","2009","2010"
"Belgium",1.4,0.1,0.9
"Germany",1.7,0,1
"Ireland",-1.6,-0.9,2.4
"Greece",3.1,2.5,2.6
"Spain",1.3,-0.2,0.5
"France",0.9,0,0.8
"Italy",0,0,0.6
"Cyprus",3.7,2.9,3.2
"Luxembourg",2.5,1.2,2.3
"Malta",2.4,2,2.2
"Netherlands",2.3,0.4,0.9
"Austria",1.9,0.6,1.3
"Portugal",0.5,0.1,0.7
"Slovenia",4.4,2.9,3.7
"Slovakia",7,4.9,5.5
"Finland",2.4,1.3,2
"EA",1.2,0.1,0.9
"Bulgaria",6.5,4.5,4.7
"Czechia",4.4,3.6,3.9
"Denmark",0.7,0.1,0.9
"Estonia",-1.3,-1.2,2
"Latvia",-0.8,-2.7,1
"Lithuania",3.8,0,-1.1
"Hungary",1.7,0.7,1.8
"Poland",5.4,3.8,4.2
"Romania",8.5,4.7,5
"Sweden",1,-0.2,1.6
"United Kingdom",0.9,-1,0.4
"EU",1.4,0.2,1.1
"United States",1.5,-0.5,1
"Japan",0.4,-0.4,0.6