"Category","2009","2010","2011"
"Belgium",0,1.3,1.5
"Germany",0.3,0.8,1
"Ireland",-1.5,-0.6,1
"Greece",1.2,1.4,2.1
"Spain",-0.4,0.8,2
"France",0.1,1.1,1.4
"Italy",0.8,1.8,2
"Cyprus",0.8,3.1,2.5
"Luxembourg",0,1.8,1.7
"Malta",2,2,2.2
"Netherlands",1.1,0.9,1.2
"Austria",0.5,1.3,1.6
"Portugal",-1,1.3,1.4
"Slovenia",0.9,1.7,2
"Slovakia",1.1,1.9,2.5
"Finland",1.8,1.6,1.5
"EA",0.3,1.1,1.5
"Bulgaria",2.4,2.3,2.9
"Czechia",0.6,1.5,1.8
"Denmark",1.1,1.5,1.8
"Estonia",0.2,0.5,2.1
"Latvia",3.5,-3.7,-1.2
"Lithuania",3.9,-0.7,1
"Hungary",4.3,4,2.5
"Poland",3.9,1.9,2
"Romania",5.7,3.5,3.4
"Sweden",1.9,1.7,1.7
"United Kingdom",2,1.4,1.6
"EU",1,1.3,1.6
"United States",-0.5,0.8,0.1
"Japan",-1.2,-0.4,0.3