"Category","2011","2012","2013"
"Belgium",7.6,7.7,7.9
"Germany",6.1,5.9,5.8
"Estonia",12.5,11.2,10.1
"Ireland",14.4,14.3,13.6
"Greece",16.6,18.4,18.4
"Spain",20.9,20.9,20.3
"France",9.8,10,10.1
"Italy",8.1,8.2,8.2
"Cyprus",7.2,7.5,7.1
"Luxembourg",4.5,4.8,4.7
"Malta",6.7,6.8,6.6
"Netherlands",4.5,4.7,4.8
"Austria",4.2,4.5,4.2
"Portugal",12.6,13.6,13.7
"Slovenia",8.2,8.4,8.2
"Slovakia",13.2,13.2,12.3
"Finland",7.8,7.7,7.4
"EA",10,10.1,10
"Bulgaria",12.2,12.1,11.3
"Czechia",6.8,7,6.7
"Denmark",7.4,7.3,7.1
"Latvia",16.1,15,13.5
"Lithuania",15.1,13.3,11.6
"Hungary",11.2,11,11.3
"Poland",9.3,9.2,8.6
"Romania",8.2,7.8,7.4
"Sweden",7.4,7.4,7.3
"United Kingdom",7.9,8.6,8.5
"EU",9.7,9.8,9.6
"United States",9,9,8.8
"Japan",4.9,4.8,4.7