"Category","2008","2009"
"Belgium",1.7,1.5
"Germany",1.8,1.5
"Ireland",2.3,3.2
"Greece",3.4,3.3
"Spain",2.2,1.8
"France",1.6,1.4
"Italy",0.5,0.8
"Cyprus",3.7,3.7
"Luxembourg",3.6,3.5
"Malta",2.6,2.5
"Netherlands",2.6,1.8
"Austria",2.2,1.8
"Portugal",1.7,1.6
"Slovenia",4.2,3.8
"Finland",2.8,2.6
"EA",1.7,1.5
"Bulgaria",5.8,5.6
"Czechia",4.7,5
"Denmark",1.3,1.1
"Estonia",2.7,4.3
"Latvia",3.8,2.5
"Lithuania",6.1,3.7
"Hungary",1.9,3.2
"Poland",5.3,5
"Romania",6.2,5.1
"Slovakia",7,6.2
"Sweden",2.2,1.8
"United Kingdom",1.7,1.6
"EU",2,1.8
"United States",0.9,0.7
"Japan",1.2,1.1