"Category","2017","2018","2019"
"Belgium",2.2,1.4,1.6
"Germany",1.7,1.5,1.6
"Estonia",3.7,3,2.7
"Ireland",0.3,0.8,1.2
"Greece",1.2,0.8,1.3
"Spain",2,1.4,1.5
"France",1.1,1.2,1.5
"Italy",1.4,1.2,1.5
"Cyprus",1,1.1,1.4
"Latvia",2.9,2.8,2.9
"Lithuania",3.8,2.9,2.5
"Luxembourg",2.1,1.7,1.9
"Malta",1.3,1.5,1.8
"Netherlands",1.3,1.5,2.2
"Austria",2,1.6,1.7
"Portugal",1.5,1.4,1.5
"Slovenia",1.6,1.5,1.8
"Slovakia",1.3,1.7,2
"Finland",0.9,1.3,1.7
"EA",1.5,1.4,1.6
"Bulgaria",1,1.5,1.6
"Czechia",2.4,2.1,2
"Denmark",1,1.4,1.7
"Croatia",1.3,1.5,1.6
"Hungary",2.3,2.6,3
"Poland",1.6,2.1,2.8
"Romania",1,2.9,3
"Sweden",1.8,1.6,1.7
"United Kingdom",2.7,2.6,2.1
"EU",1.7,1.7,1.8
"United States",2,2.1,2.2
"Japan",0.4,0.8,1.2