"pubdate","country_report_no","board_date","year","variable","value","url","location","notes"
"20080619","08/188","20080613","2008","NGDP_RPCH","2.1","https://www.imf.org/external/pubs/ft/scr/2008/cr08188.pdf","PDF p26 (printed p24), Table 1 'Austria: Basic Data', row 'GDP'; 'Proj.' spans 2008-2009","staff report completed 20080522; no private consumption growth anywhere in the report: Table 1 has total 'Consumption' only (1.7, 1.2) and Table 2 gives private consumption as a contribution to growth"
"20080619","08/188","20080613","2009","NGDP_RPCH","1.7","https://www.imf.org/external/pubs/ft/scr/2008/cr08188.pdf","PDF p26 (printed p24), Table 1 'Austria: Basic Data', row 'GDP'; 'Proj.' spans 2008-2009","staff report completed 20080522; no private consumption growth anywhere in the report: Table 1 has total 'Consumption' only (1.7, 1.2) and Table 2 gives private consumption as a contribution to growth"
"20080619","08/188","20080613","2008","PCPIPCH","2.9","https://www.imf.org/external/pubs/ft/scr/2008/cr08188.pdf","PDF p26, Table 1 'Austria: Basic Data', row 'Consumer price index' (period averages)","staff report completed 20080522; CPI as labelled; no private consumption growth anywhere in the report: Table 1 has total 'Consumption' only (1.7, 1.2) and Table 2 gives private consumption as a contribution to growth"
"20080619","08/188","20080613","2009","PCPIPCH","2.0","https://www.imf.org/external/pubs/ft/scr/2008/cr08188.pdf","PDF p26, Table 1 'Austria: Basic Data', row 'Consumer price index' (period averages)","staff report completed 20080522; CPI as labelled; no private consumption growth anywhere in the report: Table 1 has total 'Consumption' only (1.7, 1.2) and Table 2 gives private consumption as a contribution to growth"
"20080619","08/188","20080613","2008","LUR","4.3","https://www.imf.org/external/pubs/ft/scr/2008/cr08188.pdf","PDF p26, Table 1 'Austria: Basic Data', row 'Unemployment rate - Standardized 4/'","staff report completed 20080522; standardized = survey-based EU-standard (Eurostat) rate, % of total labour force; registered (national) rate 6.1, 6.2; no private consumption growth anywhere in the report: Table 1 has total 'Consumption' only (1.7, 1.2) and Table 2 gives private consumption as a contribution to growth"
"20080619","08/188","20080613","2009","LUR","4.4","https://www.imf.org/external/pubs/ft/scr/2008/cr08188.pdf","PDF p26, Table 1 'Austria: Basic Data', row 'Unemployment rate - Standardized 4/'","staff report completed 20080522; standardized = survey-based EU-standard (Eurostat) rate, % of total labour force; registered (national) rate 6.1, 6.2; no private consumption growth anywhere in the report: Table 1 has total 'Consumption' only (1.7, 1.2) and Table 2 gives private consumption as a contribution to growth"
"20090921","09/295","20090909","2009","NGDP_RPCH","-4.0","https://www.imf.org/external/pubs/ft/scr/2009/cr09295.pdf","PDF p36 (printed p35), Table 1 'Austria: Basic Data, 2005-10', row 'GDP'; 'Proj.' spans 2009-2010","staff report completed 20090804; no private consumption growth: Table 1 total 'Consumption' only (0.1, 0.3); Table 2 private consumption is a contribution"
"20090921","09/295","20090909","2010","NGDP_RPCH","-0.3","https://www.imf.org/external/pubs/ft/scr/2009/cr09295.pdf","PDF p36 (printed p35), Table 1 'Austria: Basic Data, 2005-10', row 'GDP'; 'Proj.' spans 2009-2010","staff report completed 20090804; no private consumption growth: Table 1 total 'Consumption' only (0.1, 0.3); Table 2 private consumption is a contribution"
"20090921","09/295","20090909","2009","PCPIPCH","0.5","https://www.imf.org/external/pubs/ft/scr/2009/cr09295.pdf","PDF p36, Table 1, row 'Consumer price index'","staff report completed 20090804; CPI as labelled; no private consumption growth: Table 1 total 'Consumption' only (0.1, 0.3); Table 2 private consumption is a contribution"
"20090921","09/295","20090909","2010","PCPIPCH","1.0","https://www.imf.org/external/pubs/ft/scr/2009/cr09295.pdf","PDF p36, Table 1, row 'Consumer price index'","staff report completed 20090804; CPI as labelled; no private consumption growth: Table 1 total 'Consumption' only (0.1, 0.3); Table 2 private consumption is a contribution"
"20090921","09/295","20090909","2009","LUR","5.3","https://www.imf.org/external/pubs/ft/scr/2009/cr09295.pdf","PDF p36, Table 1, row 'Standardized (Eurostat)'","staff report completed 20090804; Eurostat definition; registered (national definition) 7.2, 8.3; no private consumption growth: Table 1 total 'Consumption' only (0.1, 0.3); Table 2 private consumption is a contribution"
"20090921","09/295","20090909","2010","LUR","6.4","https://www.imf.org/external/pubs/ft/scr/2009/cr09295.pdf","PDF p36, Table 1, row 'Standardized (Eurostat)'","staff report completed 20090804; Eurostat definition; registered (national definition) 7.2, 8.3; no private consumption growth: Table 1 total 'Consumption' only (0.1, 0.3); Table 2 private consumption is a contribution"
"20100908","10/276","20100830","2010","NGDP_RPCH","1.5","https://www.imf.org/external/pubs/ft/scr/2010/cr10276.pdf","PDF p18 (printed p17), Table 1 'Austria: Basic Data, 2005-11', row 'GDP'; 'Proj.' spans 2010-2011","staff report completed 20100729; no private consumption growth: Table 1 total 'Consumption' only (1.1, 0.8); Table 2 private consumption is a pp contribution"
"20100908","10/276","20100830","2011","NGDP_RPCH","1.6","https://www.imf.org/external/pubs/ft/scr/2010/cr10276.pdf","PDF p18 (printed p17), Table 1 'Austria: Basic Data, 2005-11', row 'GDP'; 'Proj.' spans 2010-2011","staff report completed 20100729; no private consumption growth: Table 1 total 'Consumption' only (1.1, 0.8); Table 2 private consumption is a pp contribution"
"20100908","10/276","20100830","2010","PCPIPCH","1.5","https://www.imf.org/external/pubs/ft/scr/2010/cr10276.pdf","PDF p18, Table 1, row 'Consumer price index'","staff report completed 20100729; CPI as labelled; no private consumption growth: Table 1 total 'Consumption' only (1.1, 0.8); Table 2 private consumption is a pp contribution"
"20100908","10/276","20100830","2011","PCPIPCH","1.7","https://www.imf.org/external/pubs/ft/scr/2010/cr10276.pdf","PDF p18, Table 1, row 'Consumer price index'","staff report completed 20100729; CPI as labelled; no private consumption growth: Table 1 total 'Consumption' only (1.1, 0.8); Table 2 private consumption is a pp contribution"
"20100908","10/276","20100830","2010","LUR","4.5","https://www.imf.org/external/pubs/ft/scr/2010/cr10276.pdf","PDF p18, Table 1, row 'Standardized (Eurostat)'","staff report completed 20100729; Eurostat definition; registered (national definition) 6.5, 6.5; no private consumption growth: Table 1 total 'Consumption' only (1.1, 0.8); Table 2 private consumption is a pp contribution"
"20100908","10/276","20100830","2011","LUR","4.5","https://www.imf.org/external/pubs/ft/scr/2010/cr10276.pdf","PDF p18, Table 1, row 'Standardized (Eurostat)'","staff report completed 20100729; Eurostat definition; registered (national definition) 6.5, 6.5; no private consumption growth: Table 1 total 'Consumption' only (1.1, 0.8); Table 2 private consumption is a pp contribution"
"20110906","11/275","20110902","2011","NGDP_RPCH","3.3","https://www.imf.org/external/pubs/ft/scr/2011/cr11275.pdf","PDF p18 (printed p17), Table 1 'Austria: Selected Data, 2007-12', row 'GDP'; 'Projections' spans 2011-2012","staff report completed 20110805"
"20110906","11/275","20110902","2012","NGDP_RPCH","2.0","https://www.imf.org/external/pubs/ft/scr/2011/cr11275.pdf","PDF p18 (printed p17), Table 1 'Austria: Selected Data, 2007-12', row 'GDP'; 'Projections' spans 2011-2012","staff report completed 20110805"
"20110906","11/275","20110902","2011","PCPIPCH","3.2","https://www.imf.org/external/pubs/ft/scr/2011/cr11275.pdf","PDF p18, Table 1, row 'Consumer price index (period average)'","staff report completed 20110805; CPI as labelled"
"20110906","11/275","20110902","2012","PCPIPCH","2.2","https://www.imf.org/external/pubs/ft/scr/2011/cr11275.pdf","PDF p18, Table 1, row 'Consumer price index (period average)'","staff report completed 20110805; CPI as labelled"
"20110906","11/275","20110902","2011","LUR","4.1","https://www.imf.org/external/pubs/ft/scr/2011/cr11275.pdf","PDF p18, Table 1, row 'Standardized (Eurostat)'","staff report completed 20110805; Eurostat definition; registered (national definition) 6.6, 6.6"
"20110906","11/275","20110902","2012","LUR","4.1","https://www.imf.org/external/pubs/ft/scr/2011/cr11275.pdf","PDF p18, Table 1, row 'Standardized (Eurostat)'","staff report completed 20110805; Eurostat definition; registered (national definition) 6.6, 6.6"
"20120828","12/251","20120827","2012","NGDP_RPCH","0.8","https://www.imf.org/external/pubs/ft/scr/2012/cr12251.pdf","PDF p22 (printed p21), Table 1 'Austria: Selected Data, 2007-13', row 'GDP'; 'Projections' spans 2012-2013","staff report completed 20120731; pubdate from the IMF publication page (Aug 28, 2012); PIN 12/102 is dated Aug 31, 2012"
"20120828","12/251","20120827","2013","NGDP_RPCH","1.8","https://www.imf.org/external/pubs/ft/scr/2012/cr12251.pdf","PDF p22 (printed p21), Table 1 'Austria: Selected Data, 2007-13', row 'GDP'; 'Projections' spans 2012-2013","staff report completed 20120731; pubdate from the IMF publication page (Aug 28, 2012); PIN 12/102 is dated Aug 31, 2012"
"20120828","12/251","20120827","2012","PCPIPCH","2.3","https://www.imf.org/external/pubs/ft/scr/2012/cr12251.pdf","PDF p22, Table 1, row 'Consumer price index (period average)'","staff report completed 20120731; CPI as labelled; pubdate from the IMF publication page (Aug 28, 2012); PIN 12/102 is dated Aug 31, 2012"
"20120828","12/251","20120827","2013","PCPIPCH","1.9","https://www.imf.org/external/pubs/ft/scr/2012/cr12251.pdf","PDF p22, Table 1, row 'Consumer price index (period average)'","staff report completed 20120731; CPI as labelled; pubdate from the IMF publication page (Aug 28, 2012); PIN 12/102 is dated Aug 31, 2012"
"20120828","12/251","20120827","2012","LUR","4.3","https://www.imf.org/external/pubs/ft/scr/2012/cr12251.pdf","PDF p22, Table 1, row 'Standardized (Eurostat)'","staff report completed 20120731; Eurostat definition; registered (national definition) 6.8, 6.8; pubdate from the IMF publication page (Aug 28, 2012); PIN 12/102 is dated Aug 31, 2012"
"20120828","12/251","20120827","2013","LUR","4.3","https://www.imf.org/external/pubs/ft/scr/2012/cr12251.pdf","PDF p22, Table 1, row 'Standardized (Eurostat)'","staff report completed 20120731; Eurostat definition; registered (national definition) 6.8, 6.8; pubdate from the IMF publication page (Aug 28, 2012); PIN 12/102 is dated Aug 31, 2012"
"20130910","13/280","20130904","2013","NGDP_RPCH","0.4","https://www.imf.org/external/pubs/ft/scr/2013/cr13280.pdf","PDF p28 (printed p27), Table 1 'Austria: Selected Economic Indicators, 2007-14', row 'GDP'; 'Projections' spans 2013-2014","staff report completed 20130816; pubdate = date of Press Release 13/331 (Sep 10, 2013); the IMF publication page could not be retrieved"
"20130910","13/280","20130904","2014","NGDP_RPCH","1.6","https://www.imf.org/external/pubs/ft/scr/2013/cr13280.pdf","PDF p28 (printed p27), Table 1 'Austria: Selected Economic Indicators, 2007-14', row 'GDP'; 'Projections' spans 2013-2014","staff report completed 20130816; pubdate = date of Press Release 13/331 (Sep 10, 2013); the IMF publication page could not be retrieved"
"20130910","13/280","20130904","2013","PCPIPCH","2.1","https://www.imf.org/external/pubs/ft/scr/2013/cr13280.pdf","PDF p28, Table 1, row 'Consumer price index (period average)'","staff report completed 20130816; CPI as labelled; pubdate = date of Press Release 13/331 (Sep 10, 2013); the IMF publication page could not be retrieved"
"20130910","13/280","20130904","2014","PCPIPCH","1.8","https://www.imf.org/external/pubs/ft/scr/2013/cr13280.pdf","PDF p28, Table 1, row 'Consumer price index (period average)'","staff report completed 20130816; CPI as labelled; pubdate = date of Press Release 13/331 (Sep 10, 2013); the IMF publication page could not be retrieved"
"20130910","13/280","20130904","2013","LUR","4.9","https://www.imf.org/external/pubs/ft/scr/2013/cr13280.pdf","PDF p28, Table 1, row 'Unemployment (in percent; Eurostat definition)'","staff report completed 20130816; Eurostat definition; pubdate = date of Press Release 13/331 (Sep 10, 2013); the IMF publication page could not be retrieved"
"20130910","13/280","20130904","2014","LUR","4.8","https://www.imf.org/external/pubs/ft/scr/2013/cr13280.pdf","PDF p28, Table 1, row 'Unemployment (in percent; Eurostat definition)'","staff report completed 20130816; Eurostat definition; pubdate = date of Press Release 13/331 (Sep 10, 2013); the IMF publication page could not be retrieved"
"20140915","14/278","20140908","2014","NGDP_RPCH","1.5","https://www.imf.org/external/pubs/ft/scr/2014/cr14278.pdf","PDF p46 (printed p45), Table 1 'Austria: Selected Economic Indicators, 2010-15', row 'GDP'; 'Projections' spans 2014-2015","staff report completed 20140731"
"20140915","14/278","20140908","2015","NGDP_RPCH","1.7","https://www.imf.org/external/pubs/ft/scr/2014/cr14278.pdf","PDF p46 (printed p45), Table 1 'Austria: Selected Economic Indicators, 2010-15', row 'GDP'; 'Projections' spans 2014-2015","staff report completed 20140731"
"20140915","14/278","20140908","2014","PCPIPCH","1.7","https://www.imf.org/external/pubs/ft/scr/2014/cr14278.pdf","PDF p46, Table 1, row 'Consumer price index (period average)'","staff report completed 20140731; CPI as labelled"
"20140915","14/278","20140908","2015","PCPIPCH","1.7","https://www.imf.org/external/pubs/ft/scr/2014/cr14278.pdf","PDF p46, Table 1, row 'Consumer price index (period average)'","staff report completed 20140731; CPI as labelled"
"20140915","14/278","20140908","2014","LUR","5.0","https://www.imf.org/external/pubs/ft/scr/2014/cr14278.pdf","PDF p46, Table 1, row 'Unemployment (in percent; Eurostat definition)'","staff report completed 20140731; Eurostat definition"
"20140915","14/278","20140908","2015","LUR","4.9","https://www.imf.org/external/pubs/ft/scr/2014/cr14278.pdf","PDF p46, Table 1, row 'Unemployment (in percent; Eurostat definition)'","staff report completed 20140731; Eurostat definition"
"20160212","16/50","20160210","2015","NGDP_RPCH","0.7","https://www.imf.org/external/pubs/ft/scr/2016/cr1650.pdf","PDF p35 (printed p30), Table 1 'Selected Economic Indicators, 2011-16', row 'GDP'; 'Projections' spans 2015-2016","staff report completed 20160119; 2015 Article IV; 2015 is still labelled a projection although the report was published in Feb 2016 (mission Dec 2015), kept per the table's labelling"
"20160212","16/50","20160210","2016","NGDP_RPCH","1.4","https://www.imf.org/external/pubs/ft/scr/2016/cr1650.pdf","PDF p35 (printed p30), Table 1 'Selected Economic Indicators, 2011-16', row 'GDP'; 'Projections' spans 2015-2016","staff report completed 20160119; 2015 Article IV; 2015 is still labelled a projection although the report was published in Feb 2016 (mission Dec 2015), kept per the table's labelling"
"20160212","16/50","20160210","2015","PCPIPCH","0.8","https://www.imf.org/external/pubs/ft/scr/2016/cr1650.pdf","PDF p35, Table 1, row 'Consumer price index (period average)'","staff report completed 20160119; CPI as labelled; 2015 Article IV; 2015 is still labelled a projection although the report was published in Feb 2016 (mission Dec 2015), kept per the table's labelling"
"20160212","16/50","20160210","2016","PCPIPCH","1.4","https://www.imf.org/external/pubs/ft/scr/2016/cr1650.pdf","PDF p35, Table 1, row 'Consumer price index (period average)'","staff report completed 20160119; CPI as labelled; 2015 Article IV; 2015 is still labelled a projection although the report was published in Feb 2016 (mission Dec 2015), kept per the table's labelling"
"20160212","16/50","20160210","2015","LUR","5.8","https://www.imf.org/external/pubs/ft/scr/2016/cr1650.pdf","PDF p35, Table 1, row 'Unemployment (in percent; Eurostat definition)'","staff report completed 20160119; Eurostat definition; 2015 Article IV; 2015 is still labelled a projection although the report was published in Feb 2016 (mission Dec 2015), kept per the table's labelling"
"20160212","16/50","20160210","2016","LUR","6.2","https://www.imf.org/external/pubs/ft/scr/2016/cr1650.pdf","PDF p35, Table 1, row 'Unemployment (in percent; Eurostat definition)'","staff report completed 20160119; Eurostat definition; 2015 Article IV; 2015 is still labelled a projection although the report was published in Feb 2016 (mission Dec 2015), kept per the table's labelling"
"20170202","17/26","20170201","2017","NGDP_RPCH","1.3","https://www.imf.org/-/media/files/publications/cr/2017/cr1726.pdf","PDF p33, Table 1, row 'Real GDP (expenditure)'","staff report completed 20170113; 2016 Article IV, concluded on lapse-of-time basis Feb 1, 2017 (Press Release 17/32, Feb 2, 2017); OeNB hosts a copy stamped 'Country Report No. 17/32' (the press-release number), IMF's number is 17/26, Table 1 identical; 2016 column 'Est.' dropped"
"20170202","17/26","20170201","2018","NGDP_RPCH","1.2","https://www.imf.org/-/media/files/publications/cr/2017/cr1726.pdf","PDF p33, Table 1, row 'Real GDP (expenditure)'","staff report completed 20170113; 2016 Article IV, concluded on lapse-of-time basis Feb 1, 2017 (Press Release 17/32, Feb 2, 2017); OeNB hosts a copy stamped 'Country Report No. 17/32' (the press-release number), IMF's number is 17/26, Table 1 identical; 2016 column 'Est.' dropped"
"20170202","17/26","20170201","2019","NGDP_RPCH","1.3","https://www.imf.org/-/media/files/publications/cr/2017/cr1726.pdf","PDF p33, Table 1, row 'Real GDP (expenditure)'","staff report completed 20170113; 2016 Article IV, concluded on lapse-of-time basis Feb 1, 2017 (Press Release 17/32, Feb 2, 2017); OeNB hosts a copy stamped 'Country Report No. 17/32' (the press-release number), IMF's number is 17/26, Table 1 identical; 2016 column 'Est.' dropped"
"20170202","17/26","20170201","2020","NGDP_RPCH","1.1","https://www.imf.org/-/media/files/publications/cr/2017/cr1726.pdf","PDF p33, Table 1, row 'Real GDP (expenditure)'","staff report completed 20170113; 2016 Article IV, concluded on lapse-of-time basis Feb 1, 2017 (Press Release 17/32, Feb 2, 2017); OeNB hosts a copy stamped 'Country Report No. 17/32' (the press-release number), IMF's number is 17/26, Table 1 identical; 2016 column 'Est.' dropped"
"20170202","17/26","20170201","2021","NGDP_RPCH","1.1","https://www.imf.org/-/media/files/publications/cr/2017/cr1726.pdf","PDF p33, Table 1, row 'Real GDP (expenditure)'","staff report completed 20170113; 2016 Article IV, concluded on lapse-of-time basis Feb 1, 2017 (Press Release 17/32, Feb 2, 2017); OeNB hosts a copy stamped 'Country Report No. 17/32' (the press-release number), IMF's number is 17/26, Table 1 identical; 2016 column 'Est.' dropped"
"20170202","17/26","20170201","2022","NGDP_RPCH","1.1","https://www.imf.org/-/media/files/publications/cr/2017/cr1726.pdf","PDF p33, Table 1, row 'Real GDP (expenditure)'","staff report completed 20170113; 2016 Article IV, concluded on lapse-of-time basis Feb 1, 2017 (Press Release 17/32, Feb 2, 2017); OeNB hosts a copy stamped 'Country Report No. 17/32' (the press-release number), IMF's number is 17/26, Table 1 identical; 2016 column 'Est.' dropped"
"20170202","17/26","20170201","2017","PCPIPCH","1.6","https://www.imf.org/-/media/files/publications/cr/2017/cr1726.pdf","PDF p33, Table 1, row 'Consumer prices (avg)'","staff report completed 20170113; table does not say CPI or HICP; 2016 Article IV, concluded on lapse-of-time basis Feb 1, 2017 (Press Release 17/32, Feb 2, 2017); OeNB hosts a copy stamped 'Country Report No. 17/32' (the press-release number), IMF's number is 17/26, Table 1 identical; 2016 column 'Est.' dropped"
"20170202","17/26","20170201","2018","PCPIPCH","1.8","https://www.imf.org/-/media/files/publications/cr/2017/cr1726.pdf","PDF p33, Table 1, row 'Consumer prices (avg)'","staff report completed 20170113; table does not say CPI or HICP; 2016 Article IV, concluded on lapse-of-time basis Feb 1, 2017 (Press Release 17/32, Feb 2, 2017); OeNB hosts a copy stamped 'Country Report No. 17/32' (the press-release number), IMF's number is 17/26, Table 1 identical; 2016 column 'Est.' dropped"
"20170202","17/26","20170201","2019","PCPIPCH","2.1","https://www.imf.org/-/media/files/publications/cr/2017/cr1726.pdf","PDF p33, Table 1, row 'Consumer prices (avg)'","staff report completed 20170113; table does not say CPI or HICP; 2016 Article IV, concluded on lapse-of-time basis Feb 1, 2017 (Press Release 17/32, Feb 2, 2017); OeNB hosts a copy stamped 'Country Report No. 17/32' (the press-release number), IMF's number is 17/26, Table 1 identical; 2016 column 'Est.' dropped"
"20170202","17/26","20170201","2020","PCPIPCH","2.2","https://www.imf.org/-/media/files/publications/cr/2017/cr1726.pdf","PDF p33, Table 1, row 'Consumer prices (avg)'","staff report completed 20170113; table does not say CPI or HICP; 2016 Article IV, concluded on lapse-of-time basis Feb 1, 2017 (Press Release 17/32, Feb 2, 2017); OeNB hosts a copy stamped 'Country Report No. 17/32' (the press-release number), IMF's number is 17/26, Table 1 identical; 2016 column 'Est.' dropped"
"20170202","17/26","20170201","2021","PCPIPCH","2.2","https://www.imf.org/-/media/files/publications/cr/2017/cr1726.pdf","PDF p33, Table 1, row 'Consumer prices (avg)'","staff report completed 20170113; table does not say CPI or HICP; 2016 Article IV, concluded on lapse-of-time basis Feb 1, 2017 (Press Release 17/32, Feb 2, 2017); OeNB hosts a copy stamped 'Country Report No. 17/32' (the press-release number), IMF's number is 17/26, Table 1 identical; 2016 column 'Est.' dropped"
"20170202","17/26","20170201","2022","PCPIPCH","2.2","https://www.imf.org/-/media/files/publications/cr/2017/cr1726.pdf","PDF p33, Table 1, row 'Consumer prices (avg)'","staff report completed 20170113; table does not say CPI or HICP; 2016 Article IV, concluded on lapse-of-time basis Feb 1, 2017 (Press Release 17/32, Feb 2, 2017); OeNB hosts a copy stamped 'Country Report No. 17/32' (the press-release number), IMF's number is 17/26, Table 1 identical; 2016 column 'Est.' dropped"
"20170202","17/26","20170201","2017","LUR","5.9","https://www.imf.org/-/media/files/publications/cr/2017/cr1726.pdf","PDF p33, Table 1, row 'Unemployment rate (% labor force) - EU harmonized rate'","staff report completed 20170113; EU harmonized; national definition 8.9, 8.8, 8.7, 8.7, 8.6, 8.6; 2016 Article IV, concluded on lapse-of-time basis Feb 1, 2017 (Press Release 17/32, Feb 2, 2017); OeNB hosts a copy stamped 'Country Report No. 17/32' (the press-release number), IMF's number is 17/26, Table 1 identical; 2016 column 'Est.' dropped"
"20170202","17/26","20170201","2018","LUR","5.9","https://www.imf.org/-/media/files/publications/cr/2017/cr1726.pdf","PDF p33, Table 1, row 'Unemployment rate (% labor force) - EU harmonized rate'","staff report completed 20170113; EU harmonized; national definition 8.9, 8.8, 8.7, 8.7, 8.6, 8.6; 2016 Article IV, concluded on lapse-of-time basis Feb 1, 2017 (Press Release 17/32, Feb 2, 2017); OeNB hosts a copy stamped 'Country Report No. 17/32' (the press-release number), IMF's number is 17/26, Table 1 identical; 2016 column 'Est.' dropped"
"20170202","17/26","20170201","2019","LUR","5.9","https://www.imf.org/-/media/files/publications/cr/2017/cr1726.pdf","PDF p33, Table 1, row 'Unemployment rate (% labor force) - EU harmonized rate'","staff report completed 20170113; EU harmonized; national definition 8.9, 8.8, 8.7, 8.7, 8.6, 8.6; 2016 Article IV, concluded on lapse-of-time basis Feb 1, 2017 (Press Release 17/32, Feb 2, 2017); OeNB hosts a copy stamped 'Country Report No. 17/32' (the press-release number), IMF's number is 17/26, Table 1 identical; 2016 column 'Est.' dropped"
"20170202","17/26","20170201","2020","LUR","5.9","https://www.imf.org/-/media/files/publications/cr/2017/cr1726.pdf","PDF p33, Table 1, row 'Unemployment rate (% labor force) - EU harmonized rate'","staff report completed 20170113; EU harmonized; national definition 8.9, 8.8, 8.7, 8.7, 8.6, 8.6; 2016 Article IV, concluded on lapse-of-time basis Feb 1, 2017 (Press Release 17/32, Feb 2, 2017); OeNB hosts a copy stamped 'Country Report No. 17/32' (the press-release number), IMF's number is 17/26, Table 1 identical; 2016 column 'Est.' dropped"
"20170202","17/26","20170201","2021","LUR","5.9","https://www.imf.org/-/media/files/publications/cr/2017/cr1726.pdf","PDF p33, Table 1, row 'Unemployment rate (% labor force) - EU harmonized rate'","staff report completed 20170113; EU harmonized; national definition 8.9, 8.8, 8.7, 8.7, 8.6, 8.6; 2016 Article IV, concluded on lapse-of-time basis Feb 1, 2017 (Press Release 17/32, Feb 2, 2017); OeNB hosts a copy stamped 'Country Report No. 17/32' (the press-release number), IMF's number is 17/26, Table 1 identical; 2016 column 'Est.' dropped"
"20170202","17/26","20170201","2022","LUR","5.9","https://www.imf.org/-/media/files/publications/cr/2017/cr1726.pdf","PDF p33, Table 1, row 'Unemployment rate (% labor force) - EU harmonized rate'","staff report completed 20170113; EU harmonized; national definition 8.9, 8.8, 8.7, 8.7, 8.6, 8.6; 2016 Article IV, concluded on lapse-of-time basis Feb 1, 2017 (Press Release 17/32, Feb 2, 2017); OeNB hosts a copy stamped 'Country Report No. 17/32' (the press-release number), IMF's number is 17/26, Table 1 identical; 2016 column 'Est.' dropped"
"20180912","18/272","20180910","2018","NGDP_RPCH","3.0","https://www.imf.org/-/media/files/publications/cr/2018/cr18272.pdf","PDF p26, Table 1, row 'Real GDP (expenditure)'","staff report completed 20180827"
"20180912","18/272","20180910","2019","NGDP_RPCH","2.2","https://www.imf.org/-/media/files/publications/cr/2018/cr18272.pdf","PDF p26, Table 1, row 'Real GDP (expenditure)'","staff report completed 20180827"
"20180912","18/272","20180910","2020","NGDP_RPCH","1.6","https://www.imf.org/-/media/files/publications/cr/2018/cr18272.pdf","PDF p26, Table 1, row 'Real GDP (expenditure)'","staff report completed 20180827"
"20180912","18/272","20180910","2021","NGDP_RPCH","1.5","https://www.imf.org/-/media/files/publications/cr/2018/cr18272.pdf","PDF p26, Table 1, row 'Real GDP (expenditure)'","staff report completed 20180827"
"20180912","18/272","20180910","2022","NGDP_RPCH","1.5","https://www.imf.org/-/media/files/publications/cr/2018/cr18272.pdf","PDF p26, Table 1, row 'Real GDP (expenditure)'","staff report completed 20180827"
"20180912","18/272","20180910","2023","NGDP_RPCH","1.5","https://www.imf.org/-/media/files/publications/cr/2018/cr18272.pdf","PDF p26, Table 1, row 'Real GDP (expenditure)'","staff report completed 20180827"
"20180912","18/272","20180910","2018","PCPIPCH","2.0","https://www.imf.org/-/media/files/publications/cr/2018/cr18272.pdf","PDF p26, Table 1, row 'Consumer prices (avg)'","staff report completed 20180827; table does not say CPI or HICP"
"20180912","18/272","20180910","2019","PCPIPCH","2.1","https://www.imf.org/-/media/files/publications/cr/2018/cr18272.pdf","PDF p26, Table 1, row 'Consumer prices (avg)'","staff report completed 20180827; table does not say CPI or HICP"
"20180912","18/272","20180910","2020","PCPIPCH","2.1","https://www.imf.org/-/media/files/publications/cr/2018/cr18272.pdf","PDF p26, Table 1, row 'Consumer prices (avg)'","staff report completed 20180827; table does not say CPI or HICP"
"20180912","18/272","20180910","2021","PCPIPCH","2.1","https://www.imf.org/-/media/files/publications/cr/2018/cr18272.pdf","PDF p26, Table 1, row 'Consumer prices (avg)'","staff report completed 20180827; table does not say CPI or HICP"
"20180912","18/272","20180910","2022","PCPIPCH","2.1","https://www.imf.org/-/media/files/publications/cr/2018/cr18272.pdf","PDF p26, Table 1, row 'Consumer prices (avg)'","staff report completed 20180827; table does not say CPI or HICP"
"20180912","18/272","20180910","2023","PCPIPCH","2.0","https://www.imf.org/-/media/files/publications/cr/2018/cr18272.pdf","PDF p26, Table 1, row 'Consumer prices (avg)'","staff report completed 20180827; table does not say CPI or HICP"
"20180912","18/272","20180910","2018","LUR","5.2","https://www.imf.org/-/media/files/publications/cr/2018/cr18272.pdf","PDF p26, Table 1, row 'EU harmonized rate'","staff report completed 20180827; EU harmonized; national definition 8.1, 7.9, 7.8, 7.7, 7.7, 7.6"
"20180912","18/272","20180910","2019","LUR","5.1","https://www.imf.org/-/media/files/publications/cr/2018/cr18272.pdf","PDF p26, Table 1, row 'EU harmonized rate'","staff report completed 20180827; EU harmonized; national definition 8.1, 7.9, 7.8, 7.7, 7.7, 7.6"
"20180912","18/272","20180910","2020","LUR","5.0","https://www.imf.org/-/media/files/publications/cr/2018/cr18272.pdf","PDF p26, Table 1, row 'EU harmonized rate'","staff report completed 20180827; EU harmonized; national definition 8.1, 7.9, 7.8, 7.7, 7.7, 7.6"
"20180912","18/272","20180910","2021","LUR","5.0","https://www.imf.org/-/media/files/publications/cr/2018/cr18272.pdf","PDF p26, Table 1, row 'EU harmonized rate'","staff report completed 20180827; EU harmonized; national definition 8.1, 7.9, 7.8, 7.7, 7.7, 7.6"
"20180912","18/272","20180910","2022","LUR","5.1","https://www.imf.org/-/media/files/publications/cr/2018/cr18272.pdf","PDF p26, Table 1, row 'EU harmonized rate'","staff report completed 20180827; EU harmonized; national definition 8.1, 7.9, 7.8, 7.7, 7.7, 7.6"
"20180912","18/272","20180910","2023","LUR","5.1","https://www.imf.org/-/media/files/publications/cr/2018/cr18272.pdf","PDF p26, Table 1, row 'EU harmonized rate'","staff report completed 20180827; EU harmonized; national definition 8.1, 7.9, 7.8, 7.7, 7.7, 7.6"
"20210909","21/203","20210830","2021","NGDP_RPCH","3.5","https://www.imf.org/-/media/files/publications/cr/2021/english/1autea2021001.pdf","PDF p32, Table 2, row 'Real GDP (expenditure)'","staff report completed 20210803; press-release 'Austria: Selected Economic Indicators, 2018-22' (PDF p4) agrees for 2021-22; the staff report's indicator table is Table 2 (Table 1 lists fiscal measures); the table titled 'Austria: Selected Economic Indicators' is in the press release and has no consumption row; Staff Supplementary Information (Aug 24, 2021) changes only the BoP table"
"20210909","21/203","20210830","2022","NGDP_RPCH","4.5","https://www.imf.org/-/media/files/publications/cr/2021/english/1autea2021001.pdf","PDF p32, Table 2, row 'Real GDP (expenditure)'","staff report completed 20210803; press-release 'Austria: Selected Economic Indicators, 2018-22' (PDF p4) agrees for 2021-22; the staff report's indicator table is Table 2 (Table 1 lists fiscal measures); the table titled 'Austria: Selected Economic Indicators' is in the press release and has no consumption row; Staff Supplementary Information (Aug 24, 2021) changes only the BoP table"
"20210909","21/203","20210830","2023","NGDP_RPCH","2.3","https://www.imf.org/-/media/files/publications/cr/2021/english/1autea2021001.pdf","PDF p32, Table 2, row 'Real GDP (expenditure)'","staff report completed 20210803; press-release 'Austria: Selected Economic Indicators, 2018-22' (PDF p4) agrees for 2021-22; the staff report's indicator table is Table 2 (Table 1 lists fiscal measures); the table titled 'Austria: Selected Economic Indicators' is in the press release and has no consumption row; Staff Supplementary Information (Aug 24, 2021) changes only the BoP table"
"20210909","21/203","20210830","2024","NGDP_RPCH","2.2","https://www.imf.org/-/media/files/publications/cr/2021/english/1autea2021001.pdf","PDF p32, Table 2, row 'Real GDP (expenditure)'","staff report completed 20210803; press-release 'Austria: Selected Economic Indicators, 2018-22' (PDF p4) agrees for 2021-22; the staff report's indicator table is Table 2 (Table 1 lists fiscal measures); the table titled 'Austria: Selected Economic Indicators' is in the press release and has no consumption row; Staff Supplementary Information (Aug 24, 2021) changes only the BoP table"
"20210909","21/203","20210830","2025","NGDP_RPCH","2.0","https://www.imf.org/-/media/files/publications/cr/2021/english/1autea2021001.pdf","PDF p32, Table 2, row 'Real GDP (expenditure)'","staff report completed 20210803; press-release 'Austria: Selected Economic Indicators, 2018-22' (PDF p4) agrees for 2021-22; the staff report's indicator table is Table 2 (Table 1 lists fiscal measures); the table titled 'Austria: Selected Economic Indicators' is in the press release and has no consumption row; Staff Supplementary Information (Aug 24, 2021) changes only the BoP table"
"20210909","21/203","20210830","2026","NGDP_RPCH","1.8","https://www.imf.org/-/media/files/publications/cr/2021/english/1autea2021001.pdf","PDF p32, Table 2, row 'Real GDP (expenditure)'","staff report completed 20210803; press-release 'Austria: Selected Economic Indicators, 2018-22' (PDF p4) agrees for 2021-22; the staff report's indicator table is Table 2 (Table 1 lists fiscal measures); the table titled 'Austria: Selected Economic Indicators' is in the press release and has no consumption row; Staff Supplementary Information (Aug 24, 2021) changes only the BoP table"
"20210909","21/203","20210830","2021","PCPIPCH","2.1","https://www.imf.org/-/media/files/publications/cr/2021/english/1autea2021001.pdf","PDF p32, Table 2, row 'Consumer prices (avg)'","staff report completed 20210803; table does not say CPI or HICP; press-release 'Inflation (%)' agrees; the staff report's indicator table is Table 2 (Table 1 lists fiscal measures); the table titled 'Austria: Selected Economic Indicators' is in the press release and has no consumption row; Staff Supplementary Information (Aug 24, 2021) changes only the BoP table"
"20210909","21/203","20210830","2022","PCPIPCH","1.8","https://www.imf.org/-/media/files/publications/cr/2021/english/1autea2021001.pdf","PDF p32, Table 2, row 'Consumer prices (avg)'","staff report completed 20210803; table does not say CPI or HICP; press-release 'Inflation (%)' agrees; the staff report's indicator table is Table 2 (Table 1 lists fiscal measures); the table titled 'Austria: Selected Economic Indicators' is in the press release and has no consumption row; Staff Supplementary Information (Aug 24, 2021) changes only the BoP table"
"20210909","21/203","20210830","2023","PCPIPCH","2.0","https://www.imf.org/-/media/files/publications/cr/2021/english/1autea2021001.pdf","PDF p32, Table 2, row 'Consumer prices (avg)'","staff report completed 20210803; table does not say CPI or HICP; press-release 'Inflation (%)' agrees; the staff report's indicator table is Table 2 (Table 1 lists fiscal measures); the table titled 'Austria: Selected Economic Indicators' is in the press release and has no consumption row; Staff Supplementary Information (Aug 24, 2021) changes only the BoP table"
"20210909","21/203","20210830","2024","PCPIPCH","2.0","https://www.imf.org/-/media/files/publications/cr/2021/english/1autea2021001.pdf","PDF p32, Table 2, row 'Consumer prices (avg)'","staff report completed 20210803; table does not say CPI or HICP; press-release 'Inflation (%)' agrees; the staff report's indicator table is Table 2 (Table 1 lists fiscal measures); the table titled 'Austria: Selected Economic Indicators' is in the press release and has no consumption row; Staff Supplementary Information (Aug 24, 2021) changes only the BoP table"
"20210909","21/203","20210830","2025","PCPIPCH","2.0","https://www.imf.org/-/media/files/publications/cr/2021/english/1autea2021001.pdf","PDF p32, Table 2, row 'Consumer prices (avg)'","staff report completed 20210803; table does not say CPI or HICP; press-release 'Inflation (%)' agrees; the staff report's indicator table is Table 2 (Table 1 lists fiscal measures); the table titled 'Austria: Selected Economic Indicators' is in the press release and has no consumption row; Staff Supplementary Information (Aug 24, 2021) changes only the BoP table"
"20210909","21/203","20210830","2026","PCPIPCH","2.0","https://www.imf.org/-/media/files/publications/cr/2021/english/1autea2021001.pdf","PDF p32, Table 2, row 'Consumer prices (avg)'","staff report completed 20210803; table does not say CPI or HICP; press-release 'Inflation (%)' agrees; the staff report's indicator table is Table 2 (Table 1 lists fiscal measures); the table titled 'Austria: Selected Economic Indicators' is in the press release and has no consumption row; Staff Supplementary Information (Aug 24, 2021) changes only the BoP table"
"20210909","21/203","20210830","2021","LUR","5.5","https://www.imf.org/-/media/files/publications/cr/2021/english/1autea2021001.pdf","PDF p32, Table 2, row 'EU harmonized rate'","staff report completed 20210803; EU harmonized; national definition 9.5, 8.8, 8.0, 7.7, 7.7, 7.7; the staff report's indicator table is Table 2 (Table 1 lists fiscal measures); the table titled 'Austria: Selected Economic Indicators' is in the press release and has no consumption row; Staff Supplementary Information (Aug 24, 2021) changes only the BoP table"
"20210909","21/203","20210830","2022","LUR","5.3","https://www.imf.org/-/media/files/publications/cr/2021/english/1autea2021001.pdf","PDF p32, Table 2, row 'EU harmonized rate'","staff report completed 20210803; EU harmonized; national definition 9.5, 8.8, 8.0, 7.7, 7.7, 7.7; the staff report's indicator table is Table 2 (Table 1 lists fiscal measures); the table titled 'Austria: Selected Economic Indicators' is in the press release and has no consumption row; Staff Supplementary Information (Aug 24, 2021) changes only the BoP table"
"20210909","21/203","20210830","2023","LUR","5.0","https://www.imf.org/-/media/files/publications/cr/2021/english/1autea2021001.pdf","PDF p32, Table 2, row 'EU harmonized rate'","staff report completed 20210803; EU harmonized; national definition 9.5, 8.8, 8.0, 7.7, 7.7, 7.7; the staff report's indicator table is Table 2 (Table 1 lists fiscal measures); the table titled 'Austria: Selected Economic Indicators' is in the press release and has no consumption row; Staff Supplementary Information (Aug 24, 2021) changes only the BoP table"
"20210909","21/203","20210830","2024","LUR","4.7","https://www.imf.org/-/media/files/publications/cr/2021/english/1autea2021001.pdf","PDF p32, Table 2, row 'EU harmonized rate'","staff report completed 20210803; EU harmonized; national definition 9.5, 8.8, 8.0, 7.7, 7.7, 7.7; the staff report's indicator table is Table 2 (Table 1 lists fiscal measures); the table titled 'Austria: Selected Economic Indicators' is in the press release and has no consumption row; Staff Supplementary Information (Aug 24, 2021) changes only the BoP table"
"20210909","21/203","20210830","2025","LUR","4.7","https://www.imf.org/-/media/files/publications/cr/2021/english/1autea2021001.pdf","PDF p32, Table 2, row 'EU harmonized rate'","staff report completed 20210803; EU harmonized; national definition 9.5, 8.8, 8.0, 7.7, 7.7, 7.7; the staff report's indicator table is Table 2 (Table 1 lists fiscal measures); the table titled 'Austria: Selected Economic Indicators' is in the press release and has no consumption row; Staff Supplementary Information (Aug 24, 2021) changes only the BoP table"
"20210909","21/203","20210830","2026","LUR","4.7","https://www.imf.org/-/media/files/publications/cr/2021/english/1autea2021001.pdf","PDF p32, Table 2, row 'EU harmonized rate'","staff report completed 20210803; EU harmonized; national definition 9.5, 8.8, 8.0, 7.7, 7.7, 7.7; the staff report's indicator table is Table 2 (Table 1 lists fiscal measures); the table titled 'Austria: Selected Economic Indicators' is in the press release and has no consumption row; Staff Supplementary Information (Aug 24, 2021) changes only the BoP table"
"20220902","22/284","lapse-of-time","2022","NGDP_RPCH","3.9","https://www.imf.org/-/media/files/publications/cr/2022/english/1autea2022001.pdf","PDF p33, Table 1, row 'Real GDP (expenditure)'","staff report completed 20220804; press-release Table 1 (PDF p4) agrees for 2022-23; concluded on lapse-of-time basis, press release Sep 2, 2022; cover says report completed Aug 23, 2022, which is the date of the supplementary information (report issued to the Board Aug 4, 2022); the supplement does not change projections"
"20220902","22/284","lapse-of-time","2023","NGDP_RPCH","1.5","https://www.imf.org/-/media/files/publications/cr/2022/english/1autea2022001.pdf","PDF p33, Table 1, row 'Real GDP (expenditure)'","staff report completed 20220804; press-release Table 1 (PDF p4) agrees for 2022-23; concluded on lapse-of-time basis, press release Sep 2, 2022; cover says report completed Aug 23, 2022, which is the date of the supplementary information (report issued to the Board Aug 4, 2022); the supplement does not change projections"
"20220902","22/284","lapse-of-time","2024","NGDP_RPCH","1.9","https://www.imf.org/-/media/files/publications/cr/2022/english/1autea2022001.pdf","PDF p33, Table 1, row 'Real GDP (expenditure)'","staff report completed 20220804; press-release Table 1 (PDF p4) agrees for 2022-23; concluded on lapse-of-time basis, press release Sep 2, 2022; cover says report completed Aug 23, 2022, which is the date of the supplementary information (report issued to the Board Aug 4, 2022); the supplement does not change projections"
"20220902","22/284","lapse-of-time","2025","NGDP_RPCH","1.8","https://www.imf.org/-/media/files/publications/cr/2022/english/1autea2022001.pdf","PDF p33, Table 1, row 'Real GDP (expenditure)'","staff report completed 20220804; press-release Table 1 (PDF p4) agrees for 2022-23; concluded on lapse-of-time basis, press release Sep 2, 2022; cover says report completed Aug 23, 2022, which is the date of the supplementary information (report issued to the Board Aug 4, 2022); the supplement does not change projections"
"20220902","22/284","lapse-of-time","2026","NGDP_RPCH","1.7","https://www.imf.org/-/media/files/publications/cr/2022/english/1autea2022001.pdf","PDF p33, Table 1, row 'Real GDP (expenditure)'","staff report completed 20220804; press-release Table 1 (PDF p4) agrees for 2022-23; concluded on lapse-of-time basis, press release Sep 2, 2022; cover says report completed Aug 23, 2022, which is the date of the supplementary information (report issued to the Board Aug 4, 2022); the supplement does not change projections"
"20220902","22/284","lapse-of-time","2027","NGDP_RPCH","1.7","https://www.imf.org/-/media/files/publications/cr/2022/english/1autea2022001.pdf","PDF p33, Table 1, row 'Real GDP (expenditure)'","staff report completed 20220804; press-release Table 1 (PDF p4) agrees for 2022-23; concluded on lapse-of-time basis, press release Sep 2, 2022; cover says report completed Aug 23, 2022, which is the date of the supplementary information (report issued to the Board Aug 4, 2022); the supplement does not change projections"
"20220902","22/284","lapse-of-time","2022","PCPIPCH","7.1","https://www.imf.org/-/media/files/publications/cr/2022/english/1autea2022001.pdf","PDF p33, Table 1, row 'Consumer prices (avg)'","staff report completed 20220804; table does not say CPI or HICP; concluded on lapse-of-time basis, press release Sep 2, 2022; cover says report completed Aug 23, 2022, which is the date of the supplementary information (report issued to the Board Aug 4, 2022); the supplement does not change projections"
"20220902","22/284","lapse-of-time","2023","PCPIPCH","3.7","https://www.imf.org/-/media/files/publications/cr/2022/english/1autea2022001.pdf","PDF p33, Table 1, row 'Consumer prices (avg)'","staff report completed 20220804; table does not say CPI or HICP; concluded on lapse-of-time basis, press release Sep 2, 2022; cover says report completed Aug 23, 2022, which is the date of the supplementary information (report issued to the Board Aug 4, 2022); the supplement does not change projections"
"20220902","22/284","lapse-of-time","2024","PCPIPCH","2.5","https://www.imf.org/-/media/files/publications/cr/2022/english/1autea2022001.pdf","PDF p33, Table 1, row 'Consumer prices (avg)'","staff report completed 20220804; table does not say CPI or HICP; concluded on lapse-of-time basis, press release Sep 2, 2022; cover says report completed Aug 23, 2022, which is the date of the supplementary information (report issued to the Board Aug 4, 2022); the supplement does not change projections"
"20220902","22/284","lapse-of-time","2025","PCPIPCH","2.2","https://www.imf.org/-/media/files/publications/cr/2022/english/1autea2022001.pdf","PDF p33, Table 1, row 'Consumer prices (avg)'","staff report completed 20220804; table does not say CPI or HICP; concluded on lapse-of-time basis, press release Sep 2, 2022; cover says report completed Aug 23, 2022, which is the date of the supplementary information (report issued to the Board Aug 4, 2022); the supplement does not change projections"
"20220902","22/284","lapse-of-time","2026","PCPIPCH","2.0","https://www.imf.org/-/media/files/publications/cr/2022/english/1autea2022001.pdf","PDF p33, Table 1, row 'Consumer prices (avg)'","staff report completed 20220804; table does not say CPI or HICP; concluded on lapse-of-time basis, press release Sep 2, 2022; cover says report completed Aug 23, 2022, which is the date of the supplementary information (report issued to the Board Aug 4, 2022); the supplement does not change projections"
"20220902","22/284","lapse-of-time","2027","PCPIPCH","2.0","https://www.imf.org/-/media/files/publications/cr/2022/english/1autea2022001.pdf","PDF p33, Table 1, row 'Consumer prices (avg)'","staff report completed 20220804; table does not say CPI or HICP; concluded on lapse-of-time basis, press release Sep 2, 2022; cover says report completed Aug 23, 2022, which is the date of the supplementary information (report issued to the Board Aug 4, 2022); the supplement does not change projections"
"20220902","22/284","lapse-of-time","2022","LUR","4.5","https://www.imf.org/-/media/files/publications/cr/2022/english/1autea2022001.pdf","PDF p33, Table 1, row 'EU harmonized rate'","staff report completed 20220804; EU harmonized; national definition 6.3, 6.4, 6.3, 6.1, 6.1, 6.1; concluded on lapse-of-time basis, press release Sep 2, 2022; cover says report completed Aug 23, 2022, which is the date of the supplementary information (report issued to the Board Aug 4, 2022); the supplement does not change projections"
"20220902","22/284","lapse-of-time","2023","LUR","4.6","https://www.imf.org/-/media/files/publications/cr/2022/english/1autea2022001.pdf","PDF p33, Table 1, row 'EU harmonized rate'","staff report completed 20220804; EU harmonized; national definition 6.3, 6.4, 6.3, 6.1, 6.1, 6.1; concluded on lapse-of-time basis, press release Sep 2, 2022; cover says report completed Aug 23, 2022, which is the date of the supplementary information (report issued to the Board Aug 4, 2022); the supplement does not change projections"
"20220902","22/284","lapse-of-time","2024","LUR","4.5","https://www.imf.org/-/media/files/publications/cr/2022/english/1autea2022001.pdf","PDF p33, Table 1, row 'EU harmonized rate'","staff report completed 20220804; EU harmonized; national definition 6.3, 6.4, 6.3, 6.1, 6.1, 6.1; concluded on lapse-of-time basis, press release Sep 2, 2022; cover says report completed Aug 23, 2022, which is the date of the supplementary information (report issued to the Board Aug 4, 2022); the supplement does not change projections"
"20220902","22/284","lapse-of-time","2025","LUR","4.3","https://www.imf.org/-/media/files/publications/cr/2022/english/1autea2022001.pdf","PDF p33, Table 1, row 'EU harmonized rate'","staff report completed 20220804; EU harmonized; national definition 6.3, 6.4, 6.3, 6.1, 6.1, 6.1; concluded on lapse-of-time basis, press release Sep 2, 2022; cover says report completed Aug 23, 2022, which is the date of the supplementary information (report issued to the Board Aug 4, 2022); the supplement does not change projections"
"20220902","22/284","lapse-of-time","2026","LUR","4.3","https://www.imf.org/-/media/files/publications/cr/2022/english/1autea2022001.pdf","PDF p33, Table 1, row 'EU harmonized rate'","staff report completed 20220804; EU harmonized; national definition 6.3, 6.4, 6.3, 6.1, 6.1, 6.1; concluded on lapse-of-time basis, press release Sep 2, 2022; cover says report completed Aug 23, 2022, which is the date of the supplementary information (report issued to the Board Aug 4, 2022); the supplement does not change projections"
"20220902","22/284","lapse-of-time","2027","LUR","4.3","https://www.imf.org/-/media/files/publications/cr/2022/english/1autea2022001.pdf","PDF p33, Table 1, row 'EU harmonized rate'","staff report completed 20220804; EU harmonized; national definition 6.3, 6.4, 6.3, 6.1, 6.1, 6.1; concluded on lapse-of-time basis, press release Sep 2, 2022; cover says report completed Aug 23, 2022, which is the date of the supplementary information (report issued to the Board Aug 4, 2022); the supplement does not change projections"
"20240513","24/107","20240503","2024","NGDP_RPCH","0.3","https://www.imf.org/-/media/files/publications/cr/2024/english/1autea2024001.pdf","PDF p33, Table 1, row 'Real GDP (expenditure)'","staff report completed 20240419; press-release Table 1 (PDF p4) agrees for 2024-25"
"20240513","24/107","20240503","2025","NGDP_RPCH","1.6","https://www.imf.org/-/media/files/publications/cr/2024/english/1autea2024001.pdf","PDF p33, Table 1, row 'Real GDP (expenditure)'","staff report completed 20240419; press-release Table 1 (PDF p4) agrees for 2024-25"
"20240513","24/107","20240503","2026","NGDP_RPCH","1.4","https://www.imf.org/-/media/files/publications/cr/2024/english/1autea2024001.pdf","PDF p33, Table 1, row 'Real GDP (expenditure)'","staff report completed 20240419; press-release Table 1 (PDF p4) agrees for 2024-25"
"20240513","24/107","20240503","2027","NGDP_RPCH","1.0","https://www.imf.org/-/media/files/publications/cr/2024/english/1autea2024001.pdf","PDF p33, Table 1, row 'Real GDP (expenditure)'","staff report completed 20240419; press-release Table 1 (PDF p4) agrees for 2024-25"
"20240513","24/107","20240503","2028","NGDP_RPCH","0.9","https://www.imf.org/-/media/files/publications/cr/2024/english/1autea2024001.pdf","PDF p33, Table 1, row 'Real GDP (expenditure)'","staff report completed 20240419; press-release Table 1 (PDF p4) agrees for 2024-25"
"20240513","24/107","20240503","2029","NGDP_RPCH","0.9","https://www.imf.org/-/media/files/publications/cr/2024/english/1autea2024001.pdf","PDF p33, Table 1, row 'Real GDP (expenditure)'","staff report completed 20240419; press-release Table 1 (PDF p4) agrees for 2024-25"
"20240513","24/107","20240503","2024","PCPIPCH","4.0","https://www.imf.org/-/media/files/publications/cr/2024/english/1autea2024001.pdf","PDF p33, Table 1, row 'Consumer prices (avg)'","staff report completed 20240419; not labelled CPI or HICP; Text Table 1 footnote flags only WIFO's inflation as national CPI, suggesting staff's is HICP"
"20240513","24/107","20240503","2025","PCPIPCH","2.8","https://www.imf.org/-/media/files/publications/cr/2024/english/1autea2024001.pdf","PDF p33, Table 1, row 'Consumer prices (avg)'","staff report completed 20240419; not labelled CPI or HICP; Text Table 1 footnote flags only WIFO's inflation as national CPI, suggesting staff's is HICP"
"20240513","24/107","20240503","2026","PCPIPCH","2.3","https://www.imf.org/-/media/files/publications/cr/2024/english/1autea2024001.pdf","PDF p33, Table 1, row 'Consumer prices (avg)'","staff report completed 20240419; not labelled CPI or HICP; Text Table 1 footnote flags only WIFO's inflation as national CPI, suggesting staff's is HICP"
"20240513","24/107","20240503","2027","PCPIPCH","2.0","https://www.imf.org/-/media/files/publications/cr/2024/english/1autea2024001.pdf","PDF p33, Table 1, row 'Consumer prices (avg)'","staff report completed 20240419; not labelled CPI or HICP; Text Table 1 footnote flags only WIFO's inflation as national CPI, suggesting staff's is HICP"
"20240513","24/107","20240503","2028","PCPIPCH","2.1","https://www.imf.org/-/media/files/publications/cr/2024/english/1autea2024001.pdf","PDF p33, Table 1, row 'Consumer prices (avg)'","staff report completed 20240419; not labelled CPI or HICP; Text Table 1 footnote flags only WIFO's inflation as national CPI, suggesting staff's is HICP"
"20240513","24/107","20240503","2029","PCPIPCH","2.1","https://www.imf.org/-/media/files/publications/cr/2024/english/1autea2024001.pdf","PDF p33, Table 1, row 'Consumer prices (avg)'","staff report completed 20240419; not labelled CPI or HICP; Text Table 1 footnote flags only WIFO's inflation as national CPI, suggesting staff's is HICP"
"20240513","24/107","20240503","2024","LUR","5.4","https://www.imf.org/-/media/files/publications/cr/2024/english/1autea2024001.pdf","PDF p33, Table 1, row 'EU harmonized rate'","staff report completed 20240419; EU harmonized; national definition 6.6, 6.4, 6.4, 6.4, 6.4, 6.4"
"20240513","24/107","20240503","2025","LUR","5.2","https://www.imf.org/-/media/files/publications/cr/2024/english/1autea2024001.pdf","PDF p33, Table 1, row 'EU harmonized rate'","staff report completed 20240419; EU harmonized; national definition 6.6, 6.4, 6.4, 6.4, 6.4, 6.4"
"20240513","24/107","20240503","2026","LUR","5.1","https://www.imf.org/-/media/files/publications/cr/2024/english/1autea2024001.pdf","PDF p33, Table 1, row 'EU harmonized rate'","staff report completed 20240419; EU harmonized; national definition 6.6, 6.4, 6.4, 6.4, 6.4, 6.4"
"20240513","24/107","20240503","2027","LUR","5.1","https://www.imf.org/-/media/files/publications/cr/2024/english/1autea2024001.pdf","PDF p33, Table 1, row 'EU harmonized rate'","staff report completed 20240419; EU harmonized; national definition 6.6, 6.4, 6.4, 6.4, 6.4, 6.4"
"20240513","24/107","20240503","2028","LUR","5.0","https://www.imf.org/-/media/files/publications/cr/2024/english/1autea2024001.pdf","PDF p33, Table 1, row 'EU harmonized rate'","staff report completed 20240419; EU harmonized; national definition 6.6, 6.4, 6.4, 6.4, 6.4, 6.4"
"20240513","24/107","20240503","2029","LUR","5.1","https://www.imf.org/-/media/files/publications/cr/2024/english/1autea2024001.pdf","PDF p33, Table 1, row 'EU harmonized rate'","staff report completed 20240419; EU harmonized; national definition 6.6, 6.4, 6.4, 6.4, 6.4, 6.4"
"20250703","25/159","20250625 (lapse-of-time)","2025","NGDP_RPCH","-0.1","https://www.imf.org/-/media/files/publications/cr/2025/english/1autea2025001-print-pdf.pdf","PDF p29, Table 4, row 'Real GDP (expenditure)' (SWDA)","staff report completed 20250609; SWDA; the table's 'Real GDP (unadjusted)' row is -0.1, 0.9, 1.6, 1.2, 1.1, 0.8; press-release Table 1 (PDF p5) uses the SWDA figures; the staff report's indicator table is Table 4; Table 1 in this PDF is the press-release 'Selected Economic Indicators, 2022-26' without consumption; concluded on lapse-of-time basis (cover); the date June 25, 2025 is from the IMF country page ('last Article IV Executive Board Consultation'); press release dated July 3, 2025"
"20250703","25/159","20250625 (lapse-of-time)","2026","NGDP_RPCH","0.8","https://www.imf.org/-/media/files/publications/cr/2025/english/1autea2025001-print-pdf.pdf","PDF p29, Table 4, row 'Real GDP (expenditure)' (SWDA)","staff report completed 20250609; SWDA; the table's 'Real GDP (unadjusted)' row is -0.1, 0.9, 1.6, 1.2, 1.1, 0.8; press-release Table 1 (PDF p5) uses the SWDA figures; the staff report's indicator table is Table 4; Table 1 in this PDF is the press-release 'Selected Economic Indicators, 2022-26' without consumption; concluded on lapse-of-time basis (cover); the date June 25, 2025 is from the IMF country page ('last Article IV Executive Board Consultation'); press release dated July 3, 2025"
"20250703","25/159","20250625 (lapse-of-time)","2027","NGDP_RPCH","1.6","https://www.imf.org/-/media/files/publications/cr/2025/english/1autea2025001-print-pdf.pdf","PDF p29, Table 4, row 'Real GDP (expenditure)' (SWDA)","staff report completed 20250609; SWDA; the table's 'Real GDP (unadjusted)' row is -0.1, 0.9, 1.6, 1.2, 1.1, 0.8; press-release Table 1 (PDF p5) uses the SWDA figures; the staff report's indicator table is Table 4; Table 1 in this PDF is the press-release 'Selected Economic Indicators, 2022-26' without consumption; concluded on lapse-of-time basis (cover); the date June 25, 2025 is from the IMF country page ('last Article IV Executive Board Consultation'); press release dated July 3, 2025"
"20250703","25/159","20250625 (lapse-of-time)","2028","NGDP_RPCH","1.3","https://www.imf.org/-/media/files/publications/cr/2025/english/1autea2025001-print-pdf.pdf","PDF p29, Table 4, row 'Real GDP (expenditure)' (SWDA)","staff report completed 20250609; SWDA; the table's 'Real GDP (unadjusted)' row is -0.1, 0.9, 1.6, 1.2, 1.1, 0.8; press-release Table 1 (PDF p5) uses the SWDA figures; the staff report's indicator table is Table 4; Table 1 in this PDF is the press-release 'Selected Economic Indicators, 2022-26' without consumption; concluded on lapse-of-time basis (cover); the date June 25, 2025 is from the IMF country page ('last Article IV Executive Board Consultation'); press release dated July 3, 2025"
"20250703","25/159","20250625 (lapse-of-time)","2029","NGDP_RPCH","1.0","https://www.imf.org/-/media/files/publications/cr/2025/english/1autea2025001-print-pdf.pdf","PDF p29, Table 4, row 'Real GDP (expenditure)' (SWDA)","staff report completed 20250609; SWDA; the table's 'Real GDP (unadjusted)' row is -0.1, 0.9, 1.6, 1.2, 1.1, 0.8; press-release Table 1 (PDF p5) uses the SWDA figures; the staff report's indicator table is Table 4; Table 1 in this PDF is the press-release 'Selected Economic Indicators, 2022-26' without consumption; concluded on lapse-of-time basis (cover); the date June 25, 2025 is from the IMF country page ('last Article IV Executive Board Consultation'); press release dated July 3, 2025"
"20250703","25/159","20250625 (lapse-of-time)","2030","NGDP_RPCH","0.8","https://www.imf.org/-/media/files/publications/cr/2025/english/1autea2025001-print-pdf.pdf","PDF p29, Table 4, row 'Real GDP (expenditure)' (SWDA)","staff report completed 20250609; SWDA; the table's 'Real GDP (unadjusted)' row is -0.1, 0.9, 1.6, 1.2, 1.1, 0.8; press-release Table 1 (PDF p5) uses the SWDA figures; the staff report's indicator table is Table 4; Table 1 in this PDF is the press-release 'Selected Economic Indicators, 2022-26' without consumption; concluded on lapse-of-time basis (cover); the date June 25, 2025 is from the IMF country page ('last Article IV Executive Board Consultation'); press release dated July 3, 2025"
"20250703","25/159","20250625 (lapse-of-time)","2025","PCPIPCH","3.2","https://www.imf.org/-/media/files/publications/cr/2025/english/1autea2025001-print-pdf.pdf","PDF p29, Table 4, row 'Consumer prices (avg)'","staff report completed 20250609; table does not say CPI or HICP; the staff report's indicator table is Table 4; Table 1 in this PDF is the press-release 'Selected Economic Indicators, 2022-26' without consumption; concluded on lapse-of-time basis (cover); the date June 25, 2025 is from the IMF country page ('last Article IV Executive Board Consultation'); press release dated July 3, 2025"
"20250703","25/159","20250625 (lapse-of-time)","2026","PCPIPCH","1.7","https://www.imf.org/-/media/files/publications/cr/2025/english/1autea2025001-print-pdf.pdf","PDF p29, Table 4, row 'Consumer prices (avg)'","staff report completed 20250609; table does not say CPI or HICP; the staff report's indicator table is Table 4; Table 1 in this PDF is the press-release 'Selected Economic Indicators, 2022-26' without consumption; concluded on lapse-of-time basis (cover); the date June 25, 2025 is from the IMF country page ('last Article IV Executive Board Consultation'); press release dated July 3, 2025"
"20250703","25/159","20250625 (lapse-of-time)","2027","PCPIPCH","2.2","https://www.imf.org/-/media/files/publications/cr/2025/english/1autea2025001-print-pdf.pdf","PDF p29, Table 4, row 'Consumer prices (avg)'","staff report completed 20250609; table does not say CPI or HICP; the staff report's indicator table is Table 4; Table 1 in this PDF is the press-release 'Selected Economic Indicators, 2022-26' without consumption; concluded on lapse-of-time basis (cover); the date June 25, 2025 is from the IMF country page ('last Article IV Executive Board Consultation'); press release dated July 3, 2025"
"20250703","25/159","20250625 (lapse-of-time)","2028","PCPIPCH","2.1","https://www.imf.org/-/media/files/publications/cr/2025/english/1autea2025001-print-pdf.pdf","PDF p29, Table 4, row 'Consumer prices (avg)'","staff report completed 20250609; table does not say CPI or HICP; the staff report's indicator table is Table 4; Table 1 in this PDF is the press-release 'Selected Economic Indicators, 2022-26' without consumption; concluded on lapse-of-time basis (cover); the date June 25, 2025 is from the IMF country page ('last Article IV Executive Board Consultation'); press release dated July 3, 2025"
"20250703","25/159","20250625 (lapse-of-time)","2029","PCPIPCH","2.1","https://www.imf.org/-/media/files/publications/cr/2025/english/1autea2025001-print-pdf.pdf","PDF p29, Table 4, row 'Consumer prices (avg)'","staff report completed 20250609; table does not say CPI or HICP; the staff report's indicator table is Table 4; Table 1 in this PDF is the press-release 'Selected Economic Indicators, 2022-26' without consumption; concluded on lapse-of-time basis (cover); the date June 25, 2025 is from the IMF country page ('last Article IV Executive Board Consultation'); press release dated July 3, 2025"
"20250703","25/159","20250625 (lapse-of-time)","2030","PCPIPCH","2.1","https://www.imf.org/-/media/files/publications/cr/2025/english/1autea2025001-print-pdf.pdf","PDF p29, Table 4, row 'Consumer prices (avg)'","staff report completed 20250609; table does not say CPI or HICP; the staff report's indicator table is Table 4; Table 1 in this PDF is the press-release 'Selected Economic Indicators, 2022-26' without consumption; concluded on lapse-of-time basis (cover); the date June 25, 2025 is from the IMF country page ('last Article IV Executive Board Consultation'); press release dated July 3, 2025"
"20250703","25/159","20250625 (lapse-of-time)","2025","LUR","5.6","https://www.imf.org/-/media/files/publications/cr/2025/english/1autea2025001-print-pdf.pdf","PDF p29, Table 4, row 'EU harmonized rate'","staff report completed 20250609; EU harmonized; national definition 7.2, 7.1, 6.9, 6.8, 6.8, 6.8; the staff report's indicator table is Table 4; Table 1 in this PDF is the press-release 'Selected Economic Indicators, 2022-26' without consumption; concluded on lapse-of-time basis (cover); the date June 25, 2025 is from the IMF country page ('last Article IV Executive Board Consultation'); press release dated July 3, 2025"
"20250703","25/159","20250625 (lapse-of-time)","2026","LUR","5.5","https://www.imf.org/-/media/files/publications/cr/2025/english/1autea2025001-print-pdf.pdf","PDF p29, Table 4, row 'EU harmonized rate'","staff report completed 20250609; EU harmonized; national definition 7.2, 7.1, 6.9, 6.8, 6.8, 6.8; the staff report's indicator table is Table 4; Table 1 in this PDF is the press-release 'Selected Economic Indicators, 2022-26' without consumption; concluded on lapse-of-time basis (cover); the date June 25, 2025 is from the IMF country page ('last Article IV Executive Board Consultation'); press release dated July 3, 2025"
"20250703","25/159","20250625 (lapse-of-time)","2027","LUR","5.3","https://www.imf.org/-/media/files/publications/cr/2025/english/1autea2025001-print-pdf.pdf","PDF p29, Table 4, row 'EU harmonized rate'","staff report completed 20250609; EU harmonized; national definition 7.2, 7.1, 6.9, 6.8, 6.8, 6.8; the staff report's indicator table is Table 4; Table 1 in this PDF is the press-release 'Selected Economic Indicators, 2022-26' without consumption; concluded on lapse-of-time basis (cover); the date June 25, 2025 is from the IMF country page ('last Article IV Executive Board Consultation'); press release dated July 3, 2025"
"20250703","25/159","20250625 (lapse-of-time)","2028","LUR","5.3","https://www.imf.org/-/media/files/publications/cr/2025/english/1autea2025001-print-pdf.pdf","PDF p29, Table 4, row 'EU harmonized rate'","staff report completed 20250609; EU harmonized; national definition 7.2, 7.1, 6.9, 6.8, 6.8, 6.8; the staff report's indicator table is Table 4; Table 1 in this PDF is the press-release 'Selected Economic Indicators, 2022-26' without consumption; concluded on lapse-of-time basis (cover); the date June 25, 2025 is from the IMF country page ('last Article IV Executive Board Consultation'); press release dated July 3, 2025"
"20250703","25/159","20250625 (lapse-of-time)","2029","LUR","5.2","https://www.imf.org/-/media/files/publications/cr/2025/english/1autea2025001-print-pdf.pdf","PDF p29, Table 4, row 'EU harmonized rate'","staff report completed 20250609; EU harmonized; national definition 7.2, 7.1, 6.9, 6.8, 6.8, 6.8; the staff report's indicator table is Table 4; Table 1 in this PDF is the press-release 'Selected Economic Indicators, 2022-26' without consumption; concluded on lapse-of-time basis (cover); the date June 25, 2025 is from the IMF country page ('last Article IV Executive Board Consultation'); press release dated July 3, 2025"
"20250703","25/159","20250625 (lapse-of-time)","2030","LUR","5.2","https://www.imf.org/-/media/files/publications/cr/2025/english/1autea2025001-print-pdf.pdf","PDF p29, Table 4, row 'EU harmonized rate'","staff report completed 20250609; EU harmonized; national definition 7.2, 7.1, 6.9, 6.8, 6.8, 6.8; the staff report's indicator table is Table 4; Table 1 in this PDF is the press-release 'Selected Economic Indicators, 2022-26' without consumption; concluded on lapse-of-time basis (cover); the date June 25, 2025 is from the IMF country page ('last Article IV Executive Board Consultation'); press release dated July 3, 2025"
"20260720","26/180","20260708","2026","NGDP_RPCH","0.6","https://www.imf.org/-/media/files/publications/cr/2026/english/1autea2026002.pdf","PDF p30, Table 1, row 'Real GDP (expenditure)' (SWDA)","staff report completed 20260624; press-release Table 1 (PDF p4) agrees for 2026-27; consultation included the FSAP discussion"
"20260720","26/180","20260708","2027","NGDP_RPCH","1.0","https://www.imf.org/-/media/files/publications/cr/2026/english/1autea2026002.pdf","PDF p30, Table 1, row 'Real GDP (expenditure)' (SWDA)","staff report completed 20260624; press-release Table 1 (PDF p4) agrees for 2026-27; consultation included the FSAP discussion"
"20260720","26/180","20260708","2028","NGDP_RPCH","1.2","https://www.imf.org/-/media/files/publications/cr/2026/english/1autea2026002.pdf","PDF p30, Table 1, row 'Real GDP (expenditure)' (SWDA)","staff report completed 20260624; press-release Table 1 (PDF p4) agrees for 2026-27; consultation included the FSAP discussion"
"20260720","26/180","20260708","2029","NGDP_RPCH","1.0","https://www.imf.org/-/media/files/publications/cr/2026/english/1autea2026002.pdf","PDF p30, Table 1, row 'Real GDP (expenditure)' (SWDA)","staff report completed 20260624; press-release Table 1 (PDF p4) agrees for 2026-27; consultation included the FSAP discussion"
"20260720","26/180","20260708","2030","NGDP_RPCH","0.9","https://www.imf.org/-/media/files/publications/cr/2026/english/1autea2026002.pdf","PDF p30, Table 1, row 'Real GDP (expenditure)' (SWDA)","staff report completed 20260624; press-release Table 1 (PDF p4) agrees for 2026-27; consultation included the FSAP discussion"
"20260720","26/180","20260708","2031","NGDP_RPCH","0.8","https://www.imf.org/-/media/files/publications/cr/2026/english/1autea2026002.pdf","PDF p30, Table 1, row 'Real GDP (expenditure)' (SWDA)","staff report completed 20260624; press-release Table 1 (PDF p4) agrees for 2026-27; consultation included the FSAP discussion"
"20260720","26/180","20260708","2026","PCPIPCH","3.2","https://www.imf.org/-/media/files/publications/cr/2026/english/1autea2026002.pdf","PDF p30, Table 1, row 'Consumer prices (avg)'","staff report completed 20260624; table does not say CPI or HICP; consultation included the FSAP discussion"
"20260720","26/180","20260708","2027","PCPIPCH","2.8","https://www.imf.org/-/media/files/publications/cr/2026/english/1autea2026002.pdf","PDF p30, Table 1, row 'Consumer prices (avg)'","staff report completed 20260624; table does not say CPI or HICP; consultation included the FSAP discussion"
"20260720","26/180","20260708","2028","PCPIPCH","2.1","https://www.imf.org/-/media/files/publications/cr/2026/english/1autea2026002.pdf","PDF p30, Table 1, row 'Consumer prices (avg)'","staff report completed 20260624; table does not say CPI or HICP; consultation included the FSAP discussion"
"20260720","26/180","20260708","2029","PCPIPCH","2.1","https://www.imf.org/-/media/files/publications/cr/2026/english/1autea2026002.pdf","PDF p30, Table 1, row 'Consumer prices (avg)'","staff report completed 20260624; table does not say CPI or HICP; consultation included the FSAP discussion"
"20260720","26/180","20260708","2030","PCPIPCH","2.1","https://www.imf.org/-/media/files/publications/cr/2026/english/1autea2026002.pdf","PDF p30, Table 1, row 'Consumer prices (avg)'","staff report completed 20260624; table does not say CPI or HICP; consultation included the FSAP discussion"
"20260720","26/180","20260708","2031","PCPIPCH","2.1","https://www.imf.org/-/media/files/publications/cr/2026/english/1autea2026002.pdf","PDF p30, Table 1, row 'Consumer prices (avg)'","staff report completed 20260624; table does not say CPI or HICP; consultation included the FSAP discussion"
"20260720","26/180","20260708","2026","LUR","5.7","https://www.imf.org/-/media/files/publications/cr/2026/english/1autea2026002.pdf","PDF p30, Table 1, row 'EU harmonized rate'","staff report completed 20260624; EU harmonized; national definition 7.6, 7.4, 7.2, 7.1, 7.1, 7.1; consultation included the FSAP discussion"
"20260720","26/180","20260708","2027","LUR","5.6","https://www.imf.org/-/media/files/publications/cr/2026/english/1autea2026002.pdf","PDF p30, Table 1, row 'EU harmonized rate'","staff report completed 20260624; EU harmonized; national definition 7.6, 7.4, 7.2, 7.1, 7.1, 7.1; consultation included the FSAP discussion"
"20260720","26/180","20260708","2028","LUR","5.4","https://www.imf.org/-/media/files/publications/cr/2026/english/1autea2026002.pdf","PDF p30, Table 1, row 'EU harmonized rate'","staff report completed 20260624; EU harmonized; national definition 7.6, 7.4, 7.2, 7.1, 7.1, 7.1; consultation included the FSAP discussion"
"20260720","26/180","20260708","2029","LUR","5.3","https://www.imf.org/-/media/files/publications/cr/2026/english/1autea2026002.pdf","PDF p30, Table 1, row 'EU harmonized rate'","staff report completed 20260624; EU harmonized; national definition 7.6, 7.4, 7.2, 7.1, 7.1, 7.1; consultation included the FSAP discussion"
"20260720","26/180","20260708","2030","LUR","5.3","https://www.imf.org/-/media/files/publications/cr/2026/english/1autea2026002.pdf","PDF p30, Table 1, row 'EU harmonized rate'","staff report completed 20260624; EU harmonized; national definition 7.6, 7.4, 7.2, 7.1, 7.1, 7.1; consultation included the FSAP discussion"
"20260720","26/180","20260708","2031","LUR","5.3","https://www.imf.org/-/media/files/publications/cr/2026/english/1autea2026002.pdf","PDF p30, Table 1, row 'EU harmonized rate'","staff report completed 20260624; EU harmonized; national definition 7.6, 7.4, 7.2, 7.1, 7.1, 7.1; consultation included the FSAP discussion"
