"pubdate","year","variable","value","url","location","notes"
"20250626","2025","NGDP_RPCH","0.1","https://www.ihs.ac.at/fileadmin/public/2016_Files/Documents/2025/Sommer-Prognose/IHS_Konjunkturprognose_2025_06_Sommer.pdf","PDF page 11, Tabelle 1: Hauptergebnisse der IHS-Prognose, row 'Bruttoinlandsprodukt, real'","Real GDP, % change y/y, unadjusted (same Table 1 row as existing files, which equals the unadjusted Jahresveraenderungsrate of Tab. 13); release date per embargo (Sperrfrist) on PDF cover and IHS website (Sommer-Prognose 2025-2026)"
"20250626","2026","NGDP_RPCH","1.0","https://www.ihs.ac.at/fileadmin/public/2016_Files/Documents/2025/Sommer-Prognose/IHS_Konjunkturprognose_2025_06_Sommer.pdf","PDF page 11, Tabelle 1: Hauptergebnisse der IHS-Prognose, row 'Bruttoinlandsprodukt, real'","Real GDP, % change y/y, unadjusted (same Table 1 row as existing files, which equals the unadjusted Jahresveraenderungsrate of Tab. 13); release date per embargo (Sperrfrist) on PDF cover and IHS website (Sommer-Prognose 2025-2026)"
"20250626","2025","LUR","5.5","https://www.ihs.ac.at/fileadmin/public/2016_Files/Documents/2025/Sommer-Prognose/IHS_Konjunkturprognose_2025_06_Sommer.pdf","PDF page 11, Tabelle 1: Hauptergebnisse der IHS-Prognose, row 'Arbeitslosenquote: Eurostat-Definition'","Unemployment rate, Eurostat definition (not the AMS national definition); release date per embargo (Sperrfrist) on PDF cover and IHS website (Sommer-Prognose 2025-2026)"
"20250626","2026","LUR","5.4","https://www.ihs.ac.at/fileadmin/public/2016_Files/Documents/2025/Sommer-Prognose/IHS_Konjunkturprognose_2025_06_Sommer.pdf","PDF page 11, Tabelle 1: Hauptergebnisse der IHS-Prognose, row 'Arbeitslosenquote: Eurostat-Definition'","Unemployment rate, Eurostat definition (not the AMS national definition); release date per embargo (Sperrfrist) on PDF cover and IHS website (Sommer-Prognose 2025-2026)"
"20250626","2025","PCPIPCH","2.9","https://www.ihs.ac.at/fileadmin/public/2016_Files/Documents/2025/Sommer-Prognose/IHS_Konjunkturprognose_2025_06_Sommer.pdf","PDF page 11, Tabelle 1: Hauptergebnisse der IHS-Prognose, row 'Verbraucherpreisindex'","Inflation, national CPI (VPI), % change y/y; HICP not reported in Table 1; release date per embargo (Sperrfrist) on PDF cover and IHS website (Sommer-Prognose 2025-2026)"
"20250626","2026","PCPIPCH","1.9","https://www.ihs.ac.at/fileadmin/public/2016_Files/Documents/2025/Sommer-Prognose/IHS_Konjunkturprognose_2025_06_Sommer.pdf","PDF page 11, Tabelle 1: Hauptergebnisse der IHS-Prognose, row 'Verbraucherpreisindex'","Inflation, national CPI (VPI), % change y/y; HICP not reported in Table 1; release date per embargo (Sperrfrist) on PDF cover and IHS website (Sommer-Prognose 2025-2026)"
"20251007","2025","NGDP_RPCH","0.4","https://www.ihs.ac.at/fileadmin/public/2016_Files/Documents/2025/Herbstprognose/IHS_Konjunkturprognose_2025_10_Herbst.pdf","PDF page 11, Tabelle 1: Hauptergebnisse der IHS-Prognose, row 'Bruttoinlandsprodukt, real'","Real GDP, % change y/y, unadjusted (same Table 1 row as existing files, which equals the unadjusted Jahresveraenderungsrate of Tab. 13); release date per embargo (Sperrfrist) on PDF cover and IHS website (Herbst-Prognose 2025-2026)"
"20251007","2026","NGDP_RPCH","0.9","https://www.ihs.ac.at/fileadmin/public/2016_Files/Documents/2025/Herbstprognose/IHS_Konjunkturprognose_2025_10_Herbst.pdf","PDF page 11, Tabelle 1: Hauptergebnisse der IHS-Prognose, row 'Bruttoinlandsprodukt, real'","Real GDP, % change y/y, unadjusted (same Table 1 row as existing files, which equals the unadjusted Jahresveraenderungsrate of Tab. 13); release date per embargo (Sperrfrist) on PDF cover and IHS website (Herbst-Prognose 2025-2026)"
"20251007","2025","LUR","5.5","https://www.ihs.ac.at/fileadmin/public/2016_Files/Documents/2025/Herbstprognose/IHS_Konjunkturprognose_2025_10_Herbst.pdf","PDF page 11, Tabelle 1: Hauptergebnisse der IHS-Prognose, row 'Arbeitslosenquote: Eurostat-Definition'","Unemployment rate, Eurostat definition (not the AMS national definition); release date per embargo (Sperrfrist) on PDF cover and IHS website (Herbst-Prognose 2025-2026)"
"20251007","2026","LUR","5.4","https://www.ihs.ac.at/fileadmin/public/2016_Files/Documents/2025/Herbstprognose/IHS_Konjunkturprognose_2025_10_Herbst.pdf","PDF page 11, Tabelle 1: Hauptergebnisse der IHS-Prognose, row 'Arbeitslosenquote: Eurostat-Definition'","Unemployment rate, Eurostat definition (not the AMS national definition); release date per embargo (Sperrfrist) on PDF cover and IHS website (Herbst-Prognose 2025-2026)"
"20251007","2025","PCPIPCH","3.5","https://www.ihs.ac.at/fileadmin/public/2016_Files/Documents/2025/Herbstprognose/IHS_Konjunkturprognose_2025_10_Herbst.pdf","PDF page 11, Tabelle 1: Hauptergebnisse der IHS-Prognose, row 'Verbraucherpreisindex'","Inflation, national CPI (VPI), % change y/y; HICP not reported in Table 1; release date per embargo (Sperrfrist) on PDF cover and IHS website (Herbst-Prognose 2025-2026)"
"20251007","2026","PCPIPCH","2.4","https://www.ihs.ac.at/fileadmin/public/2016_Files/Documents/2025/Herbstprognose/IHS_Konjunkturprognose_2025_10_Herbst.pdf","PDF page 11, Tabelle 1: Hauptergebnisse der IHS-Prognose, row 'Verbraucherpreisindex'","Inflation, national CPI (VPI), % change y/y; HICP not reported in Table 1; release date per embargo (Sperrfrist) on PDF cover and IHS website (Herbst-Prognose 2025-2026)"
"20251218","2025","NGDP_RPCH","0.5","https://www.ihs.ac.at/fileadmin/public/2016_Files/Documents/2025/Winterprognose/IHS_Konjunkturprognose_2025_12_Winter.pdf","PDF page 10, Tabelle 1: Hauptergebnisse der IHS-Prognose, row 'Bruttoinlandsprodukt, real'","Real GDP, % change y/y, unadjusted (same Table 1 row as existing files, which equals the unadjusted Jahresveraenderungsrate of Tab. 13); release date per embargo (Sperrfrist) on PDF cover and IHS website (Winter-Prognose 2025-2027)"
"20251218","2026","NGDP_RPCH","1.0","https://www.ihs.ac.at/fileadmin/public/2016_Files/Documents/2025/Winterprognose/IHS_Konjunkturprognose_2025_12_Winter.pdf","PDF page 10, Tabelle 1: Hauptergebnisse der IHS-Prognose, row 'Bruttoinlandsprodukt, real'","Real GDP, % change y/y, unadjusted (same Table 1 row as existing files, which equals the unadjusted Jahresveraenderungsrate of Tab. 13); release date per embargo (Sperrfrist) on PDF cover and IHS website (Winter-Prognose 2025-2027)"
"20251218","2027","NGDP_RPCH","1.1","https://www.ihs.ac.at/fileadmin/public/2016_Files/Documents/2025/Winterprognose/IHS_Konjunkturprognose_2025_12_Winter.pdf","PDF page 10, Tabelle 1: Hauptergebnisse der IHS-Prognose, row 'Bruttoinlandsprodukt, real'","Real GDP, % change y/y, unadjusted (same Table 1 row as existing files, which equals the unadjusted Jahresveraenderungsrate of Tab. 13); release date per embargo (Sperrfrist) on PDF cover and IHS website (Winter-Prognose 2025-2027)"
"20251218","2025","LUR","5.6","https://www.ihs.ac.at/fileadmin/public/2016_Files/Documents/2025/Winterprognose/IHS_Konjunkturprognose_2025_12_Winter.pdf","PDF page 10, Tabelle 1: Hauptergebnisse der IHS-Prognose, row 'Arbeitslosenquote: Eurostat-Definition'","Unemployment rate, Eurostat definition (not the AMS national definition); release date per embargo (Sperrfrist) on PDF cover and IHS website (Winter-Prognose 2025-2027)"
"20251218","2026","LUR","5.5","https://www.ihs.ac.at/fileadmin/public/2016_Files/Documents/2025/Winterprognose/IHS_Konjunkturprognose_2025_12_Winter.pdf","PDF page 10, Tabelle 1: Hauptergebnisse der IHS-Prognose, row 'Arbeitslosenquote: Eurostat-Definition'","Unemployment rate, Eurostat definition (not the AMS national definition); release date per embargo (Sperrfrist) on PDF cover and IHS website (Winter-Prognose 2025-2027)"
"20251218","2027","LUR","5.4","https://www.ihs.ac.at/fileadmin/public/2016_Files/Documents/2025/Winterprognose/IHS_Konjunkturprognose_2025_12_Winter.pdf","PDF page 10, Tabelle 1: Hauptergebnisse der IHS-Prognose, row 'Arbeitslosenquote: Eurostat-Definition'","Unemployment rate, Eurostat definition (not the AMS national definition); release date per embargo (Sperrfrist) on PDF cover and IHS website (Winter-Prognose 2025-2027)"
"20251218","2025","PCPIPCH","3.6","https://www.ihs.ac.at/fileadmin/public/2016_Files/Documents/2025/Winterprognose/IHS_Konjunkturprognose_2025_12_Winter.pdf","PDF page 10, Tabelle 1: Hauptergebnisse der IHS-Prognose, row 'Verbraucherpreisindex'","Inflation, national CPI (VPI), % change y/y; HICP not reported in Table 1; release date per embargo (Sperrfrist) on PDF cover and IHS website (Winter-Prognose 2025-2027)"
"20251218","2026","PCPIPCH","2.5","https://www.ihs.ac.at/fileadmin/public/2016_Files/Documents/2025/Winterprognose/IHS_Konjunkturprognose_2025_12_Winter.pdf","PDF page 10, Tabelle 1: Hauptergebnisse der IHS-Prognose, row 'Verbraucherpreisindex'","Inflation, national CPI (VPI), % change y/y; HICP not reported in Table 1; release date per embargo (Sperrfrist) on PDF cover and IHS website (Winter-Prognose 2025-2027)"
"20251218","2027","PCPIPCH","1.9","https://www.ihs.ac.at/fileadmin/public/2016_Files/Documents/2025/Winterprognose/IHS_Konjunkturprognose_2025_12_Winter.pdf","PDF page 10, Tabelle 1: Hauptergebnisse der IHS-Prognose, row 'Verbraucherpreisindex'","Inflation, national CPI (VPI), % change y/y; HICP not reported in Table 1; release date per embargo (Sperrfrist) on PDF cover and IHS website (Winter-Prognose 2025-2027)"
"20260410","2026","NGDP_RPCH","0.5","https://www.ihs.ac.at/fileadmin/public/2016_Files/Documents/2026/Fruehlingsprognose/IHS_Konjunkturprognose_2026_03_Fruehling.pdf","PDF page 11, Tabelle 1: Hauptergebnisse der IHS-Prognose, row 'Bruttoinlandsprodukt, real'","Real GDP, % change y/y, unadjusted (same Table 1 row as existing files, which equals the unadjusted Jahresveraenderungsrate of Tab. 13); release date per embargo (Sperrfrist) on PDF cover and IHS website (Fruehlings-Prognose 2026-2027); PDF filename says 2026_03 but release was 10 April 2026"
"20260410","2027","NGDP_RPCH","0.8","https://www.ihs.ac.at/fileadmin/public/2016_Files/Documents/2026/Fruehlingsprognose/IHS_Konjunkturprognose_2026_03_Fruehling.pdf","PDF page 11, Tabelle 1: Hauptergebnisse der IHS-Prognose, row 'Bruttoinlandsprodukt, real'","Real GDP, % change y/y, unadjusted (same Table 1 row as existing files, which equals the unadjusted Jahresveraenderungsrate of Tab. 13); release date per embargo (Sperrfrist) on PDF cover and IHS website (Fruehlings-Prognose 2026-2027); PDF filename says 2026_03 but release was 10 April 2026"
"20260410","2026","LUR","5.7","https://www.ihs.ac.at/fileadmin/public/2016_Files/Documents/2026/Fruehlingsprognose/IHS_Konjunkturprognose_2026_03_Fruehling.pdf","PDF page 11, Tabelle 1: Hauptergebnisse der IHS-Prognose, row 'Arbeitslosenquote: Eurostat-Definition'","Unemployment rate, Eurostat definition (not the AMS national definition); release date per embargo (Sperrfrist) on PDF cover and IHS website (Fruehlings-Prognose 2026-2027); PDF filename says 2026_03 but release was 10 April 2026"
"20260410","2027","LUR","5.6","https://www.ihs.ac.at/fileadmin/public/2016_Files/Documents/2026/Fruehlingsprognose/IHS_Konjunkturprognose_2026_03_Fruehling.pdf","PDF page 11, Tabelle 1: Hauptergebnisse der IHS-Prognose, row 'Arbeitslosenquote: Eurostat-Definition'","Unemployment rate, Eurostat definition (not the AMS national definition); release date per embargo (Sperrfrist) on PDF cover and IHS website (Fruehlings-Prognose 2026-2027); PDF filename says 2026_03 but release was 10 April 2026"
"20260410","2026","PCPIPCH","2.9","https://www.ihs.ac.at/fileadmin/public/2016_Files/Documents/2026/Fruehlingsprognose/IHS_Konjunkturprognose_2026_03_Fruehling.pdf","PDF page 11, Tabelle 1: Hauptergebnisse der IHS-Prognose, row 'Verbraucherpreisindex'","Inflation, national CPI (VPI), % change y/y; HICP not reported in Table 1; release date per embargo (Sperrfrist) on PDF cover and IHS website (Fruehlings-Prognose 2026-2027); PDF filename says 2026_03 but release was 10 April 2026"
"20260410","2027","PCPIPCH","2.4","https://www.ihs.ac.at/fileadmin/public/2016_Files/Documents/2026/Fruehlingsprognose/IHS_Konjunkturprognose_2026_03_Fruehling.pdf","PDF page 11, Tabelle 1: Hauptergebnisse der IHS-Prognose, row 'Verbraucherpreisindex'","Inflation, national CPI (VPI), % change y/y; HICP not reported in Table 1; release date per embargo (Sperrfrist) on PDF cover and IHS website (Fruehlings-Prognose 2026-2027); PDF filename says 2026_03 but release was 10 April 2026"
"20260625","2026","NGDP_RPCH","0.8","https://www.ihs.ac.at/fileadmin/public/2016_Files/Documents/2026/Sommerprognose/IHS_Konjunkturprognose_2026_06_Sommer.pdf","PDF page 11, Tabelle 1: Hauptergebnisse der IHS-Prognose, row 'Bruttoinlandsprodukt, real'","Real GDP, % change y/y, unadjusted (same Table 1 row as existing files, which equals the unadjusted Jahresveraenderungsrate of Tab. 13); release date per embargo (Sperrfrist) on PDF cover and IHS website (Sommer-Prognose 2026-2027)"
"20260625","2027","NGDP_RPCH","1.0","https://www.ihs.ac.at/fileadmin/public/2016_Files/Documents/2026/Sommerprognose/IHS_Konjunkturprognose_2026_06_Sommer.pdf","PDF page 11, Tabelle 1: Hauptergebnisse der IHS-Prognose, row 'Bruttoinlandsprodukt, real'","Real GDP, % change y/y, unadjusted (same Table 1 row as existing files, which equals the unadjusted Jahresveraenderungsrate of Tab. 13); release date per embargo (Sperrfrist) on PDF cover and IHS website (Sommer-Prognose 2026-2027)"
"20260625","2026","LUR","5.8","https://www.ihs.ac.at/fileadmin/public/2016_Files/Documents/2026/Sommerprognose/IHS_Konjunkturprognose_2026_06_Sommer.pdf","PDF page 11, Tabelle 1: Hauptergebnisse der IHS-Prognose, row 'Arbeitslosenquote: Eurostat-Definition'","Unemployment rate, Eurostat definition (not the AMS national definition); release date per embargo (Sperrfrist) on PDF cover and IHS website (Sommer-Prognose 2026-2027)"
"20260625","2027","LUR","5.6","https://www.ihs.ac.at/fileadmin/public/2016_Files/Documents/2026/Sommerprognose/IHS_Konjunkturprognose_2026_06_Sommer.pdf","PDF page 11, Tabelle 1: Hauptergebnisse der IHS-Prognose, row 'Arbeitslosenquote: Eurostat-Definition'","Unemployment rate, Eurostat definition (not the AMS national definition); release date per embargo (Sperrfrist) on PDF cover and IHS website (Sommer-Prognose 2026-2027)"
"20260625","2026","PCPIPCH","3.0","https://www.ihs.ac.at/fileadmin/public/2016_Files/Documents/2026/Sommerprognose/IHS_Konjunkturprognose_2026_06_Sommer.pdf","PDF page 11, Tabelle 1: Hauptergebnisse der IHS-Prognose, row 'Verbraucherpreisindex'","Inflation, national CPI (VPI), % change y/y; HICP not reported in Table 1; release date per embargo (Sperrfrist) on PDF cover and IHS website (Sommer-Prognose 2026-2027)"
"20260625","2027","PCPIPCH","2.3","https://www.ihs.ac.at/fileadmin/public/2016_Files/Documents/2026/Sommerprognose/IHS_Konjunkturprognose_2026_06_Sommer.pdf","PDF page 11, Tabelle 1: Hauptergebnisse der IHS-Prognose, row 'Verbraucherpreisindex'","Inflation, national CPI (VPI), % change y/y; HICP not reported in Table 1; release date per embargo (Sperrfrist) on PDF cover and IHS website (Sommer-Prognose 2026-2027)"
