"institution","pubdate","note"
"254900ZNYA1FLUQ9U393","2008-02-21","read from the statistical annex of the forecast document"
"254900ZNYA1FLUQ9U393","2008-04-28","read from the statistical annex of the forecast document"
"254900ZNYA1FLUQ9U393","2008-09-10","read from the statistical annex of the forecast document"
"254900ZNYA1FLUQ9U393","2008-11-03","read from the statistical annex of the forecast document"
"254900ZNYA1FLUQ9U393","2009-01-19","read from the statistical annex of the forecast document"
"254900ZNYA1FLUQ9U393","2009-05-04","read from the statistical annex of the forecast document"
"254900ZNYA1FLUQ9U393","2009-09-14","read from the statistical annex of the forecast document"
"254900ZNYA1FLUQ9U393","2009-11-03","read from the statistical annex of the forecast document"
"254900ZNYA1FLUQ9U393","2010-02-25","read from the statistical annex of the forecast document"
"254900ZNYA1FLUQ9U393","2010-05-05","read from the statistical annex of the forecast document"
"254900ZNYA1FLUQ9U393","2010-09-13","read from the statistical annex of the forecast document"
"254900ZNYA1FLUQ9U393","2010-11-29","read from the statistical annex of the forecast document"
"254900ZNYA1FLUQ9U393","2011-03-01","read from the statistical annex of the forecast document"
"254900ZNYA1FLUQ9U393","2011-05-13","read from the statistical annex of the forecast document"
"254900ZNYA1FLUQ9U393","2011-09-15","read from the statistical annex of the forecast document"
"254900ZNYA1FLUQ9U393","2011-11-10","read from the statistical annex of the forecast document"
"254900ZNYA1FLUQ9U393","2012-02-23","read from the statistical annex of the forecast document"
"254900ZNYA1FLUQ9U393","2012-05-11","read from the statistical annex of the forecast document"
"254900ZNYA1FLUQ9U393","2012-11-07","read from the statistical annex of the forecast document"
"254900ZNYA1FLUQ9U393","2013-02-22","read from the statistical annex of the forecast document"
"254900ZNYA1FLUQ9U393","2013-05-03","read from the statistical annex of the forecast document"
"254900ZNYA1FLUQ9U393","2013-11-05","read from the statistical annex of the forecast document"
"254900ZNYA1FLUQ9U393","2014-02-25","read from the statistical annex of the forecast document"
"254900ZNYA1FLUQ9U393","2014-05-05","read from the statistical annex of the forecast document"
"254900ZNYA1FLUQ9U393","2014-11-04","read from the statistical annex of the forecast document"
"254900ZNYA1FLUQ9U393","2015-02-05","read from the statistical annex of the forecast document"
"254900ZNYA1FLUQ9U393","2015-05-05","read from the statistical annex of the forecast document"
"254900ZNYA1FLUQ9U393","2015-11-05","read from the statistical annex of the forecast document"
"254900ZNYA1FLUQ9U393","2016-02-04","read from the statistical annex of the forecast document"
"254900ZNYA1FLUQ9U393","2016-05-03","read from the statistical annex of the forecast document"
"254900ZNYA1FLUQ9U393","2016-11-09","read from the statistical annex of the forecast document"
"254900ZNYA1FLUQ9U393","2017-02-13","read from the statistical annex of the forecast document"
"254900ZNYA1FLUQ9U393","2017-05-11","read from the statistical annex of the forecast document"
"254900ZNYA1FLUQ9U393","2017-11-09","read from the statistical annex of the forecast document"
"254900ZNYA1FLUQ9U393","2018-02-07","read from the statistical annex of the forecast document"
"254900ZNYA1FLUQ9U393","2018-05-03","read from the statistical annex of the forecast document"
"254900ZNYA1FLUQ9U393","2018-07-12","read from the statistical annex of the forecast document"
"254900ZNYA1FLUQ9U393","2018-11-08","read from the statistical annex of the forecast document"
"254900ZNYA1FLUQ9U393","2019-02-07","read from the statistical annex of the forecast document"
"254900ZNYA1FLUQ9U393","2019-05-07","read from the statistical annex of the forecast document"
"254900ZNYA1FLUQ9U393","2019-07-10","read from the statistical annex of the forecast document"
"254900ZNYA1FLUQ9U393","2019-11-07","read from the statistical annex of the forecast document"
"254900ZNYA1FLUQ9U393","2020-02-13","read from the statistical annex of the forecast document"
"254900ZNYA1FLUQ9U393","2020-05-06","read from the statistical annex of the forecast document"
"254900ZNYA1FLUQ9U393","2020-07-07","read from the statistical annex of the forecast document"
"254900ZNYA1FLUQ9U393","2020-11-05","read from the statistical annex of the forecast document"
"254900ZNYA1FLUQ9U393","2021-02-11","read from the statistical annex of the forecast document"
"254900ZNYA1FLUQ9U393","2021-05-12","read from the statistical annex of the forecast document"
"254900ZNYA1FLUQ9U393","2021-07-07","read from the statistical annex of the forecast document"
"254900ZNYA1FLUQ9U393","2026-05-21","read from the statistical annex of the forecast document"
"E7EXN6FJGRUTJYNZ3Z71","2026-04-14","WEO database converted from the IMF's new data format"
"E7EXN6FJGRUTJYNZ3Z71","2008-06-19","read from the Article IV staff report for Austria"
"E7EXN6FJGRUTJYNZ3Z71","2009-09-21","read from the Article IV staff report for Austria"
"E7EXN6FJGRUTJYNZ3Z71","2010-09-08","read from the Article IV staff report for Austria"
"E7EXN6FJGRUTJYNZ3Z71","2011-09-06","read from the Article IV staff report for Austria"
"E7EXN6FJGRUTJYNZ3Z71","2012-08-28","read from the Article IV staff report for Austria"
"E7EXN6FJGRUTJYNZ3Z71","2013-09-10","read from the Article IV staff report for Austria"
"E7EXN6FJGRUTJYNZ3Z71","2014-09-15","read from the Article IV staff report for Austria"
"E7EXN6FJGRUTJYNZ3Z71","2016-02-12","read from the Article IV staff report for Austria"
"E7EXN6FJGRUTJYNZ3Z71","2017-02-02","read from the Article IV staff report for Austria"
"E7EXN6FJGRUTJYNZ3Z71","2018-09-12","read from the Article IV staff report for Austria"
"E7EXN6FJGRUTJYNZ3Z71","2021-09-09","read from the Article IV staff report for Austria"
"E7EXN6FJGRUTJYNZ3Z71","2022-09-02","read from the Article IV staff report for Austria"
"E7EXN6FJGRUTJYNZ3Z71","2024-05-13","read from the Article IV staff report for Austria"
"E7EXN6FJGRUTJYNZ3Z71","2025-07-03","read from the Article IV staff report for Austria"
"E7EXN6FJGRUTJYNZ3Z71","2026-07-20","read from the Article IV staff report for Austria"
"969500Y2NFIMDP5MO798","2008-06-04","read from the Economic Outlook annex tables and interim reports"
"969500Y2NFIMDP5MO798","2008-11-25","read from the Economic Outlook annex tables and interim reports"
"969500Y2NFIMDP5MO798","2009-03-31","read from the Economic Outlook annex tables and interim reports"
"969500Y2NFIMDP5MO798","2009-06-24","read from the Economic Outlook annex tables and interim reports"
"969500Y2NFIMDP5MO798","2009-11-19","read from the Economic Outlook annex tables and interim reports"
"969500Y2NFIMDP5MO798","2010-05-26","read from the Economic Outlook annex tables and interim reports"
"969500Y2NFIMDP5MO798","2010-11-18","read from the Economic Outlook annex tables and interim reports"
"969500Y2NFIMDP5MO798","2011-05-25","read from the Economic Outlook annex tables and interim reports"
"969500Y2NFIMDP5MO798","2011-11-28","read from the Economic Outlook annex tables and interim reports"
"969500Y2NFIMDP5MO798","2012-05-22","read from the Economic Outlook annex tables and interim reports"
"969500Y2NFIMDP5MO798","2012-11-27","read from the Economic Outlook annex tables and interim reports"
"969500Y2NFIMDP5MO798","2013-05-29","read from the Economic Outlook annex tables and interim reports"
"969500Y2NFIMDP5MO798","2013-11-19","read from the Economic Outlook annex tables and interim reports"
"969500Y2NFIMDP5MO798","2014-05-06","read from the Economic Outlook annex tables and interim reports"
"969500Y2NFIMDP5MO798","2014-09-15","read from the Economic Outlook annex tables and interim reports"
"969500Y2NFIMDP5MO798","2014-11-25","read from the Economic Outlook annex tables and interim reports"
"969500Y2NFIMDP5MO798","2015-03-18","read from the Economic Outlook annex tables and interim reports"
"969500Y2NFIMDP5MO798","2015-06-03","read from the Economic Outlook annex tables and interim reports"
"969500Y2NFIMDP5MO798","2015-09-16","read from the Economic Outlook annex tables and interim reports"
"969500Y2NFIMDP5MO798","2015-11-09","read from the Economic Outlook annex tables and interim reports"
"969500Y2NFIMDP5MO798","2016-02-18","read from the Economic Outlook annex tables and interim reports"
"969500Y2NFIMDP5MO798","2016-06-01","read from the Economic Outlook annex tables and interim reports"
"969500Y2NFIMDP5MO798","2016-09-21","read from the Economic Outlook annex tables and interim reports"
"969500Y2NFIMDP5MO798","2016-11-28","read from the Economic Outlook annex tables and interim reports"
"969500Y2NFIMDP5MO798","2017-03-07","read from the Economic Outlook annex tables and interim reports"
"969500Y2NFIMDP5MO798","2017-06-07","read from the Economic Outlook annex tables and interim reports"
"969500Y2NFIMDP5MO798","2017-09-20","read from the Economic Outlook annex tables and interim reports"
"969500Y2NFIMDP5MO798","2017-11-28","read from the Economic Outlook annex tables and interim reports"
"969500Y2NFIMDP5MO798","2018-03-13","read from the Economic Outlook annex tables and interim reports"
"969500Y2NFIMDP5MO798","2018-05-30","read from the Economic Outlook annex tables and interim reports"
"969500Y2NFIMDP5MO798","2018-09-20","read from the Economic Outlook annex tables and interim reports"
"969500Y2NFIMDP5MO798","2018-11-21","read from the Economic Outlook annex tables and interim reports"
"969500Y2NFIMDP5MO798","2019-03-06","read from the Economic Outlook annex tables and interim reports"
"969500Y2NFIMDP5MO798","2019-05-21","read from the Economic Outlook annex tables and interim reports"
"969500Y2NFIMDP5MO798","2019-09-19","read from the Economic Outlook annex tables and interim reports"
"969500Y2NFIMDP5MO798","2019-11-21","read from the Economic Outlook annex tables and interim reports"
"969500Y2NFIMDP5MO798","2020-03-02","read from the Economic Outlook annex tables and interim reports"
"969500Y2NFIMDP5MO798","2020-06-10","read from the Economic Outlook annex tables and interim reports"
"969500Y2NFIMDP5MO798","2020-09-16","read from the Economic Outlook annex tables and interim reports"
"969500Y2NFIMDP5MO798","2020-12-01","read from the Economic Outlook annex tables and interim reports"
"969500Y2NFIMDP5MO798","2021-03-09","read from the Economic Outlook annex tables and interim reports"
"969500Y2NFIMDP5MO798","2021-05-31","read from the Economic Outlook annex tables and interim reports"
"969500Y2NFIMDP5MO798","2021-09-21","read from the Economic Outlook annex tables and interim reports"
"969500Y2NFIMDP5MO798","2021-12-01","read from the Economic Outlook annex tables and interim reports"
"969500Y2NFIMDP5MO798","2022-06-08","read from the Economic Outlook annex tables and interim reports"
"969500Y2NFIMDP5MO798","2022-09-26","read from the Economic Outlook annex tables and interim reports"
"969500Y2NFIMDP5MO798","2022-11-22","read from the Economic Outlook annex tables and interim reports"
"969500Y2NFIMDP5MO798","2023-03-17","read from the Economic Outlook annex tables and interim reports"
"969500Y2NFIMDP5MO798","2023-06-07","read from the Economic Outlook annex tables and interim reports"
"969500Y2NFIMDP5MO798","2023-09-19","read from the Economic Outlook annex tables and interim reports"
"969500Y2NFIMDP5MO798","2023-11-29","read from the Economic Outlook annex tables and interim reports"
"969500Y2NFIMDP5MO798","2024-02-05","read from the Economic Outlook annex tables and interim reports"
"969500Y2NFIMDP5MO798","2024-05-02","read from the Economic Outlook annex tables and interim reports"
"969500Y2NFIMDP5MO798","2024-09-25","read from the Economic Outlook annex tables and interim reports"
"969500Y2NFIMDP5MO798","2024-12-04","read from the Economic Outlook annex tables and interim reports"
"969500Y2NFIMDP5MO798","2025-03-17","read from the Economic Outlook annex tables and interim reports"
"969500Y2NFIMDP5MO798","2025-06-03","read from the Economic Outlook annex tables and interim reports"
"969500Y2NFIMDP5MO798","2025-09-23","read from the Economic Outlook annex tables and interim reports"
"969500Y2NFIMDP5MO798","2025-12-02","read from the Economic Outlook annex tables and interim reports"
"969500Y2NFIMDP5MO798","2026-03-26","read from the Economic Outlook annex tables and interim reports"
"969500Y2NFIMDP5MO798","2026-06-03","read from the Economic Outlook annex tables and interim reports"
"969500Y2NFIMDP5MO798","2026-09-23","read from the Economic Outlook annex tables and interim reports"
"5299001Z8JOKGWV5O949","2026-06-12","read from the forecast report's tables"
"5299001Z8JOKGWV5O949","2026-09-11","read from the forecast report's tables"
"5299004QA39L2ORLX198","2026-06-25","read from the forecast report's tables"
"529900FMFN29HKS4BE19","2026-06-25","read from the forecast report's tables"
