"Category","2014","2015","2016"
"Australia",2.6,2.3,2.6
"Austria",1.5,1.6,1.9
"Belgium",0.6,0.7,1.2
"Canada",2.0,1.6,1.9
"Chile",4.8,3.6,2.1
"Czech Republic",0.3,1.1,1.8
"Denmark",0.5,0.7,1.2
"Estonia",0.5,0.9,1.7
"Finland",1.3,1.4,1.2
"France",0.6,0.5,0.9
"Germany",0.9,1.2,1.7
"Greece",-1.0,-0.7,-0.3
"Hungary",-0.1,2.0,3.0
"Iceland",2.2,2.7,3.1
"Ireland",0.2,0.5,1.2
"Israel",0.4,0.0,0.7
"Italy",0.1,0.0,0.6
"Japan",2.9,1.8,1.6
"Korea",1.4,2.2,2.5
"Luxembourg",0.9,1.2,1.5
"Mexico",4.0,3.5,3.1
"Netherlands",0.4,0.8,0.9
"New Zealand",1.2,1.3,1.9
"Norway",2.1,2.2,2.4
"Poland",0.1,0.6,1.6
"Portugal",-0.2,0.2,0.4
"Slovak Republic",0.0,1.0,1.2
"Slovenia",0.4,0.6,1.0
"Spain",-0.1,0.1,0.5
"Sweden",-0.1,0.8,1.5
"Switzerland",0.0,0.0,0.3
"Turkey",9.0,7.4,6.8
"United Kingdom",1.6,1.8,2.1
"United States",1.7,1.4,2.0
"Euro area",0.5,0.6,1.0
