"Category","2024","2025"
"Australia",4.1,4.3
"Austria",5.5,5.4
"Belgium",5.8,5.6
"Canada",5.9,5.7
"Chile",8.1,7.6
"Colombia",11.1,10.8
"Costa Rica",7.2,7.0
"Czech Republic",2.9,2.8
"Denmark",5.3,5.2
"Estonia",7.0,6.8
"Finland",8.0,7.7
"France",7.7,7.8
"Germany",3.1,3.0
"Greece",9.8,9.7
"Hungary",4.6,4.2
"Iceland",3.6,3.9
"Ireland",4.4,4.4
"Israel",3.9,3.9
"Italy",7.4,7.3
"Japan",2.5,2.4
"Korea",2.9,2.9
"Latvia",6.7,6.6
"Lithuania",6.8,6.0
"Luxembourg",5.7,5.9
"Mexico",2.9,3.0
"Netherlands",3.7,3.9
"New Zealand",4.7,4.8
"Norway",3.7,3.7
"Poland",3.6,3.8
"Portugal",6.3,6.2
"Slovak Republic",5.9,5.8
"Slovenia",3.7,3.5
"Spain",11.7,11.3
"Sweden",8.3,8.2
"Switzerland",4.4,4.4
"Turkey",9.3,10.0
"United Kingdom",4.5,4.7
"United States",3.9,4.0
"Euro area",6.6,6.4
