"Category","2012","2013","2014"
"Australia",5.2,5.5,5.5
"Austria",4.4,4.7,4.7
"Belgium",7.4,7.7,7.7
"Canada",7.3,7.2,6.9
"Chile",6.5,6.8,6.8
"Czech Republic",6.9,7.2,7.1
"Denmark",7.5,7.4,7.3
"Estonia",9.9,9.1,8.7
"Finland",7.7,8.0,7.8
"France",9.9,10.7,10.9
"Germany",5.3,5.5,5.6
"Greece",23.6,26.7,27.2
"Hungary",11.1,11.1,10.8
"Iceland",6.1,5.4,5.1
"Ireland",14.8,14.7,14.6
"Israel",6.9,7.4,6.9
"Italy",10.6,11.4,11.8
"Japan",4.4,4.4,4.3
"Korea",3.4,3.6,3.4
"Luxembourg",6.1,6.6,6.7
"Mexico",5.0,5.0,4.9
"Netherlands",5.2,5.8,6.1
"New Zealand",6.9,6.6,6.0
"Norway",3.1,3.1,3.0
"Poland",10.1,10.5,10.7
"Portugal",15.5,16.9,16.6
"Slovak Republic",13.7,13.6,13.0
"Slovenia",8.5,9.7,9.8
"Spain",25.0,26.9,26.8
"Sweden",7.7,7.9,7.6
"Switzerland",3.9,4.1,4.0
"Turkey",9.0,9.3,8.7
"United Kingdom",8.0,8.3,8.0
"United States",8.1,7.8,7.5
"Euro area",11.1,11.9,12.0
