"Category","2012","2013"
"Australia",1.8,2.8
"Austria",2.3,1.8
"Belgium",2.9,1.9
"Canada",2.3,2.2
"Chile",3.7,2.9
"Czech Republic",3.9,2.1
"Denmark",2.7,1.9
"Estonia",3.9,3.0
"Finland",3.2,2.4
"France",2.4,1.8
"Germany",2.3,2.0
"Greece",0.8,-0.5
"Hungary",5.7,3.6
"Iceland",6.0,4.1
"Ireland",2.0,1.2
"Israel",2.2,2.5
"Italy",3.3,2.3
"Japan",-0.2,-0.2
"Korea",3.0,3.0
"Luxembourg",3.1,2.3
"Mexico",4.0,3.4
"Netherlands",2.4,1.5
"New Zealand",1.7,2.6
"Norway",1.1,2.1
"Poland",3.9,2.8
"Portugal",3.1,0.7
"Slovak Republic",3.2,2.3
"Slovenia",2.4,1.4
"Spain",1.6,2.1
"Sweden",1.4,1.7
"Switzerland",-0.5,0.1
"Turkey",9.2,7.2
"United Kingdom",2.6,1.9
"United States",2.3,1.9
"Euro area",2.4,1.9
