"Category","2018","2019"
"Argentina",2.0,2.6
"Australia",2.9,3.0
"Austria",2.7,2.0
"Belgium",1.7,1.7
"Brazil",2.0,2.8
"Canada",2.1,2.2
"Chile",3.6,3.6
"China",6.7,6.4
"Colombia",2.7,3.2
"Costa Rica",3.7,3.7
"Czech Republic",3.8,3.2
"Denmark",1.7,1.9
"Estonia",3.7,3.2
"Finland",2.9,2.5
"France",1.9,1.9
"Germany",2.1,2.1
"Greece",2.0,2.3
"Hungary",4.4,3.6
"Iceland",2.8,2.6
"India",7.4,7.5
"Indonesia",5.3,5.4
"Ireland",4.0,2.9
"Israel",3.7,3.6
"Italy",1.4,1.1
"Japan",1.2,1.2
"Korea",3.0,3.0
"Latvia",4.1,3.6
"Lithuania",3.3,2.9
"Luxembourg",3.6,3.8
"Mexico",2.5,2.8
"Netherlands",3.3,2.9
"New Zealand",3.0,3.0
"Norway",1.8,1.6
"Poland",4.6,3.8
"Portugal",2.2,2.2
"Russia",1.8,1.5
"Slovak Republic",4.0,4.5
"Slovenia",5.0,3.9
"South Africa",1.9,2.2
"Spain",2.8,2.4
"Sweden",2.8,2.2
"Switzerland",2.3,1.9
"Turkey",5.1,5.0
"United Kingdom",1.4,1.3
"United States",2.9,2.8
"Euro area",2.2,2.1
