"institution","variable","pubdate","ai_collected"
"254900ZNYA1FLUQ9U393","LUR","2008-04-28",TRUE
"254900ZNYA1FLUQ9U393","LUR","2008-11-03",TRUE
"254900ZNYA1FLUQ9U393","LUR","2009-05-04",TRUE
"254900ZNYA1FLUQ9U393","LUR","2009-11-03",TRUE
"254900ZNYA1FLUQ9U393","LUR","2010-05-05",TRUE
"254900ZNYA1FLUQ9U393","LUR","2010-11-29",TRUE
"254900ZNYA1FLUQ9U393","LUR","2011-05-13",TRUE
"254900ZNYA1FLUQ9U393","LUR","2011-11-10",TRUE
"254900ZNYA1FLUQ9U393","LUR","2012-05-11",TRUE
"254900ZNYA1FLUQ9U393","LUR","2012-11-07",TRUE
"254900ZNYA1FLUQ9U393","LUR","2013-02-22",TRUE
"254900ZNYA1FLUQ9U393","LUR","2013-05-03",TRUE
"254900ZNYA1FLUQ9U393","LUR","2013-11-05",TRUE
"254900ZNYA1FLUQ9U393","LUR","2014-02-25",TRUE
"254900ZNYA1FLUQ9U393","LUR","2014-05-05",TRUE
"254900ZNYA1FLUQ9U393","LUR","2014-11-04",TRUE
"254900ZNYA1FLUQ9U393","LUR","2015-02-05",TRUE
"254900ZNYA1FLUQ9U393","LUR","2015-05-05",TRUE
"254900ZNYA1FLUQ9U393","LUR","2015-11-05",TRUE
"254900ZNYA1FLUQ9U393","LUR","2016-02-04",TRUE
"254900ZNYA1FLUQ9U393","LUR","2016-05-03",TRUE
"254900ZNYA1FLUQ9U393","LUR","2016-11-09",TRUE
"254900ZNYA1FLUQ9U393","LUR","2017-02-13",TRUE
"254900ZNYA1FLUQ9U393","LUR","2017-05-11",TRUE
"254900ZNYA1FLUQ9U393","LUR","2017-11-09",TRUE
"254900ZNYA1FLUQ9U393","LUR","2018-05-03",TRUE
"254900ZNYA1FLUQ9U393","LUR","2018-11-08",TRUE
"254900ZNYA1FLUQ9U393","LUR","2019-05-07",TRUE
"254900ZNYA1FLUQ9U393","LUR","2019-11-07",TRUE
"254900ZNYA1FLUQ9U393","LUR","2020-05-06",TRUE
"254900ZNYA1FLUQ9U393","LUR","2020-11-05",TRUE
"254900ZNYA1FLUQ9U393","LUR","2021-05-12",TRUE
"254900ZNYA1FLUQ9U393","LUR","2021-11-11",FALSE
"254900ZNYA1FLUQ9U393","LUR","2022-05-16",FALSE
"254900ZNYA1FLUQ9U393","LUR","2022-11-11",FALSE
"254900ZNYA1FLUQ9U393","LUR","2023-05-15",FALSE
"254900ZNYA1FLUQ9U393","LUR","2023-11-15",FALSE
"254900ZNYA1FLUQ9U393","LUR","2024-05-15",FALSE
"254900ZNYA1FLUQ9U393","LUR","2024-11-15",FALSE
"254900ZNYA1FLUQ9U393","LUR","2025-05-19",TRUE
"254900ZNYA1FLUQ9U393","LUR","2025-11-17",TRUE
"254900ZNYA1FLUQ9U393","LUR","2026-05-21",TRUE
"254900ZNYA1FLUQ9U393","NGDP_RPCH","2008-02-21",TRUE
"254900ZNYA1FLUQ9U393","NGDP_RPCH","2008-04-28",TRUE
"254900ZNYA1FLUQ9U393","NGDP_RPCH","2008-09-10",TRUE
"254900ZNYA1FLUQ9U393","NGDP_RPCH","2008-11-03",TRUE
"254900ZNYA1FLUQ9U393","NGDP_RPCH","2009-01-19",TRUE
"254900ZNYA1FLUQ9U393","NGDP_RPCH","2009-05-04",TRUE
"254900ZNYA1FLUQ9U393","NGDP_RPCH","2009-09-14",TRUE
"254900ZNYA1FLUQ9U393","NGDP_RPCH","2009-11-03",TRUE
"254900ZNYA1FLUQ9U393","NGDP_RPCH","2010-02-25",TRUE
"254900ZNYA1FLUQ9U393","NGDP_RPCH","2010-05-05",TRUE
"254900ZNYA1FLUQ9U393","NGDP_RPCH","2010-09-13",TRUE
"254900ZNYA1FLUQ9U393","NGDP_RPCH","2010-11-29",TRUE
"254900ZNYA1FLUQ9U393","NGDP_RPCH","2011-03-01",TRUE
"254900ZNYA1FLUQ9U393","NGDP_RPCH","2011-05-13",TRUE
"254900ZNYA1FLUQ9U393","NGDP_RPCH","2011-09-15",TRUE
"254900ZNYA1FLUQ9U393","NGDP_RPCH","2011-11-10",TRUE
"254900ZNYA1FLUQ9U393","NGDP_RPCH","2012-02-23",TRUE
"254900ZNYA1FLUQ9U393","NGDP_RPCH","2012-05-11",TRUE
"254900ZNYA1FLUQ9U393","NGDP_RPCH","2012-11-07",TRUE
"254900ZNYA1FLUQ9U393","NGDP_RPCH","2013-02-22",TRUE
"254900ZNYA1FLUQ9U393","NGDP_RPCH","2013-05-03",TRUE
"254900ZNYA1FLUQ9U393","NGDP_RPCH","2013-11-05",TRUE
"254900ZNYA1FLUQ9U393","NGDP_RPCH","2014-02-25",TRUE
"254900ZNYA1FLUQ9U393","NGDP_RPCH","2014-05-05",TRUE
"254900ZNYA1FLUQ9U393","NGDP_RPCH","2014-11-04",TRUE
"254900ZNYA1FLUQ9U393","NGDP_RPCH","2015-02-05",TRUE
"254900ZNYA1FLUQ9U393","NGDP_RPCH","2015-05-05",TRUE
"254900ZNYA1FLUQ9U393","NGDP_RPCH","2015-11-05",TRUE
"254900ZNYA1FLUQ9U393","NGDP_RPCH","2016-02-04",TRUE
"254900ZNYA1FLUQ9U393","NGDP_RPCH","2016-05-03",TRUE
"254900ZNYA1FLUQ9U393","NGDP_RPCH","2016-11-09",TRUE
"254900ZNYA1FLUQ9U393","NGDP_RPCH","2017-02-13",TRUE
"254900ZNYA1FLUQ9U393","NGDP_RPCH","2017-05-11",TRUE
"254900ZNYA1FLUQ9U393","NGDP_RPCH","2017-11-09",TRUE
"254900ZNYA1FLUQ9U393","NGDP_RPCH","2018-02-07",TRUE
"254900ZNYA1FLUQ9U393","NGDP_RPCH","2018-05-03",TRUE
"254900ZNYA1FLUQ9U393","NGDP_RPCH","2018-07-12",TRUE
"254900ZNYA1FLUQ9U393","NGDP_RPCH","2018-11-08",TRUE
"254900ZNYA1FLUQ9U393","NGDP_RPCH","2019-02-07",TRUE
"254900ZNYA1FLUQ9U393","NGDP_RPCH","2019-05-07",TRUE
"254900ZNYA1FLUQ9U393","NGDP_RPCH","2019-07-10",TRUE
"254900ZNYA1FLUQ9U393","NGDP_RPCH","2019-11-07",TRUE
"254900ZNYA1FLUQ9U393","NGDP_RPCH","2020-02-13",TRUE
"254900ZNYA1FLUQ9U393","NGDP_RPCH","2020-05-06",TRUE
"254900ZNYA1FLUQ9U393","NGDP_RPCH","2020-07-07",TRUE
"254900ZNYA1FLUQ9U393","NGDP_RPCH","2020-11-05",TRUE
"254900ZNYA1FLUQ9U393","NGDP_RPCH","2021-02-11",TRUE
"254900ZNYA1FLUQ9U393","NGDP_RPCH","2021-05-12",TRUE
"254900ZNYA1FLUQ9U393","NGDP_RPCH","2021-07-07",TRUE
"254900ZNYA1FLUQ9U393","NGDP_RPCH","2021-11-11",FALSE
"254900ZNYA1FLUQ9U393","NGDP_RPCH","2022-02-10",FALSE
"254900ZNYA1FLUQ9U393","NGDP_RPCH","2022-05-16",FALSE
"254900ZNYA1FLUQ9U393","NGDP_RPCH","2022-07-14",FALSE
"254900ZNYA1FLUQ9U393","NGDP_RPCH","2022-11-11",FALSE
"254900ZNYA1FLUQ9U393","NGDP_RPCH","2023-02-13",FALSE
"254900ZNYA1FLUQ9U393","NGDP_RPCH","2023-05-15",FALSE
"254900ZNYA1FLUQ9U393","NGDP_RPCH","2023-09-11",FALSE
"254900ZNYA1FLUQ9U393","NGDP_RPCH","2023-11-15",FALSE
"254900ZNYA1FLUQ9U393","NGDP_RPCH","2024-02-15",FALSE
"254900ZNYA1FLUQ9U393","NGDP_RPCH","2024-05-15",FALSE
"254900ZNYA1FLUQ9U393","NGDP_RPCH","2024-11-15",FALSE
"254900ZNYA1FLUQ9U393","NGDP_RPCH","2025-05-19",TRUE
"254900ZNYA1FLUQ9U393","NGDP_RPCH","2025-11-17",TRUE
"254900ZNYA1FLUQ9U393","NGDP_RPCH","2026-05-21",TRUE
"254900ZNYA1FLUQ9U393","PCPIPCH","2008-02-21",TRUE
"254900ZNYA1FLUQ9U393","PCPIPCH","2008-04-28",TRUE
"254900ZNYA1FLUQ9U393","PCPIPCH","2008-09-10",TRUE
"254900ZNYA1FLUQ9U393","PCPIPCH","2008-11-03",TRUE
"254900ZNYA1FLUQ9U393","PCPIPCH","2009-01-19",TRUE
"254900ZNYA1FLUQ9U393","PCPIPCH","2009-05-04",TRUE
"254900ZNYA1FLUQ9U393","PCPIPCH","2009-09-14",TRUE
"254900ZNYA1FLUQ9U393","PCPIPCH","2009-11-03",TRUE
"254900ZNYA1FLUQ9U393","PCPIPCH","2010-02-25",TRUE
"254900ZNYA1FLUQ9U393","PCPIPCH","2010-05-05",TRUE
"254900ZNYA1FLUQ9U393","PCPIPCH","2010-09-13",TRUE
"254900ZNYA1FLUQ9U393","PCPIPCH","2010-11-29",TRUE
"254900ZNYA1FLUQ9U393","PCPIPCH","2011-03-01",TRUE
"254900ZNYA1FLUQ9U393","PCPIPCH","2011-05-13",TRUE
"254900ZNYA1FLUQ9U393","PCPIPCH","2011-09-15",TRUE
"254900ZNYA1FLUQ9U393","PCPIPCH","2011-11-10",TRUE
"254900ZNYA1FLUQ9U393","PCPIPCH","2012-02-23",TRUE
"254900ZNYA1FLUQ9U393","PCPIPCH","2012-05-11",TRUE
"254900ZNYA1FLUQ9U393","PCPIPCH","2012-11-07",TRUE
"254900ZNYA1FLUQ9U393","PCPIPCH","2013-02-22",TRUE
"254900ZNYA1FLUQ9U393","PCPIPCH","2013-05-03",TRUE
"254900ZNYA1FLUQ9U393","PCPIPCH","2013-11-05",TRUE
"254900ZNYA1FLUQ9U393","PCPIPCH","2014-02-25",TRUE
"254900ZNYA1FLUQ9U393","PCPIPCH","2014-05-05",TRUE
"254900ZNYA1FLUQ9U393","PCPIPCH","2014-11-04",TRUE
"254900ZNYA1FLUQ9U393","PCPIPCH","2015-02-05",TRUE
"254900ZNYA1FLUQ9U393","PCPIPCH","2015-05-05",TRUE
"254900ZNYA1FLUQ9U393","PCPIPCH","2015-11-05",TRUE
"254900ZNYA1FLUQ9U393","PCPIPCH","2016-02-04",TRUE
"254900ZNYA1FLUQ9U393","PCPIPCH","2016-05-03",TRUE
"254900ZNYA1FLUQ9U393","PCPIPCH","2016-11-09",TRUE
"254900ZNYA1FLUQ9U393","PCPIPCH","2017-02-13",TRUE
"254900ZNYA1FLUQ9U393","PCPIPCH","2017-05-11",TRUE
"254900ZNYA1FLUQ9U393","PCPIPCH","2017-11-09",TRUE
"254900ZNYA1FLUQ9U393","PCPIPCH","2018-02-07",TRUE
"254900ZNYA1FLUQ9U393","PCPIPCH","2018-05-03",TRUE
"254900ZNYA1FLUQ9U393","PCPIPCH","2018-07-12",TRUE
"254900ZNYA1FLUQ9U393","PCPIPCH","2018-11-08",TRUE
"254900ZNYA1FLUQ9U393","PCPIPCH","2019-02-07",TRUE
"254900ZNYA1FLUQ9U393","PCPIPCH","2019-05-07",TRUE
"254900ZNYA1FLUQ9U393","PCPIPCH","2019-07-10",TRUE
"254900ZNYA1FLUQ9U393","PCPIPCH","2019-11-07",TRUE
"254900ZNYA1FLUQ9U393","PCPIPCH","2020-02-13",TRUE
"254900ZNYA1FLUQ9U393","PCPIPCH","2020-05-06",TRUE
"254900ZNYA1FLUQ9U393","PCPIPCH","2020-07-07",TRUE
"254900ZNYA1FLUQ9U393","PCPIPCH","2020-11-05",TRUE
"254900ZNYA1FLUQ9U393","PCPIPCH","2021-02-11",TRUE
"254900ZNYA1FLUQ9U393","PCPIPCH","2021-05-12",TRUE
"254900ZNYA1FLUQ9U393","PCPIPCH","2021-07-07",TRUE
"254900ZNYA1FLUQ9U393","PCPIPCH","2021-11-11",FALSE
"254900ZNYA1FLUQ9U393","PCPIPCH","2022-02-10",FALSE
"254900ZNYA1FLUQ9U393","PCPIPCH","2022-05-16",FALSE
"254900ZNYA1FLUQ9U393","PCPIPCH","2022-07-14",FALSE
"254900ZNYA1FLUQ9U393","PCPIPCH","2022-11-11",FALSE
"254900ZNYA1FLUQ9U393","PCPIPCH","2023-02-13",FALSE
"254900ZNYA1FLUQ9U393","PCPIPCH","2023-05-15",FALSE
"254900ZNYA1FLUQ9U393","PCPIPCH","2023-09-11",FALSE
"254900ZNYA1FLUQ9U393","PCPIPCH","2023-11-15",FALSE
"254900ZNYA1FLUQ9U393","PCPIPCH","2024-02-15",FALSE
"254900ZNYA1FLUQ9U393","PCPIPCH","2024-05-15",FALSE
"254900ZNYA1FLUQ9U393","PCPIPCH","2024-11-15",FALSE
"254900ZNYA1FLUQ9U393","PCPIPCH","2025-05-19",TRUE
"254900ZNYA1FLUQ9U393","PCPIPCH","2025-11-17",TRUE
"254900ZNYA1FLUQ9U393","PCPIPCH","2026-05-21",TRUE
"5299001Z8JOKGWV5O949","LUR","2020-05-28",FALSE
"5299001Z8JOKGWV5O949","LUR","2020-12-01",FALSE
"5299001Z8JOKGWV5O949","LUR","2021-05-26",FALSE
"5299001Z8JOKGWV5O949","LUR","2021-12-09",FALSE
"5299001Z8JOKGWV5O949","LUR","2022-06-10",FALSE
"5299001Z8JOKGWV5O949","LUR","2022-12-16",FALSE
"5299001Z8JOKGWV5O949","LUR","2023-06-16",FALSE
"5299001Z8JOKGWV5O949","LUR","2023-12-15",FALSE
"5299001Z8JOKGWV5O949","LUR","2024-06-07",FALSE
"5299001Z8JOKGWV5O949","LUR","2024-12-13",FALSE
"5299001Z8JOKGWV5O949","LUR","2025-06-06",TRUE
"5299001Z8JOKGWV5O949","LUR","2025-12-19",TRUE
"5299001Z8JOKGWV5O949","LUR","2026-06-12",TRUE
"5299001Z8JOKGWV5O949","NGDP_RPCH","2020-05-28",FALSE
"5299001Z8JOKGWV5O949","NGDP_RPCH","2020-12-01",FALSE
"5299001Z8JOKGWV5O949","NGDP_RPCH","2021-05-26",FALSE
"5299001Z8JOKGWV5O949","NGDP_RPCH","2021-12-09",FALSE
"5299001Z8JOKGWV5O949","NGDP_RPCH","2022-04-01",FALSE
"5299001Z8JOKGWV5O949","NGDP_RPCH","2022-06-10",FALSE
"5299001Z8JOKGWV5O949","NGDP_RPCH","2022-12-16",FALSE
"5299001Z8JOKGWV5O949","NGDP_RPCH","2023-06-16",FALSE
"5299001Z8JOKGWV5O949","NGDP_RPCH","2023-12-15",FALSE
"5299001Z8JOKGWV5O949","NGDP_RPCH","2024-03-04",FALSE
"5299001Z8JOKGWV5O949","NGDP_RPCH","2024-06-07",FALSE
"5299001Z8JOKGWV5O949","NGDP_RPCH","2024-09-05",FALSE
"5299001Z8JOKGWV5O949","NGDP_RPCH","2024-12-13",FALSE
"5299001Z8JOKGWV5O949","NGDP_RPCH","2025-03-25",FALSE
"5299001Z8JOKGWV5O949","NGDP_RPCH","2025-06-06",TRUE
"5299001Z8JOKGWV5O949","NGDP_RPCH","2025-09-12",TRUE
"5299001Z8JOKGWV5O949","NGDP_RPCH","2025-12-19",TRUE
"5299001Z8JOKGWV5O949","NGDP_RPCH","2026-03-24",TRUE
"5299001Z8JOKGWV5O949","NGDP_RPCH","2026-06-12",TRUE
"5299001Z8JOKGWV5O949","NGDP_RPCH","2026-09-11",TRUE
"5299001Z8JOKGWV5O949","PCPIPCH","2020-05-28",FALSE
"5299001Z8JOKGWV5O949","PCPIPCH","2020-12-01",FALSE
"5299001Z8JOKGWV5O949","PCPIPCH","2021-05-26",FALSE
"5299001Z8JOKGWV5O949","PCPIPCH","2021-12-09",FALSE
"5299001Z8JOKGWV5O949","PCPIPCH","2022-04-01",FALSE
"5299001Z8JOKGWV5O949","PCPIPCH","2022-04-11",FALSE
"5299001Z8JOKGWV5O949","PCPIPCH","2022-06-10",FALSE
"5299001Z8JOKGWV5O949","PCPIPCH","2022-07-11",FALSE
"5299001Z8JOKGWV5O949","PCPIPCH","2022-10-14",FALSE
"5299001Z8JOKGWV5O949","PCPIPCH","2022-12-16",FALSE
"5299001Z8JOKGWV5O949","PCPIPCH","2023-06-16",FALSE
"5299001Z8JOKGWV5O949","PCPIPCH","2023-12-15",FALSE
"5299001Z8JOKGWV5O949","PCPIPCH","2024-03-04",FALSE
"5299001Z8JOKGWV5O949","PCPIPCH","2024-06-07",FALSE
"5299001Z8JOKGWV5O949","PCPIPCH","2024-09-05",FALSE
"5299001Z8JOKGWV5O949","PCPIPCH","2024-12-13",FALSE
"5299001Z8JOKGWV5O949","PCPIPCH","2025-03-25",FALSE
"5299001Z8JOKGWV5O949","PCPIPCH","2025-06-06",TRUE
"5299001Z8JOKGWV5O949","PCPIPCH","2025-09-12",TRUE
"5299001Z8JOKGWV5O949","PCPIPCH","2025-12-19",TRUE
"5299001Z8JOKGWV5O949","PCPIPCH","2026-03-24",TRUE
"5299001Z8JOKGWV5O949","PCPIPCH","2026-06-12",TRUE
"5299001Z8JOKGWV5O949","PCPIPCH","2026-09-11",TRUE
"5299004QA39L2ORLX198","LUR","2019-12-19",FALSE
"5299004QA39L2ORLX198","LUR","2020-06-26",FALSE
"5299004QA39L2ORLX198","LUR","2020-10-09",FALSE
"5299004QA39L2ORLX198","LUR","2020-12-18",FALSE
"5299004QA39L2ORLX198","LUR","2021-03-26",FALSE
"5299004QA39L2ORLX198","LUR","2021-12-15",FALSE
"5299004QA39L2ORLX198","LUR","2022-03-25",FALSE
"5299004QA39L2ORLX198","LUR","2022-05-09",FALSE
"5299004QA39L2ORLX198","LUR","2022-06-30",FALSE
"5299004QA39L2ORLX198","LUR","2022-10-07",FALSE
"5299004QA39L2ORLX198","LUR","2022-12-15",FALSE
"5299004QA39L2ORLX198","LUR","2023-03-30",FALSE
"5299004QA39L2ORLX198","LUR","2023-06-28",FALSE
"5299004QA39L2ORLX198","LUR","2023-10-06",FALSE
"5299004QA39L2ORLX198","LUR","2023-12-21",FALSE
"5299004QA39L2ORLX198","LUR","2024-03-22",FALSE
"5299004QA39L2ORLX198","LUR","2024-06-26",FALSE
"5299004QA39L2ORLX198","LUR","2024-10-04",FALSE
"5299004QA39L2ORLX198","LUR","2024-12-20",FALSE
"5299004QA39L2ORLX198","LUR","2025-03-27",FALSE
"5299004QA39L2ORLX198","LUR","2025-06-26",TRUE
"5299004QA39L2ORLX198","LUR","2025-10-07",TRUE
"5299004QA39L2ORLX198","LUR","2025-12-18",TRUE
"5299004QA39L2ORLX198","LUR","2026-04-10",TRUE
"5299004QA39L2ORLX198","LUR","2026-06-25",TRUE
"5299004QA39L2ORLX198","NGDP_RPCH","2019-12-19",FALSE
"5299004QA39L2ORLX198","NGDP_RPCH","2020-06-26",FALSE
"5299004QA39L2ORLX198","NGDP_RPCH","2020-10-09",FALSE
"5299004QA39L2ORLX198","NGDP_RPCH","2020-12-18",FALSE
"5299004QA39L2ORLX198","NGDP_RPCH","2021-03-26",FALSE
"5299004QA39L2ORLX198","NGDP_RPCH","2021-06-24",FALSE
"5299004QA39L2ORLX198","NGDP_RPCH","2021-10-08",FALSE
"5299004QA39L2ORLX198","NGDP_RPCH","2021-12-15",FALSE
"5299004QA39L2ORLX198","NGDP_RPCH","2022-03-25",FALSE
"5299004QA39L2ORLX198","NGDP_RPCH","2022-05-09",FALSE
"5299004QA39L2ORLX198","NGDP_RPCH","2022-06-30",FALSE
"5299004QA39L2ORLX198","NGDP_RPCH","2022-10-07",FALSE
"5299004QA39L2ORLX198","NGDP_RPCH","2022-12-15",FALSE
"5299004QA39L2ORLX198","NGDP_RPCH","2023-03-30",FALSE
"5299004QA39L2ORLX198","NGDP_RPCH","2023-06-28",FALSE
"5299004QA39L2ORLX198","NGDP_RPCH","2023-10-06",FALSE
"5299004QA39L2ORLX198","NGDP_RPCH","2023-12-21",FALSE
"5299004QA39L2ORLX198","NGDP_RPCH","2024-03-22",FALSE
"5299004QA39L2ORLX198","NGDP_RPCH","2024-06-26",FALSE
"5299004QA39L2ORLX198","NGDP_RPCH","2024-10-04",FALSE
"5299004QA39L2ORLX198","NGDP_RPCH","2024-12-20",FALSE
"5299004QA39L2ORLX198","NGDP_RPCH","2025-03-27",FALSE
"5299004QA39L2ORLX198","NGDP_RPCH","2025-06-26",TRUE
"5299004QA39L2ORLX198","NGDP_RPCH","2025-10-07",TRUE
"5299004QA39L2ORLX198","NGDP_RPCH","2025-12-18",TRUE
"5299004QA39L2ORLX198","NGDP_RPCH","2026-04-10",TRUE
"5299004QA39L2ORLX198","NGDP_RPCH","2026-06-25",TRUE
"5299004QA39L2ORLX198","PCPIPCH","2019-12-19",FALSE
"5299004QA39L2ORLX198","PCPIPCH","2020-06-26",FALSE
"5299004QA39L2ORLX198","PCPIPCH","2020-10-09",FALSE
"5299004QA39L2ORLX198","PCPIPCH","2020-12-18",FALSE
"5299004QA39L2ORLX198","PCPIPCH","2021-03-26",FALSE
"5299004QA39L2ORLX198","PCPIPCH","2021-06-24",FALSE
"5299004QA39L2ORLX198","PCPIPCH","2021-10-08",FALSE
"5299004QA39L2ORLX198","PCPIPCH","2021-12-15",FALSE
"5299004QA39L2ORLX198","PCPIPCH","2022-03-25",FALSE
"5299004QA39L2ORLX198","PCPIPCH","2022-05-09",FALSE
"5299004QA39L2ORLX198","PCPIPCH","2022-06-30",FALSE
"5299004QA39L2ORLX198","PCPIPCH","2022-10-07",FALSE
"5299004QA39L2ORLX198","PCPIPCH","2022-12-15",FALSE
"5299004QA39L2ORLX198","PCPIPCH","2023-03-30",FALSE
"5299004QA39L2ORLX198","PCPIPCH","2023-06-28",FALSE
"5299004QA39L2ORLX198","PCPIPCH","2023-10-06",FALSE
"5299004QA39L2ORLX198","PCPIPCH","2023-12-21",FALSE
"5299004QA39L2ORLX198","PCPIPCH","2024-03-22",FALSE
"5299004QA39L2ORLX198","PCPIPCH","2024-06-26",FALSE
"5299004QA39L2ORLX198","PCPIPCH","2024-10-04",FALSE
"5299004QA39L2ORLX198","PCPIPCH","2024-12-20",FALSE
"5299004QA39L2ORLX198","PCPIPCH","2025-03-27",FALSE
"5299004QA39L2ORLX198","PCPIPCH","2025-06-26",TRUE
"5299004QA39L2ORLX198","PCPIPCH","2025-10-07",TRUE
"5299004QA39L2ORLX198","PCPIPCH","2025-12-18",TRUE
"5299004QA39L2ORLX198","PCPIPCH","2026-04-10",TRUE
"5299004QA39L2ORLX198","PCPIPCH","2026-06-25",TRUE
"529900FMFN29HKS4BE19","LUR","2020-06-26",FALSE
"529900FMFN29HKS4BE19","LUR","2020-10-09",FALSE
"529900FMFN29HKS4BE19","LUR","2020-12-18",FALSE
"529900FMFN29HKS4BE19","LUR","2021-03-26",FALSE
"529900FMFN29HKS4BE19","LUR","2021-06-24",FALSE
"529900FMFN29HKS4BE19","LUR","2021-10-08",FALSE
"529900FMFN29HKS4BE19","LUR","2021-12-15",FALSE
"529900FMFN29HKS4BE19","LUR","2022-03-25",FALSE
"529900FMFN29HKS4BE19","LUR","2022-06-30",FALSE
"529900FMFN29HKS4BE19","LUR","2022-10-07",FALSE
"529900FMFN29HKS4BE19","LUR","2022-12-15",FALSE
"529900FMFN29HKS4BE19","LUR","2023-03-30",FALSE
"529900FMFN29HKS4BE19","LUR","2023-06-28",FALSE
"529900FMFN29HKS4BE19","LUR","2023-10-06",FALSE
"529900FMFN29HKS4BE19","LUR","2023-12-21",FALSE
"529900FMFN29HKS4BE19","LUR","2024-03-22",FALSE
"529900FMFN29HKS4BE19","LUR","2024-06-26",FALSE
"529900FMFN29HKS4BE19","LUR","2024-10-04",FALSE
"529900FMFN29HKS4BE19","LUR","2024-12-20",FALSE
"529900FMFN29HKS4BE19","LUR","2025-03-27",FALSE
"529900FMFN29HKS4BE19","LUR","2025-06-26",TRUE
"529900FMFN29HKS4BE19","LUR","2025-10-07",TRUE
"529900FMFN29HKS4BE19","LUR","2025-12-18",TRUE
"529900FMFN29HKS4BE19","LUR","2026-04-10",TRUE
"529900FMFN29HKS4BE19","LUR","2026-06-25",TRUE
"529900FMFN29HKS4BE19","NGDP_RPCH","2020-06-26",FALSE
"529900FMFN29HKS4BE19","NGDP_RPCH","2020-10-09",FALSE
"529900FMFN29HKS4BE19","NGDP_RPCH","2020-12-18",FALSE
"529900FMFN29HKS4BE19","NGDP_RPCH","2021-03-26",FALSE
"529900FMFN29HKS4BE19","NGDP_RPCH","2021-06-24",FALSE
"529900FMFN29HKS4BE19","NGDP_RPCH","2021-10-08",FALSE
"529900FMFN29HKS4BE19","NGDP_RPCH","2021-12-15",FALSE
"529900FMFN29HKS4BE19","NGDP_RPCH","2022-03-25",FALSE
"529900FMFN29HKS4BE19","NGDP_RPCH","2022-06-30",FALSE
"529900FMFN29HKS4BE19","NGDP_RPCH","2022-10-07",FALSE
"529900FMFN29HKS4BE19","NGDP_RPCH","2022-12-15",FALSE
"529900FMFN29HKS4BE19","NGDP_RPCH","2023-03-30",FALSE
"529900FMFN29HKS4BE19","NGDP_RPCH","2023-06-28",FALSE
"529900FMFN29HKS4BE19","NGDP_RPCH","2023-10-06",FALSE
"529900FMFN29HKS4BE19","NGDP_RPCH","2023-12-21",FALSE
"529900FMFN29HKS4BE19","NGDP_RPCH","2024-03-22",FALSE
"529900FMFN29HKS4BE19","NGDP_RPCH","2024-06-26",FALSE
"529900FMFN29HKS4BE19","NGDP_RPCH","2024-10-04",FALSE
"529900FMFN29HKS4BE19","NGDP_RPCH","2024-12-20",FALSE
"529900FMFN29HKS4BE19","NGDP_RPCH","2025-03-27",FALSE
"529900FMFN29HKS4BE19","NGDP_RPCH","2025-06-26",TRUE
"529900FMFN29HKS4BE19","NGDP_RPCH","2025-10-07",TRUE
"529900FMFN29HKS4BE19","NGDP_RPCH","2025-12-18",TRUE
"529900FMFN29HKS4BE19","NGDP_RPCH","2026-04-10",TRUE
"529900FMFN29HKS4BE19","NGDP_RPCH","2026-06-25",TRUE
"529900FMFN29HKS4BE19","PCPIPCH","2020-06-26",FALSE
"529900FMFN29HKS4BE19","PCPIPCH","2020-10-09",FALSE
"529900FMFN29HKS4BE19","PCPIPCH","2020-12-18",FALSE
"529900FMFN29HKS4BE19","PCPIPCH","2021-03-26",FALSE
"529900FMFN29HKS4BE19","PCPIPCH","2021-06-24",FALSE
"529900FMFN29HKS4BE19","PCPIPCH","2021-10-08",FALSE
"529900FMFN29HKS4BE19","PCPIPCH","2021-12-15",FALSE
"529900FMFN29HKS4BE19","PCPIPCH","2022-03-25",FALSE
"529900FMFN29HKS4BE19","PCPIPCH","2022-05-12",FALSE
"529900FMFN29HKS4BE19","PCPIPCH","2022-06-30",FALSE
"529900FMFN29HKS4BE19","PCPIPCH","2022-10-07",FALSE
"529900FMFN29HKS4BE19","PCPIPCH","2022-12-15",FALSE
"529900FMFN29HKS4BE19","PCPIPCH","2023-03-30",FALSE
"529900FMFN29HKS4BE19","PCPIPCH","2023-06-28",FALSE
"529900FMFN29HKS4BE19","PCPIPCH","2023-10-06",FALSE
"529900FMFN29HKS4BE19","PCPIPCH","2023-12-21",FALSE
"529900FMFN29HKS4BE19","PCPIPCH","2024-03-22",FALSE
"529900FMFN29HKS4BE19","PCPIPCH","2024-06-26",FALSE
"529900FMFN29HKS4BE19","PCPIPCH","2024-10-04",FALSE
"529900FMFN29HKS4BE19","PCPIPCH","2024-12-20",FALSE
"529900FMFN29HKS4BE19","PCPIPCH","2025-03-27",FALSE
"529900FMFN29HKS4BE19","PCPIPCH","2025-06-26",TRUE
"529900FMFN29HKS4BE19","PCPIPCH","2025-10-07",TRUE
"529900FMFN29HKS4BE19","PCPIPCH","2025-12-18",TRUE
"529900FMFN29HKS4BE19","PCPIPCH","2026-04-10",TRUE
"529900FMFN29HKS4BE19","PCPIPCH","2026-06-25",TRUE
"549300DTUYXVMJXZNY75","BCA_NGDPD","2000-03-01",FALSE
"549300DTUYXVMJXZNY75","BCA_NGDPD","2000-09-01",FALSE
"549300DTUYXVMJXZNY75","BCA_NGDPD","2000-12-01",FALSE
"549300DTUYXVMJXZNY75","BCA_NGDPD","2001-03-01",FALSE
"549300DTUYXVMJXZNY75","BCA_NGDPD","2001-06-01",FALSE
"549300DTUYXVMJXZNY75","BCA_NGDPD","2001-09-01",FALSE
"549300DTUYXVMJXZNY75","BCA_NGDPD","2001-12-01",FALSE
"549300DTUYXVMJXZNY75","BCA_NGDPD","2002-03-01",FALSE
"549300DTUYXVMJXZNY75","BCA_NGDPD","2002-06-01",FALSE
"549300DTUYXVMJXZNY75","BCA_NGDPD","2002-09-01",FALSE
"549300DTUYXVMJXZNY75","BCA_NGDPD","2002-12-01",FALSE
"549300DTUYXVMJXZNY75","BCA_NGDPD","2003-03-01",FALSE
"549300DTUYXVMJXZNY75","BCA_NGDPD","2003-06-01",FALSE
"549300DTUYXVMJXZNY75","BCA_NGDPD","2003-09-01",FALSE
"549300DTUYXVMJXZNY75","BCA_NGDPD","2003-12-01",FALSE
"549300DTUYXVMJXZNY75","BCA_NGDPD","2004-03-01",FALSE
"549300DTUYXVMJXZNY75","BCA_NGDPD","2004-06-01",FALSE
"549300DTUYXVMJXZNY75","BCA_NGDPD","2004-09-01",FALSE
"549300DTUYXVMJXZNY75","BCA_NGDPD","2004-12-01",FALSE
"549300DTUYXVMJXZNY75","BCA_NGDPD","2005-03-01",FALSE
"549300DTUYXVMJXZNY75","BCA_NGDPD","2005-06-01",FALSE
"549300DTUYXVMJXZNY75","BCA_NGDPD","2005-09-01",FALSE
"549300DTUYXVMJXZNY75","BCA_NGDPD","2005-12-01",FALSE
"549300DTUYXVMJXZNY75","BCA_NGDPD","2006-03-01",FALSE
"549300DTUYXVMJXZNY75","BCA_NGDPD","2006-06-01",FALSE
"549300DTUYXVMJXZNY75","BCA_NGDPD","2006-09-01",FALSE
"549300DTUYXVMJXZNY75","BCA_NGDPD","2006-12-01",FALSE
"549300DTUYXVMJXZNY75","BCA_NGDPD","2007-03-01",FALSE
"549300DTUYXVMJXZNY75","BCA_NGDPD","2007-06-01",FALSE
"549300DTUYXVMJXZNY75","BCA_NGDPD","2007-09-01",FALSE
"549300DTUYXVMJXZNY75","BCA_NGDPD","2007-12-01",FALSE
"549300DTUYXVMJXZNY75","BCA_NGDPD","2008-03-01",FALSE
"549300DTUYXVMJXZNY75","BCA_NGDPD","2008-06-01",FALSE
"549300DTUYXVMJXZNY75","BCA_NGDPD","2008-09-01",FALSE
"549300DTUYXVMJXZNY75","BCA_NGDPD","2008-12-01",FALSE
"549300DTUYXVMJXZNY75","BCA_NGDPD","2009-03-01",FALSE
"549300DTUYXVMJXZNY75","BCA_NGDPD","2009-06-01",FALSE
"549300DTUYXVMJXZNY75","BCA_NGDPD","2009-09-01",FALSE
"549300DTUYXVMJXZNY75","BCA_NGDPD","2009-12-01",FALSE
"549300DTUYXVMJXZNY75","BCA_NGDPD","2010-03-01",FALSE
"549300DTUYXVMJXZNY75","BCA_NGDPD","2010-06-01",FALSE
"549300DTUYXVMJXZNY75","BCA_NGDPD","2010-09-01",FALSE
"549300DTUYXVMJXZNY75","BCA_NGDPD","2010-12-01",FALSE
"549300DTUYXVMJXZNY75","BCA_NGDPD","2011-03-01",FALSE
"549300DTUYXVMJXZNY75","BCA_NGDPD","2011-06-01",FALSE
"549300DTUYXVMJXZNY75","BCA_NGDPD","2011-09-01",FALSE
"549300DTUYXVMJXZNY75","BCA_NGDPD","2011-12-01",FALSE
"549300DTUYXVMJXZNY75","BCA_NGDPD","2012-03-01",FALSE
"549300DTUYXVMJXZNY75","BCA_NGDPD","2012-06-01",FALSE
"549300DTUYXVMJXZNY75","BCA_NGDPD","2012-09-01",FALSE
"549300DTUYXVMJXZNY75","BCA_NGDPD","2012-12-01",FALSE
"549300DTUYXVMJXZNY75","BCA_NGDPD","2013-03-01",FALSE
"549300DTUYXVMJXZNY75","BCA_NGDPD","2013-06-01",FALSE
"549300DTUYXVMJXZNY75","BCA_NGDPD","2013-09-01",FALSE
"549300DTUYXVMJXZNY75","BCA_NGDPD","2013-12-01",FALSE
"549300DTUYXVMJXZNY75","BCA_NGDPD","2014-03-01",FALSE
"549300DTUYXVMJXZNY75","BCA_NGDPD","2014-06-01",FALSE
"549300DTUYXVMJXZNY75","BCA_NGDPD","2014-09-01",FALSE
"549300DTUYXVMJXZNY75","BCA_NGDPD","2014-12-01",FALSE
"549300DTUYXVMJXZNY75","BCA_NGDPD","2015-03-01",FALSE
"549300DTUYXVMJXZNY75","BCA_NGDPD","2015-06-01",FALSE
"549300DTUYXVMJXZNY75","BCA_NGDPD","2015-09-01",FALSE
"549300DTUYXVMJXZNY75","BCA_NGDPD","2015-12-01",FALSE
"549300DTUYXVMJXZNY75","BCA_NGDPD","2016-03-01",FALSE
"549300DTUYXVMJXZNY75","BCA_NGDPD","2016-06-01",FALSE
"549300DTUYXVMJXZNY75","BCA_NGDPD","2016-09-01",FALSE
"549300DTUYXVMJXZNY75","BCA_NGDPD","2016-12-01",FALSE
"549300DTUYXVMJXZNY75","BCA_NGDPD","2017-03-01",FALSE
"549300DTUYXVMJXZNY75","BCA_NGDPD","2017-06-01",FALSE
"549300DTUYXVMJXZNY75","BCA_NGDPD","2017-09-01",FALSE
"549300DTUYXVMJXZNY75","BCA_NGDPD","2017-12-01",FALSE
"549300DTUYXVMJXZNY75","BCA_NGDPD","2018-03-01",FALSE
"549300DTUYXVMJXZNY75","BCA_NGDPD","2018-06-01",FALSE
"549300DTUYXVMJXZNY75","BCA_NGDPD","2018-09-01",FALSE
"549300DTUYXVMJXZNY75","BCA_NGDPD","2018-12-01",FALSE
"549300DTUYXVMJXZNY75","BCA_NGDPD","2019-03-01",FALSE
"549300DTUYXVMJXZNY75","BCA_NGDPD","2019-06-01",FALSE
"549300DTUYXVMJXZNY75","BCA_NGDPD","2019-09-01",FALSE
"549300DTUYXVMJXZNY75","BCA_NGDPD","2019-12-01",FALSE
"549300DTUYXVMJXZNY75","BCA_NGDPD","2020-03-01",FALSE
"549300DTUYXVMJXZNY75","BCA_NGDPD","2020-06-01",FALSE
"549300DTUYXVMJXZNY75","BCA_NGDPD","2020-09-01",FALSE
"549300DTUYXVMJXZNY75","BCA_NGDPD","2020-12-01",FALSE
"549300DTUYXVMJXZNY75","BCA_NGDPD","2021-03-01",FALSE
"549300DTUYXVMJXZNY75","BCA_NGDPD","2021-06-01",FALSE
"549300DTUYXVMJXZNY75","BCA_NGDPD","2021-09-01",FALSE
"549300DTUYXVMJXZNY75","BCA_NGDPD","2021-12-01",FALSE
"549300DTUYXVMJXZNY75","BCA_NGDPD","2022-03-01",FALSE
"549300DTUYXVMJXZNY75","BCA_NGDPD","2022-06-01",FALSE
"549300DTUYXVMJXZNY75","BCA_NGDPD","2022-09-01",FALSE
"549300DTUYXVMJXZNY75","BCA_NGDPD","2022-12-01",FALSE
"549300DTUYXVMJXZNY75","BCA_NGDPD","2023-03-01",FALSE
"549300DTUYXVMJXZNY75","BCA_NGDPD","2023-06-01",FALSE
"549300DTUYXVMJXZNY75","BCA_NGDPD","2023-09-01",FALSE
"549300DTUYXVMJXZNY75","BCA_NGDPD","2023-12-01",FALSE
"549300DTUYXVMJXZNY75","BCA_NGDPD","2024-03-01",FALSE
"549300DTUYXVMJXZNY75","BCA_NGDPD","2024-06-01",FALSE
"549300DTUYXVMJXZNY75","BCA_NGDPD","2024-09-01",FALSE
"549300DTUYXVMJXZNY75","BCA_NGDPD","2024-12-01",FALSE
"549300DTUYXVMJXZNY75","BCA_NGDPD","2025-03-01",FALSE
"549300DTUYXVMJXZNY75","BCA_NGDPD","2025-06-01",FALSE
"549300DTUYXVMJXZNY75","BCA_NGDPD","2025-09-01",FALSE
"549300DTUYXVMJXZNY75","BCA_NGDPD","2025-12-01",FALSE
"549300DTUYXVMJXZNY75","BCA_NGDPD","2026-06-01",FALSE
"549300DTUYXVMJXZNY75","BCA_NGDPD","2026-09-01",FALSE
"549300DTUYXVMJXZNY75","GGXCNL_NGDP","2000-09-01",FALSE
"549300DTUYXVMJXZNY75","GGXCNL_NGDP","2000-12-01",FALSE
"549300DTUYXVMJXZNY75","GGXCNL_NGDP","2001-03-01",FALSE
"549300DTUYXVMJXZNY75","GGXCNL_NGDP","2001-06-01",FALSE
"549300DTUYXVMJXZNY75","GGXCNL_NGDP","2001-09-01",FALSE
"549300DTUYXVMJXZNY75","GGXCNL_NGDP","2001-12-01",FALSE
"549300DTUYXVMJXZNY75","GGXCNL_NGDP","2002-03-01",FALSE
"549300DTUYXVMJXZNY75","GGXCNL_NGDP","2002-06-01",FALSE
"549300DTUYXVMJXZNY75","GGXCNL_NGDP","2002-09-01",FALSE
"549300DTUYXVMJXZNY75","GGXCNL_NGDP","2002-12-01",FALSE
"549300DTUYXVMJXZNY75","GGXCNL_NGDP","2003-03-01",FALSE
"549300DTUYXVMJXZNY75","GGXCNL_NGDP","2003-06-01",FALSE
"549300DTUYXVMJXZNY75","GGXCNL_NGDP","2003-09-01",FALSE
"549300DTUYXVMJXZNY75","GGXCNL_NGDP","2003-12-01",FALSE
"549300DTUYXVMJXZNY75","GGXCNL_NGDP","2004-03-01",FALSE
"549300DTUYXVMJXZNY75","GGXCNL_NGDP","2004-06-01",FALSE
"549300DTUYXVMJXZNY75","GGXCNL_NGDP","2004-09-01",FALSE
"549300DTUYXVMJXZNY75","GGXCNL_NGDP","2004-12-01",FALSE
"549300DTUYXVMJXZNY75","GGXCNL_NGDP","2005-03-01",FALSE
"549300DTUYXVMJXZNY75","GGXCNL_NGDP","2005-06-01",FALSE
"549300DTUYXVMJXZNY75","GGXCNL_NGDP","2005-09-01",FALSE
"549300DTUYXVMJXZNY75","GGXCNL_NGDP","2005-12-01",FALSE
"549300DTUYXVMJXZNY75","GGXCNL_NGDP","2006-03-01",FALSE
"549300DTUYXVMJXZNY75","GGXCNL_NGDP","2006-06-01",FALSE
"549300DTUYXVMJXZNY75","GGXCNL_NGDP","2006-09-01",FALSE
"549300DTUYXVMJXZNY75","GGXCNL_NGDP","2006-12-01",FALSE
"549300DTUYXVMJXZNY75","GGXCNL_NGDP","2007-03-01",FALSE
"549300DTUYXVMJXZNY75","GGXCNL_NGDP","2007-06-01",FALSE
"549300DTUYXVMJXZNY75","GGXCNL_NGDP","2007-09-01",FALSE
"549300DTUYXVMJXZNY75","GGXCNL_NGDP","2007-12-01",FALSE
"549300DTUYXVMJXZNY75","GGXCNL_NGDP","2008-03-01",FALSE
"549300DTUYXVMJXZNY75","GGXCNL_NGDP","2008-06-01",FALSE
"549300DTUYXVMJXZNY75","GGXCNL_NGDP","2008-09-01",FALSE
"549300DTUYXVMJXZNY75","GGXCNL_NGDP","2008-12-01",FALSE
"549300DTUYXVMJXZNY75","GGXCNL_NGDP","2009-03-01",FALSE
"549300DTUYXVMJXZNY75","GGXCNL_NGDP","2009-06-01",FALSE
"549300DTUYXVMJXZNY75","GGXCNL_NGDP","2009-09-01",FALSE
"549300DTUYXVMJXZNY75","GGXCNL_NGDP","2009-12-01",FALSE
"549300DTUYXVMJXZNY75","GGXCNL_NGDP","2010-03-01",FALSE
"549300DTUYXVMJXZNY75","GGXCNL_NGDP","2010-06-01",FALSE
"549300DTUYXVMJXZNY75","GGXCNL_NGDP","2010-09-01",FALSE
"549300DTUYXVMJXZNY75","GGXCNL_NGDP","2010-12-01",FALSE
"549300DTUYXVMJXZNY75","GGXCNL_NGDP","2011-03-01",FALSE
"549300DTUYXVMJXZNY75","GGXCNL_NGDP","2011-06-01",FALSE
"549300DTUYXVMJXZNY75","GGXCNL_NGDP","2011-09-01",FALSE
"549300DTUYXVMJXZNY75","GGXCNL_NGDP","2011-12-01",FALSE
"549300DTUYXVMJXZNY75","GGXCNL_NGDP","2012-03-01",FALSE
"549300DTUYXVMJXZNY75","GGXCNL_NGDP","2012-06-01",FALSE
"549300DTUYXVMJXZNY75","GGXCNL_NGDP","2012-09-01",FALSE
"549300DTUYXVMJXZNY75","GGXCNL_NGDP","2012-12-01",FALSE
"549300DTUYXVMJXZNY75","GGXCNL_NGDP","2013-03-01",FALSE
"549300DTUYXVMJXZNY75","GGXCNL_NGDP","2013-06-01",FALSE
"549300DTUYXVMJXZNY75","GGXCNL_NGDP","2013-09-01",FALSE
"549300DTUYXVMJXZNY75","GGXCNL_NGDP","2013-12-01",FALSE
"549300DTUYXVMJXZNY75","GGXCNL_NGDP","2014-03-01",FALSE
"549300DTUYXVMJXZNY75","GGXCNL_NGDP","2014-06-01",FALSE
"549300DTUYXVMJXZNY75","GGXCNL_NGDP","2014-09-01",FALSE
"549300DTUYXVMJXZNY75","GGXCNL_NGDP","2014-12-01",FALSE
"549300DTUYXVMJXZNY75","GGXCNL_NGDP","2015-03-01",FALSE
"549300DTUYXVMJXZNY75","GGXCNL_NGDP","2015-06-01",FALSE
"549300DTUYXVMJXZNY75","GGXCNL_NGDP","2015-09-01",FALSE
"549300DTUYXVMJXZNY75","GGXCNL_NGDP","2015-12-01",FALSE
"549300DTUYXVMJXZNY75","GGXCNL_NGDP","2016-03-01",FALSE
"549300DTUYXVMJXZNY75","GGXCNL_NGDP","2016-06-01",FALSE
"549300DTUYXVMJXZNY75","GGXCNL_NGDP","2016-09-01",FALSE
"549300DTUYXVMJXZNY75","GGXCNL_NGDP","2016-12-01",FALSE
"549300DTUYXVMJXZNY75","GGXCNL_NGDP","2017-03-01",FALSE
"549300DTUYXVMJXZNY75","GGXCNL_NGDP","2017-06-01",FALSE
"549300DTUYXVMJXZNY75","GGXCNL_NGDP","2017-09-01",FALSE
"549300DTUYXVMJXZNY75","GGXCNL_NGDP","2017-12-01",FALSE
"549300DTUYXVMJXZNY75","GGXCNL_NGDP","2018-03-01",FALSE
"549300DTUYXVMJXZNY75","GGXCNL_NGDP","2018-06-01",FALSE
"549300DTUYXVMJXZNY75","GGXCNL_NGDP","2018-09-01",FALSE
"549300DTUYXVMJXZNY75","GGXCNL_NGDP","2018-12-01",FALSE
"549300DTUYXVMJXZNY75","GGXCNL_NGDP","2019-03-01",FALSE
"549300DTUYXVMJXZNY75","GGXCNL_NGDP","2019-06-01",FALSE
"549300DTUYXVMJXZNY75","GGXCNL_NGDP","2019-09-01",FALSE
"549300DTUYXVMJXZNY75","GGXCNL_NGDP","2019-12-01",FALSE
"549300DTUYXVMJXZNY75","GGXCNL_NGDP","2020-03-01",FALSE
"549300DTUYXVMJXZNY75","GGXCNL_NGDP","2020-06-01",FALSE
"549300DTUYXVMJXZNY75","GGXCNL_NGDP","2020-09-01",FALSE
"549300DTUYXVMJXZNY75","GGXCNL_NGDP","2020-12-01",FALSE
"549300DTUYXVMJXZNY75","GGXCNL_NGDP","2021-03-01",FALSE
"549300DTUYXVMJXZNY75","GGXCNL_NGDP","2021-06-01",FALSE
"549300DTUYXVMJXZNY75","GGXCNL_NGDP","2021-09-01",FALSE
"549300DTUYXVMJXZNY75","GGXCNL_NGDP","2021-12-01",FALSE
"549300DTUYXVMJXZNY75","GGXCNL_NGDP","2022-03-01",FALSE
"549300DTUYXVMJXZNY75","GGXCNL_NGDP","2022-06-01",FALSE
"549300DTUYXVMJXZNY75","GGXCNL_NGDP","2022-09-01",FALSE
"549300DTUYXVMJXZNY75","GGXCNL_NGDP","2022-12-01",FALSE
"549300DTUYXVMJXZNY75","GGXCNL_NGDP","2023-03-01",FALSE
"549300DTUYXVMJXZNY75","GGXCNL_NGDP","2023-06-01",FALSE
"549300DTUYXVMJXZNY75","GGXCNL_NGDP","2023-09-01",FALSE
"549300DTUYXVMJXZNY75","GGXCNL_NGDP","2023-12-01",FALSE
"549300DTUYXVMJXZNY75","GGXCNL_NGDP","2024-03-01",FALSE
"549300DTUYXVMJXZNY75","GGXCNL_NGDP","2024-06-01",FALSE
"549300DTUYXVMJXZNY75","GGXCNL_NGDP","2024-09-01",FALSE
"549300DTUYXVMJXZNY75","GGXCNL_NGDP","2024-12-01",FALSE
"549300DTUYXVMJXZNY75","GGXCNL_NGDP","2025-03-01",FALSE
"549300DTUYXVMJXZNY75","GGXCNL_NGDP","2025-06-01",FALSE
"549300DTUYXVMJXZNY75","GGXCNL_NGDP","2025-09-01",FALSE
"549300DTUYXVMJXZNY75","GGXCNL_NGDP","2025-12-01",FALSE
"549300DTUYXVMJXZNY75","GGXCNL_NGDP","2026-03-01",FALSE
"549300DTUYXVMJXZNY75","GGXCNL_NGDP","2026-06-01",FALSE
"549300DTUYXVMJXZNY75","GGXCNL_NGDP","2026-09-01",FALSE
"549300DTUYXVMJXZNY75","GGXWDG_NGDP","2000-03-01",FALSE
"549300DTUYXVMJXZNY75","GGXWDG_NGDP","2000-06-01",FALSE
"549300DTUYXVMJXZNY75","GGXWDG_NGDP","2000-09-01",FALSE
"549300DTUYXVMJXZNY75","GGXWDG_NGDP","2000-12-01",FALSE
"549300DTUYXVMJXZNY75","GGXWDG_NGDP","2001-03-01",FALSE
"549300DTUYXVMJXZNY75","GGXWDG_NGDP","2001-06-01",FALSE
"549300DTUYXVMJXZNY75","GGXWDG_NGDP","2001-09-01",FALSE
"549300DTUYXVMJXZNY75","GGXWDG_NGDP","2001-12-01",FALSE
"549300DTUYXVMJXZNY75","GGXWDG_NGDP","2002-03-01",FALSE
"549300DTUYXVMJXZNY75","GGXWDG_NGDP","2002-06-01",FALSE
"549300DTUYXVMJXZNY75","GGXWDG_NGDP","2002-09-01",FALSE
"549300DTUYXVMJXZNY75","GGXWDG_NGDP","2002-12-01",FALSE
"549300DTUYXVMJXZNY75","GGXWDG_NGDP","2003-03-01",FALSE
"549300DTUYXVMJXZNY75","GGXWDG_NGDP","2003-06-01",FALSE
"549300DTUYXVMJXZNY75","GGXWDG_NGDP","2003-09-01",FALSE
"549300DTUYXVMJXZNY75","GGXWDG_NGDP","2003-12-01",FALSE
"549300DTUYXVMJXZNY75","GGXWDG_NGDP","2004-03-01",FALSE
"549300DTUYXVMJXZNY75","GGXWDG_NGDP","2004-06-01",FALSE
"549300DTUYXVMJXZNY75","GGXWDG_NGDP","2004-09-01",FALSE
"549300DTUYXVMJXZNY75","GGXWDG_NGDP","2004-12-01",FALSE
"549300DTUYXVMJXZNY75","GGXWDG_NGDP","2005-03-01",FALSE
"549300DTUYXVMJXZNY75","GGXWDG_NGDP","2005-06-01",FALSE
"549300DTUYXVMJXZNY75","GGXWDG_NGDP","2005-09-01",FALSE
"549300DTUYXVMJXZNY75","GGXWDG_NGDP","2005-12-01",FALSE
"549300DTUYXVMJXZNY75","GGXWDG_NGDP","2006-03-01",FALSE
"549300DTUYXVMJXZNY75","GGXWDG_NGDP","2006-06-01",FALSE
"549300DTUYXVMJXZNY75","GGXWDG_NGDP","2006-09-01",FALSE
"549300DTUYXVMJXZNY75","GGXWDG_NGDP","2006-12-01",FALSE
"549300DTUYXVMJXZNY75","GGXWDG_NGDP","2007-03-01",FALSE
"549300DTUYXVMJXZNY75","GGXWDG_NGDP","2007-06-01",FALSE
"549300DTUYXVMJXZNY75","GGXWDG_NGDP","2007-09-01",FALSE
"549300DTUYXVMJXZNY75","GGXWDG_NGDP","2007-12-01",FALSE
"549300DTUYXVMJXZNY75","GGXWDG_NGDP","2008-03-01",FALSE
"549300DTUYXVMJXZNY75","GGXWDG_NGDP","2008-06-01",FALSE
"549300DTUYXVMJXZNY75","GGXWDG_NGDP","2008-09-01",FALSE
"549300DTUYXVMJXZNY75","GGXWDG_NGDP","2008-12-01",FALSE
"549300DTUYXVMJXZNY75","GGXWDG_NGDP","2009-03-01",FALSE
"549300DTUYXVMJXZNY75","GGXWDG_NGDP","2009-06-01",FALSE
"549300DTUYXVMJXZNY75","GGXWDG_NGDP","2009-09-01",FALSE
"549300DTUYXVMJXZNY75","GGXWDG_NGDP","2009-12-01",FALSE
"549300DTUYXVMJXZNY75","GGXWDG_NGDP","2010-03-01",FALSE
"549300DTUYXVMJXZNY75","GGXWDG_NGDP","2010-06-01",FALSE
"549300DTUYXVMJXZNY75","GGXWDG_NGDP","2010-09-01",FALSE
"549300DTUYXVMJXZNY75","GGXWDG_NGDP","2010-12-01",FALSE
"549300DTUYXVMJXZNY75","GGXWDG_NGDP","2011-03-01",FALSE
"549300DTUYXVMJXZNY75","GGXWDG_NGDP","2011-06-01",FALSE
"549300DTUYXVMJXZNY75","GGXWDG_NGDP","2011-09-01",FALSE
"549300DTUYXVMJXZNY75","GGXWDG_NGDP","2011-12-01",FALSE
"549300DTUYXVMJXZNY75","GGXWDG_NGDP","2012-03-01",FALSE
"549300DTUYXVMJXZNY75","GGXWDG_NGDP","2012-06-01",FALSE
"549300DTUYXVMJXZNY75","GGXWDG_NGDP","2012-09-01",FALSE
"549300DTUYXVMJXZNY75","GGXWDG_NGDP","2012-12-01",FALSE
"549300DTUYXVMJXZNY75","GGXWDG_NGDP","2013-03-01",FALSE
"549300DTUYXVMJXZNY75","GGXWDG_NGDP","2013-06-01",FALSE
"549300DTUYXVMJXZNY75","GGXWDG_NGDP","2013-09-01",FALSE
"549300DTUYXVMJXZNY75","GGXWDG_NGDP","2013-12-01",FALSE
"549300DTUYXVMJXZNY75","GGXWDG_NGDP","2014-03-01",FALSE
"549300DTUYXVMJXZNY75","GGXWDG_NGDP","2014-06-01",FALSE
"549300DTUYXVMJXZNY75","GGXWDG_NGDP","2014-09-01",FALSE
"549300DTUYXVMJXZNY75","GGXWDG_NGDP","2014-12-01",FALSE
"549300DTUYXVMJXZNY75","GGXWDG_NGDP","2015-03-01",FALSE
"549300DTUYXVMJXZNY75","GGXWDG_NGDP","2015-06-01",FALSE
"549300DTUYXVMJXZNY75","GGXWDG_NGDP","2015-09-01",FALSE
"549300DTUYXVMJXZNY75","GGXWDG_NGDP","2015-12-01",FALSE
"549300DTUYXVMJXZNY75","GGXWDG_NGDP","2016-03-01",FALSE
"549300DTUYXVMJXZNY75","GGXWDG_NGDP","2016-06-01",FALSE
"549300DTUYXVMJXZNY75","GGXWDG_NGDP","2016-09-01",FALSE
"549300DTUYXVMJXZNY75","GGXWDG_NGDP","2016-12-01",FALSE
"549300DTUYXVMJXZNY75","GGXWDG_NGDP","2017-03-01",FALSE
"549300DTUYXVMJXZNY75","GGXWDG_NGDP","2017-06-01",FALSE
"549300DTUYXVMJXZNY75","GGXWDG_NGDP","2017-09-01",FALSE
"549300DTUYXVMJXZNY75","GGXWDG_NGDP","2017-12-01",FALSE
"549300DTUYXVMJXZNY75","GGXWDG_NGDP","2018-03-01",FALSE
"549300DTUYXVMJXZNY75","GGXWDG_NGDP","2018-06-01",FALSE
"549300DTUYXVMJXZNY75","GGXWDG_NGDP","2018-09-01",FALSE
"549300DTUYXVMJXZNY75","GGXWDG_NGDP","2018-12-01",FALSE
"549300DTUYXVMJXZNY75","GGXWDG_NGDP","2019-03-01",FALSE
"549300DTUYXVMJXZNY75","GGXWDG_NGDP","2019-06-01",FALSE
"549300DTUYXVMJXZNY75","GGXWDG_NGDP","2019-09-01",FALSE
"549300DTUYXVMJXZNY75","GGXWDG_NGDP","2019-12-01",FALSE
"549300DTUYXVMJXZNY75","GGXWDG_NGDP","2020-03-01",FALSE
"549300DTUYXVMJXZNY75","GGXWDG_NGDP","2020-06-01",FALSE
"549300DTUYXVMJXZNY75","GGXWDG_NGDP","2020-09-01",FALSE
"549300DTUYXVMJXZNY75","GGXWDG_NGDP","2020-12-01",FALSE
"549300DTUYXVMJXZNY75","GGXWDG_NGDP","2021-03-01",FALSE
"549300DTUYXVMJXZNY75","GGXWDG_NGDP","2021-06-01",FALSE
"549300DTUYXVMJXZNY75","GGXWDG_NGDP","2021-09-01",FALSE
"549300DTUYXVMJXZNY75","GGXWDG_NGDP","2021-12-01",FALSE
"549300DTUYXVMJXZNY75","GGXWDG_NGDP","2022-03-01",FALSE
"549300DTUYXVMJXZNY75","GGXWDG_NGDP","2022-06-01",FALSE
"549300DTUYXVMJXZNY75","GGXWDG_NGDP","2022-09-01",FALSE
"549300DTUYXVMJXZNY75","GGXWDG_NGDP","2022-12-01",FALSE
"549300DTUYXVMJXZNY75","GGXWDG_NGDP","2023-03-01",FALSE
"549300DTUYXVMJXZNY75","GGXWDG_NGDP","2023-06-01",FALSE
"549300DTUYXVMJXZNY75","GGXWDG_NGDP","2023-09-01",FALSE
"549300DTUYXVMJXZNY75","GGXWDG_NGDP","2023-12-01",FALSE
"549300DTUYXVMJXZNY75","GGXWDG_NGDP","2024-03-01",FALSE
"549300DTUYXVMJXZNY75","GGXWDG_NGDP","2024-06-01",FALSE
"549300DTUYXVMJXZNY75","GGXWDG_NGDP","2024-09-01",FALSE
"549300DTUYXVMJXZNY75","GGXWDG_NGDP","2024-12-01",FALSE
"549300DTUYXVMJXZNY75","GGXWDG_NGDP","2025-03-01",FALSE
"549300DTUYXVMJXZNY75","GGXWDG_NGDP","2025-06-01",FALSE
"549300DTUYXVMJXZNY75","GGXWDG_NGDP","2025-09-01",FALSE
"549300DTUYXVMJXZNY75","GGXWDG_NGDP","2025-12-01",FALSE
"549300DTUYXVMJXZNY75","GGXWDG_NGDP","2026-03-01",FALSE
"549300DTUYXVMJXZNY75","GGXWDG_NGDP","2026-06-01",FALSE
"549300DTUYXVMJXZNY75","GGXWDG_NGDP","2026-09-01",FALSE
"549300DTUYXVMJXZNY75","LUR","2000-03-01",FALSE
"549300DTUYXVMJXZNY75","LUR","2000-06-01",FALSE
"549300DTUYXVMJXZNY75","LUR","2000-09-01",FALSE
"549300DTUYXVMJXZNY75","LUR","2000-12-01",FALSE
"549300DTUYXVMJXZNY75","LUR","2001-03-01",FALSE
"549300DTUYXVMJXZNY75","LUR","2001-06-01",FALSE
"549300DTUYXVMJXZNY75","LUR","2001-09-01",FALSE
"549300DTUYXVMJXZNY75","LUR","2001-12-01",FALSE
"549300DTUYXVMJXZNY75","LUR","2002-03-01",FALSE
"549300DTUYXVMJXZNY75","LUR","2002-06-01",FALSE
"549300DTUYXVMJXZNY75","LUR","2002-09-01",FALSE
"549300DTUYXVMJXZNY75","LUR","2002-12-01",FALSE
"549300DTUYXVMJXZNY75","LUR","2003-03-01",FALSE
"549300DTUYXVMJXZNY75","LUR","2003-06-01",FALSE
"549300DTUYXVMJXZNY75","LUR","2003-09-01",FALSE
"549300DTUYXVMJXZNY75","LUR","2003-12-01",FALSE
"549300DTUYXVMJXZNY75","LUR","2004-03-01",FALSE
"549300DTUYXVMJXZNY75","LUR","2004-06-01",FALSE
"549300DTUYXVMJXZNY75","LUR","2004-09-01",FALSE
"549300DTUYXVMJXZNY75","LUR","2004-12-01",FALSE
"549300DTUYXVMJXZNY75","LUR","2005-03-01",FALSE
"549300DTUYXVMJXZNY75","LUR","2005-06-01",FALSE
"549300DTUYXVMJXZNY75","LUR","2005-09-01",FALSE
"549300DTUYXVMJXZNY75","LUR","2005-12-01",FALSE
"549300DTUYXVMJXZNY75","LUR","2006-03-01",FALSE
"549300DTUYXVMJXZNY75","LUR","2006-06-01",FALSE
"549300DTUYXVMJXZNY75","LUR","2006-09-01",FALSE
"549300DTUYXVMJXZNY75","LUR","2006-12-01",FALSE
"549300DTUYXVMJXZNY75","LUR","2007-03-01",FALSE
"549300DTUYXVMJXZNY75","LUR","2007-06-01",FALSE
"549300DTUYXVMJXZNY75","LUR","2007-09-01",FALSE
"549300DTUYXVMJXZNY75","LUR","2007-12-01",FALSE
"549300DTUYXVMJXZNY75","LUR","2008-03-01",FALSE
"549300DTUYXVMJXZNY75","LUR","2008-06-01",FALSE
"549300DTUYXVMJXZNY75","LUR","2008-09-01",FALSE
"549300DTUYXVMJXZNY75","LUR","2008-12-01",FALSE
"549300DTUYXVMJXZNY75","LUR","2009-03-01",FALSE
"549300DTUYXVMJXZNY75","LUR","2009-06-01",FALSE
"549300DTUYXVMJXZNY75","LUR","2009-09-01",FALSE
"549300DTUYXVMJXZNY75","LUR","2009-12-01",FALSE
"549300DTUYXVMJXZNY75","LUR","2010-03-01",FALSE
"549300DTUYXVMJXZNY75","LUR","2010-06-01",FALSE
"549300DTUYXVMJXZNY75","LUR","2010-09-01",FALSE
"549300DTUYXVMJXZNY75","LUR","2010-12-01",FALSE
"549300DTUYXVMJXZNY75","LUR","2011-03-01",FALSE
"549300DTUYXVMJXZNY75","LUR","2011-06-01",FALSE
"549300DTUYXVMJXZNY75","LUR","2011-09-01",FALSE
"549300DTUYXVMJXZNY75","LUR","2011-12-01",FALSE
"549300DTUYXVMJXZNY75","LUR","2012-03-01",FALSE
"549300DTUYXVMJXZNY75","LUR","2012-06-01",FALSE
"549300DTUYXVMJXZNY75","LUR","2012-09-01",FALSE
"549300DTUYXVMJXZNY75","LUR","2012-12-01",FALSE
"549300DTUYXVMJXZNY75","LUR","2013-03-01",FALSE
"549300DTUYXVMJXZNY75","LUR","2013-06-01",FALSE
"549300DTUYXVMJXZNY75","LUR","2013-09-01",FALSE
"549300DTUYXVMJXZNY75","LUR","2013-12-01",FALSE
"549300DTUYXVMJXZNY75","LUR","2014-03-01",FALSE
"549300DTUYXVMJXZNY75","LUR","2014-06-01",FALSE
"549300DTUYXVMJXZNY75","LUR","2014-09-01",FALSE
"549300DTUYXVMJXZNY75","LUR","2014-12-01",FALSE
"549300DTUYXVMJXZNY75","LUR","2015-03-01",FALSE
"549300DTUYXVMJXZNY75","LUR","2015-06-01",FALSE
"549300DTUYXVMJXZNY75","LUR","2015-09-01",FALSE
"549300DTUYXVMJXZNY75","LUR","2015-12-01",FALSE
"549300DTUYXVMJXZNY75","LUR","2016-03-01",FALSE
"549300DTUYXVMJXZNY75","LUR","2016-06-01",FALSE
"549300DTUYXVMJXZNY75","LUR","2016-09-01",FALSE
"549300DTUYXVMJXZNY75","LUR","2016-12-01",FALSE
"549300DTUYXVMJXZNY75","LUR","2017-03-01",FALSE
"549300DTUYXVMJXZNY75","LUR","2017-06-01",FALSE
"549300DTUYXVMJXZNY75","LUR","2017-09-01",FALSE
"549300DTUYXVMJXZNY75","LUR","2017-12-01",FALSE
"549300DTUYXVMJXZNY75","LUR","2018-03-01",FALSE
"549300DTUYXVMJXZNY75","LUR","2018-06-01",FALSE
"549300DTUYXVMJXZNY75","LUR","2018-09-01",FALSE
"549300DTUYXVMJXZNY75","LUR","2018-12-01",FALSE
"549300DTUYXVMJXZNY75","LUR","2019-03-01",FALSE
"549300DTUYXVMJXZNY75","LUR","2019-06-01",FALSE
"549300DTUYXVMJXZNY75","LUR","2019-09-01",FALSE
"549300DTUYXVMJXZNY75","LUR","2019-12-01",FALSE
"549300DTUYXVMJXZNY75","LUR","2020-03-01",FALSE
"549300DTUYXVMJXZNY75","LUR","2020-06-01",FALSE
"549300DTUYXVMJXZNY75","LUR","2020-09-01",FALSE
"549300DTUYXVMJXZNY75","LUR","2020-12-01",FALSE
"549300DTUYXVMJXZNY75","LUR","2021-03-01",FALSE
"549300DTUYXVMJXZNY75","LUR","2021-06-01",FALSE
"549300DTUYXVMJXZNY75","LUR","2021-09-01",FALSE
"549300DTUYXVMJXZNY75","LUR","2021-12-01",FALSE
"549300DTUYXVMJXZNY75","LUR","2022-03-01",FALSE
"549300DTUYXVMJXZNY75","LUR","2022-06-01",FALSE
"549300DTUYXVMJXZNY75","LUR","2022-09-01",FALSE
"549300DTUYXVMJXZNY75","LUR","2022-12-01",FALSE
"549300DTUYXVMJXZNY75","LUR","2023-03-01",FALSE
"549300DTUYXVMJXZNY75","LUR","2023-06-01",FALSE
"549300DTUYXVMJXZNY75","LUR","2023-09-01",FALSE
"549300DTUYXVMJXZNY75","LUR","2023-12-01",FALSE
"549300DTUYXVMJXZNY75","LUR","2024-03-01",FALSE
"549300DTUYXVMJXZNY75","LUR","2024-06-01",FALSE
"549300DTUYXVMJXZNY75","LUR","2024-09-01",FALSE
"549300DTUYXVMJXZNY75","LUR","2024-12-01",FALSE
"549300DTUYXVMJXZNY75","LUR","2025-03-01",FALSE
"549300DTUYXVMJXZNY75","LUR","2025-06-01",FALSE
"549300DTUYXVMJXZNY75","LUR","2025-09-01",FALSE
"549300DTUYXVMJXZNY75","LUR","2025-12-01",FALSE
"549300DTUYXVMJXZNY75","LUR","2026-03-01",FALSE
"549300DTUYXVMJXZNY75","LUR","2026-06-01",FALSE
"549300DTUYXVMJXZNY75","LUR","2026-09-01",FALSE
"549300DTUYXVMJXZNY75","NGDP_RPCH","2000-03-01",FALSE
"549300DTUYXVMJXZNY75","NGDP_RPCH","2000-06-01",FALSE
"549300DTUYXVMJXZNY75","NGDP_RPCH","2000-09-01",FALSE
"549300DTUYXVMJXZNY75","NGDP_RPCH","2000-12-01",FALSE
"549300DTUYXVMJXZNY75","NGDP_RPCH","2001-03-01",FALSE
"549300DTUYXVMJXZNY75","NGDP_RPCH","2001-06-01",FALSE
"549300DTUYXVMJXZNY75","NGDP_RPCH","2001-09-01",FALSE
"549300DTUYXVMJXZNY75","NGDP_RPCH","2001-12-01",FALSE
"549300DTUYXVMJXZNY75","NGDP_RPCH","2002-03-01",FALSE
"549300DTUYXVMJXZNY75","NGDP_RPCH","2002-06-01",FALSE
"549300DTUYXVMJXZNY75","NGDP_RPCH","2002-09-01",FALSE
"549300DTUYXVMJXZNY75","NGDP_RPCH","2002-12-01",FALSE
"549300DTUYXVMJXZNY75","NGDP_RPCH","2003-03-01",FALSE
"549300DTUYXVMJXZNY75","NGDP_RPCH","2003-06-01",FALSE
"549300DTUYXVMJXZNY75","NGDP_RPCH","2003-09-01",FALSE
"549300DTUYXVMJXZNY75","NGDP_RPCH","2003-12-01",FALSE
"549300DTUYXVMJXZNY75","NGDP_RPCH","2004-03-01",FALSE
"549300DTUYXVMJXZNY75","NGDP_RPCH","2004-06-01",FALSE
"549300DTUYXVMJXZNY75","NGDP_RPCH","2004-09-01",FALSE
"549300DTUYXVMJXZNY75","NGDP_RPCH","2004-12-01",FALSE
"549300DTUYXVMJXZNY75","NGDP_RPCH","2005-03-01",FALSE
"549300DTUYXVMJXZNY75","NGDP_RPCH","2005-06-01",FALSE
"549300DTUYXVMJXZNY75","NGDP_RPCH","2005-09-01",FALSE
"549300DTUYXVMJXZNY75","NGDP_RPCH","2005-12-01",FALSE
"549300DTUYXVMJXZNY75","NGDP_RPCH","2006-03-01",FALSE
"549300DTUYXVMJXZNY75","NGDP_RPCH","2006-06-01",FALSE
"549300DTUYXVMJXZNY75","NGDP_RPCH","2006-09-01",FALSE
"549300DTUYXVMJXZNY75","NGDP_RPCH","2006-12-01",FALSE
"549300DTUYXVMJXZNY75","NGDP_RPCH","2007-03-01",FALSE
"549300DTUYXVMJXZNY75","NGDP_RPCH","2007-06-01",FALSE
"549300DTUYXVMJXZNY75","NGDP_RPCH","2007-09-01",FALSE
"549300DTUYXVMJXZNY75","NGDP_RPCH","2007-12-01",FALSE
"549300DTUYXVMJXZNY75","NGDP_RPCH","2008-03-01",FALSE
"549300DTUYXVMJXZNY75","NGDP_RPCH","2008-06-01",FALSE
"549300DTUYXVMJXZNY75","NGDP_RPCH","2008-09-01",FALSE
"549300DTUYXVMJXZNY75","NGDP_RPCH","2008-12-01",FALSE
"549300DTUYXVMJXZNY75","NGDP_RPCH","2009-03-01",FALSE
"549300DTUYXVMJXZNY75","NGDP_RPCH","2009-06-01",FALSE
"549300DTUYXVMJXZNY75","NGDP_RPCH","2009-09-01",FALSE
"549300DTUYXVMJXZNY75","NGDP_RPCH","2009-12-01",FALSE
"549300DTUYXVMJXZNY75","NGDP_RPCH","2010-03-01",FALSE
"549300DTUYXVMJXZNY75","NGDP_RPCH","2010-06-01",FALSE
"549300DTUYXVMJXZNY75","NGDP_RPCH","2010-09-01",FALSE
"549300DTUYXVMJXZNY75","NGDP_RPCH","2010-12-01",FALSE
"549300DTUYXVMJXZNY75","NGDP_RPCH","2011-03-01",FALSE
"549300DTUYXVMJXZNY75","NGDP_RPCH","2011-06-01",FALSE
"549300DTUYXVMJXZNY75","NGDP_RPCH","2011-09-01",FALSE
"549300DTUYXVMJXZNY75","NGDP_RPCH","2011-12-01",FALSE
"549300DTUYXVMJXZNY75","NGDP_RPCH","2012-03-01",FALSE
"549300DTUYXVMJXZNY75","NGDP_RPCH","2012-06-01",FALSE
"549300DTUYXVMJXZNY75","NGDP_RPCH","2012-09-01",FALSE
"549300DTUYXVMJXZNY75","NGDP_RPCH","2012-12-01",FALSE
"549300DTUYXVMJXZNY75","NGDP_RPCH","2013-03-01",FALSE
"549300DTUYXVMJXZNY75","NGDP_RPCH","2013-06-01",FALSE
"549300DTUYXVMJXZNY75","NGDP_RPCH","2013-09-01",FALSE
"549300DTUYXVMJXZNY75","NGDP_RPCH","2013-12-01",FALSE
"549300DTUYXVMJXZNY75","NGDP_RPCH","2014-03-01",FALSE
"549300DTUYXVMJXZNY75","NGDP_RPCH","2014-06-01",FALSE
"549300DTUYXVMJXZNY75","NGDP_RPCH","2014-09-01",FALSE
"549300DTUYXVMJXZNY75","NGDP_RPCH","2014-12-01",FALSE
"549300DTUYXVMJXZNY75","NGDP_RPCH","2015-03-01",FALSE
"549300DTUYXVMJXZNY75","NGDP_RPCH","2015-06-01",FALSE
"549300DTUYXVMJXZNY75","NGDP_RPCH","2015-09-01",FALSE
"549300DTUYXVMJXZNY75","NGDP_RPCH","2015-12-01",FALSE
"549300DTUYXVMJXZNY75","NGDP_RPCH","2016-03-01",FALSE
"549300DTUYXVMJXZNY75","NGDP_RPCH","2016-06-01",FALSE
"549300DTUYXVMJXZNY75","NGDP_RPCH","2016-09-01",FALSE
"549300DTUYXVMJXZNY75","NGDP_RPCH","2016-12-01",FALSE
"549300DTUYXVMJXZNY75","NGDP_RPCH","2017-03-01",FALSE
"549300DTUYXVMJXZNY75","NGDP_RPCH","2017-06-01",FALSE
"549300DTUYXVMJXZNY75","NGDP_RPCH","2017-09-01",FALSE
"549300DTUYXVMJXZNY75","NGDP_RPCH","2017-12-01",FALSE
"549300DTUYXVMJXZNY75","NGDP_RPCH","2018-03-01",FALSE
"549300DTUYXVMJXZNY75","NGDP_RPCH","2018-06-01",FALSE
"549300DTUYXVMJXZNY75","NGDP_RPCH","2018-09-01",FALSE
"549300DTUYXVMJXZNY75","NGDP_RPCH","2018-12-01",FALSE
"549300DTUYXVMJXZNY75","NGDP_RPCH","2019-03-01",FALSE
"549300DTUYXVMJXZNY75","NGDP_RPCH","2019-06-01",FALSE
"549300DTUYXVMJXZNY75","NGDP_RPCH","2019-09-01",FALSE
"549300DTUYXVMJXZNY75","NGDP_RPCH","2019-12-01",FALSE
"549300DTUYXVMJXZNY75","NGDP_RPCH","2020-03-01",FALSE
"549300DTUYXVMJXZNY75","NGDP_RPCH","2020-06-01",FALSE
"549300DTUYXVMJXZNY75","NGDP_RPCH","2020-09-01",FALSE
"549300DTUYXVMJXZNY75","NGDP_RPCH","2020-12-01",FALSE
"549300DTUYXVMJXZNY75","NGDP_RPCH","2021-03-01",FALSE
"549300DTUYXVMJXZNY75","NGDP_RPCH","2021-06-01",FALSE
"549300DTUYXVMJXZNY75","NGDP_RPCH","2021-09-01",FALSE
"549300DTUYXVMJXZNY75","NGDP_RPCH","2021-12-01",FALSE
"549300DTUYXVMJXZNY75","NGDP_RPCH","2022-03-01",FALSE
"549300DTUYXVMJXZNY75","NGDP_RPCH","2022-06-01",FALSE
"549300DTUYXVMJXZNY75","NGDP_RPCH","2022-09-01",FALSE
"549300DTUYXVMJXZNY75","NGDP_RPCH","2022-12-01",FALSE
"549300DTUYXVMJXZNY75","NGDP_RPCH","2023-03-01",FALSE
"549300DTUYXVMJXZNY75","NGDP_RPCH","2023-06-01",FALSE
"549300DTUYXVMJXZNY75","NGDP_RPCH","2023-09-01",FALSE
"549300DTUYXVMJXZNY75","NGDP_RPCH","2023-12-01",FALSE
"549300DTUYXVMJXZNY75","NGDP_RPCH","2024-03-01",FALSE
"549300DTUYXVMJXZNY75","NGDP_RPCH","2024-06-01",FALSE
"549300DTUYXVMJXZNY75","NGDP_RPCH","2024-09-01",FALSE
"549300DTUYXVMJXZNY75","NGDP_RPCH","2024-12-01",FALSE
"549300DTUYXVMJXZNY75","NGDP_RPCH","2025-03-01",FALSE
"549300DTUYXVMJXZNY75","NGDP_RPCH","2025-06-01",FALSE
"549300DTUYXVMJXZNY75","NGDP_RPCH","2025-09-01",FALSE
"549300DTUYXVMJXZNY75","NGDP_RPCH","2025-12-01",FALSE
"549300DTUYXVMJXZNY75","NGDP_RPCH","2026-03-01",FALSE
"549300DTUYXVMJXZNY75","NGDP_RPCH","2026-06-01",FALSE
"549300DTUYXVMJXZNY75","NGDP_RPCH","2026-09-01",FALSE
"549300DTUYXVMJXZNY75","PCPIPCH","2000-03-01",FALSE
"549300DTUYXVMJXZNY75","PCPIPCH","2000-06-01",FALSE
"549300DTUYXVMJXZNY75","PCPIPCH","2000-09-01",FALSE
"549300DTUYXVMJXZNY75","PCPIPCH","2000-12-01",FALSE
"549300DTUYXVMJXZNY75","PCPIPCH","2001-03-01",FALSE
"549300DTUYXVMJXZNY75","PCPIPCH","2001-06-01",FALSE
"549300DTUYXVMJXZNY75","PCPIPCH","2001-09-01",FALSE
"549300DTUYXVMJXZNY75","PCPIPCH","2001-12-01",FALSE
"549300DTUYXVMJXZNY75","PCPIPCH","2002-03-01",FALSE
"549300DTUYXVMJXZNY75","PCPIPCH","2002-06-01",FALSE
"549300DTUYXVMJXZNY75","PCPIPCH","2002-09-01",FALSE
"549300DTUYXVMJXZNY75","PCPIPCH","2002-12-01",FALSE
"549300DTUYXVMJXZNY75","PCPIPCH","2003-03-01",FALSE
"549300DTUYXVMJXZNY75","PCPIPCH","2003-06-01",FALSE
"549300DTUYXVMJXZNY75","PCPIPCH","2003-09-01",FALSE
"549300DTUYXVMJXZNY75","PCPIPCH","2003-12-01",FALSE
"549300DTUYXVMJXZNY75","PCPIPCH","2004-03-01",FALSE
"549300DTUYXVMJXZNY75","PCPIPCH","2004-06-01",FALSE
"549300DTUYXVMJXZNY75","PCPIPCH","2004-09-01",FALSE
"549300DTUYXVMJXZNY75","PCPIPCH","2004-12-01",FALSE
"549300DTUYXVMJXZNY75","PCPIPCH","2005-03-01",FALSE
"549300DTUYXVMJXZNY75","PCPIPCH","2005-06-01",FALSE
"549300DTUYXVMJXZNY75","PCPIPCH","2005-09-01",FALSE
"549300DTUYXVMJXZNY75","PCPIPCH","2005-12-01",FALSE
"549300DTUYXVMJXZNY75","PCPIPCH","2006-03-01",FALSE
"549300DTUYXVMJXZNY75","PCPIPCH","2006-06-01",FALSE
"549300DTUYXVMJXZNY75","PCPIPCH","2006-09-01",FALSE
"549300DTUYXVMJXZNY75","PCPIPCH","2006-12-01",FALSE
"549300DTUYXVMJXZNY75","PCPIPCH","2007-03-01",FALSE
"549300DTUYXVMJXZNY75","PCPIPCH","2007-06-01",FALSE
"549300DTUYXVMJXZNY75","PCPIPCH","2007-09-01",FALSE
"549300DTUYXVMJXZNY75","PCPIPCH","2007-12-01",FALSE
"549300DTUYXVMJXZNY75","PCPIPCH","2008-03-01",FALSE
"549300DTUYXVMJXZNY75","PCPIPCH","2008-06-01",FALSE
"549300DTUYXVMJXZNY75","PCPIPCH","2008-09-01",FALSE
"549300DTUYXVMJXZNY75","PCPIPCH","2008-12-01",FALSE
"549300DTUYXVMJXZNY75","PCPIPCH","2009-03-01",FALSE
"549300DTUYXVMJXZNY75","PCPIPCH","2009-06-01",FALSE
"549300DTUYXVMJXZNY75","PCPIPCH","2009-09-01",FALSE
"549300DTUYXVMJXZNY75","PCPIPCH","2009-12-01",FALSE
"549300DTUYXVMJXZNY75","PCPIPCH","2010-03-01",FALSE
"549300DTUYXVMJXZNY75","PCPIPCH","2010-06-01",FALSE
"549300DTUYXVMJXZNY75","PCPIPCH","2010-09-01",FALSE
"549300DTUYXVMJXZNY75","PCPIPCH","2010-12-01",FALSE
"549300DTUYXVMJXZNY75","PCPIPCH","2011-03-01",FALSE
"549300DTUYXVMJXZNY75","PCPIPCH","2011-06-01",FALSE
"549300DTUYXVMJXZNY75","PCPIPCH","2011-09-01",FALSE
"549300DTUYXVMJXZNY75","PCPIPCH","2011-12-01",FALSE
"549300DTUYXVMJXZNY75","PCPIPCH","2012-03-01",FALSE
"549300DTUYXVMJXZNY75","PCPIPCH","2012-06-01",FALSE
"549300DTUYXVMJXZNY75","PCPIPCH","2012-09-01",FALSE
"549300DTUYXVMJXZNY75","PCPIPCH","2012-12-01",FALSE
"549300DTUYXVMJXZNY75","PCPIPCH","2013-03-01",FALSE
"549300DTUYXVMJXZNY75","PCPIPCH","2013-06-01",FALSE
"549300DTUYXVMJXZNY75","PCPIPCH","2013-09-01",FALSE
"549300DTUYXVMJXZNY75","PCPIPCH","2013-12-01",FALSE
"549300DTUYXVMJXZNY75","PCPIPCH","2014-03-01",FALSE
"549300DTUYXVMJXZNY75","PCPIPCH","2014-06-01",FALSE
"549300DTUYXVMJXZNY75","PCPIPCH","2014-09-01",FALSE
"549300DTUYXVMJXZNY75","PCPIPCH","2014-12-01",FALSE
"549300DTUYXVMJXZNY75","PCPIPCH","2015-03-01",FALSE
"549300DTUYXVMJXZNY75","PCPIPCH","2015-06-01",FALSE
"549300DTUYXVMJXZNY75","PCPIPCH","2015-09-01",FALSE
"549300DTUYXVMJXZNY75","PCPIPCH","2015-12-01",FALSE
"549300DTUYXVMJXZNY75","PCPIPCH","2016-03-01",FALSE
"549300DTUYXVMJXZNY75","PCPIPCH","2016-06-01",FALSE
"549300DTUYXVMJXZNY75","PCPIPCH","2016-09-01",FALSE
"549300DTUYXVMJXZNY75","PCPIPCH","2016-12-01",FALSE
"549300DTUYXVMJXZNY75","PCPIPCH","2017-03-01",FALSE
"549300DTUYXVMJXZNY75","PCPIPCH","2017-06-01",FALSE
"549300DTUYXVMJXZNY75","PCPIPCH","2017-09-01",FALSE
"549300DTUYXVMJXZNY75","PCPIPCH","2017-12-01",FALSE
"549300DTUYXVMJXZNY75","PCPIPCH","2018-03-01",FALSE
"549300DTUYXVMJXZNY75","PCPIPCH","2018-06-01",FALSE
"549300DTUYXVMJXZNY75","PCPIPCH","2018-09-01",FALSE
"549300DTUYXVMJXZNY75","PCPIPCH","2018-12-01",FALSE
"549300DTUYXVMJXZNY75","PCPIPCH","2019-03-01",FALSE
"549300DTUYXVMJXZNY75","PCPIPCH","2019-06-01",FALSE
"549300DTUYXVMJXZNY75","PCPIPCH","2019-09-01",FALSE
"549300DTUYXVMJXZNY75","PCPIPCH","2019-12-01",FALSE
"549300DTUYXVMJXZNY75","PCPIPCH","2020-03-01",FALSE
"549300DTUYXVMJXZNY75","PCPIPCH","2020-06-01",FALSE
"549300DTUYXVMJXZNY75","PCPIPCH","2020-09-01",FALSE
"549300DTUYXVMJXZNY75","PCPIPCH","2020-12-01",FALSE
"549300DTUYXVMJXZNY75","PCPIPCH","2021-03-01",FALSE
"549300DTUYXVMJXZNY75","PCPIPCH","2021-06-01",FALSE
"549300DTUYXVMJXZNY75","PCPIPCH","2021-09-01",FALSE
"549300DTUYXVMJXZNY75","PCPIPCH","2021-12-01",FALSE
"549300DTUYXVMJXZNY75","PCPIPCH","2022-03-01",FALSE
"549300DTUYXVMJXZNY75","PCPIPCH","2022-06-01",FALSE
"549300DTUYXVMJXZNY75","PCPIPCH","2022-09-01",FALSE
"549300DTUYXVMJXZNY75","PCPIPCH","2022-12-01",FALSE
"549300DTUYXVMJXZNY75","PCPIPCH","2023-03-01",FALSE
"549300DTUYXVMJXZNY75","PCPIPCH","2023-06-01",FALSE
"549300DTUYXVMJXZNY75","PCPIPCH","2023-09-01",FALSE
"549300DTUYXVMJXZNY75","PCPIPCH","2023-12-01",FALSE
"549300DTUYXVMJXZNY75","PCPIPCH","2024-03-01",FALSE
"549300DTUYXVMJXZNY75","PCPIPCH","2024-06-01",FALSE
"549300DTUYXVMJXZNY75","PCPIPCH","2024-09-01",FALSE
"549300DTUYXVMJXZNY75","PCPIPCH","2024-12-01",FALSE
"549300DTUYXVMJXZNY75","PCPIPCH","2025-03-01",FALSE
"549300DTUYXVMJXZNY75","PCPIPCH","2025-06-01",FALSE
"549300DTUYXVMJXZNY75","PCPIPCH","2025-09-01",FALSE
"549300DTUYXVMJXZNY75","PCPIPCH","2025-12-01",FALSE
"549300DTUYXVMJXZNY75","PCPIPCH","2026-03-01",FALSE
"549300DTUYXVMJXZNY75","PCPIPCH","2026-06-01",FALSE
"549300DTUYXVMJXZNY75","PCPIPCH","2026-09-01",FALSE
"549300DTUYXVMJXZNY75","TM_RPCH","2000-03-01",FALSE
"549300DTUYXVMJXZNY75","TM_RPCH","2000-06-01",FALSE
"549300DTUYXVMJXZNY75","TM_RPCH","2000-09-01",FALSE
"549300DTUYXVMJXZNY75","TM_RPCH","2000-12-01",FALSE
"549300DTUYXVMJXZNY75","TM_RPCH","2001-03-01",FALSE
"549300DTUYXVMJXZNY75","TM_RPCH","2001-06-01",FALSE
"549300DTUYXVMJXZNY75","TM_RPCH","2001-09-01",FALSE
"549300DTUYXVMJXZNY75","TM_RPCH","2001-12-01",FALSE
"549300DTUYXVMJXZNY75","TM_RPCH","2002-03-01",FALSE
"549300DTUYXVMJXZNY75","TM_RPCH","2002-06-01",FALSE
"549300DTUYXVMJXZNY75","TM_RPCH","2002-09-01",FALSE
"549300DTUYXVMJXZNY75","TM_RPCH","2002-12-01",FALSE
"549300DTUYXVMJXZNY75","TM_RPCH","2003-03-01",FALSE
"549300DTUYXVMJXZNY75","TM_RPCH","2003-06-01",FALSE
"549300DTUYXVMJXZNY75","TM_RPCH","2003-09-01",FALSE
"549300DTUYXVMJXZNY75","TM_RPCH","2003-12-01",FALSE
"549300DTUYXVMJXZNY75","TM_RPCH","2004-03-01",FALSE
"549300DTUYXVMJXZNY75","TM_RPCH","2004-06-01",FALSE
"549300DTUYXVMJXZNY75","TM_RPCH","2004-09-01",FALSE
"549300DTUYXVMJXZNY75","TM_RPCH","2004-12-01",FALSE
"549300DTUYXVMJXZNY75","TM_RPCH","2005-03-01",FALSE
"549300DTUYXVMJXZNY75","TM_RPCH","2005-06-01",FALSE
"549300DTUYXVMJXZNY75","TM_RPCH","2005-09-01",FALSE
"549300DTUYXVMJXZNY75","TM_RPCH","2005-12-01",FALSE
"549300DTUYXVMJXZNY75","TM_RPCH","2006-03-01",FALSE
"549300DTUYXVMJXZNY75","TM_RPCH","2006-06-01",FALSE
"549300DTUYXVMJXZNY75","TM_RPCH","2006-09-01",FALSE
"549300DTUYXVMJXZNY75","TM_RPCH","2006-12-01",FALSE
"549300DTUYXVMJXZNY75","TM_RPCH","2007-03-01",FALSE
"549300DTUYXVMJXZNY75","TM_RPCH","2007-06-01",FALSE
"549300DTUYXVMJXZNY75","TM_RPCH","2007-09-01",FALSE
"549300DTUYXVMJXZNY75","TM_RPCH","2007-12-01",FALSE
"549300DTUYXVMJXZNY75","TM_RPCH","2008-03-01",FALSE
"549300DTUYXVMJXZNY75","TM_RPCH","2008-06-01",FALSE
"549300DTUYXVMJXZNY75","TM_RPCH","2008-09-01",FALSE
"549300DTUYXVMJXZNY75","TM_RPCH","2008-12-01",FALSE
"549300DTUYXVMJXZNY75","TM_RPCH","2009-03-01",FALSE
"549300DTUYXVMJXZNY75","TM_RPCH","2009-06-01",FALSE
"549300DTUYXVMJXZNY75","TM_RPCH","2009-09-01",FALSE
"549300DTUYXVMJXZNY75","TM_RPCH","2009-12-01",FALSE
"549300DTUYXVMJXZNY75","TM_RPCH","2010-03-01",FALSE
"549300DTUYXVMJXZNY75","TM_RPCH","2010-06-01",FALSE
"549300DTUYXVMJXZNY75","TM_RPCH","2010-09-01",FALSE
"549300DTUYXVMJXZNY75","TM_RPCH","2010-12-01",FALSE
"549300DTUYXVMJXZNY75","TM_RPCH","2011-03-01",FALSE
"549300DTUYXVMJXZNY75","TM_RPCH","2011-06-01",FALSE
"549300DTUYXVMJXZNY75","TM_RPCH","2011-09-01",FALSE
"549300DTUYXVMJXZNY75","TM_RPCH","2011-12-01",FALSE
"549300DTUYXVMJXZNY75","TM_RPCH","2012-03-01",FALSE
"549300DTUYXVMJXZNY75","TM_RPCH","2012-06-01",FALSE
"549300DTUYXVMJXZNY75","TM_RPCH","2012-09-01",FALSE
"549300DTUYXVMJXZNY75","TM_RPCH","2012-12-01",FALSE
"549300DTUYXVMJXZNY75","TM_RPCH","2013-03-01",FALSE
"549300DTUYXVMJXZNY75","TM_RPCH","2013-06-01",FALSE
"549300DTUYXVMJXZNY75","TM_RPCH","2013-09-01",FALSE
"549300DTUYXVMJXZNY75","TM_RPCH","2013-12-01",FALSE
"549300DTUYXVMJXZNY75","TM_RPCH","2014-03-01",FALSE
"549300DTUYXVMJXZNY75","TM_RPCH","2014-06-01",FALSE
"549300DTUYXVMJXZNY75","TM_RPCH","2014-09-01",FALSE
"549300DTUYXVMJXZNY75","TM_RPCH","2014-12-01",FALSE
"549300DTUYXVMJXZNY75","TM_RPCH","2015-03-01",FALSE
"549300DTUYXVMJXZNY75","TM_RPCH","2015-06-01",FALSE
"549300DTUYXVMJXZNY75","TM_RPCH","2015-09-01",FALSE
"549300DTUYXVMJXZNY75","TM_RPCH","2015-12-01",FALSE
"549300DTUYXVMJXZNY75","TM_RPCH","2016-03-01",FALSE
"549300DTUYXVMJXZNY75","TM_RPCH","2016-06-01",FALSE
"549300DTUYXVMJXZNY75","TM_RPCH","2016-09-01",FALSE
"549300DTUYXVMJXZNY75","TM_RPCH","2016-12-01",FALSE
"549300DTUYXVMJXZNY75","TM_RPCH","2017-03-01",FALSE
"549300DTUYXVMJXZNY75","TM_RPCH","2017-06-01",FALSE
"549300DTUYXVMJXZNY75","TM_RPCH","2017-09-01",FALSE
"549300DTUYXVMJXZNY75","TM_RPCH","2017-12-01",FALSE
"549300DTUYXVMJXZNY75","TM_RPCH","2018-03-01",FALSE
"549300DTUYXVMJXZNY75","TM_RPCH","2018-06-01",FALSE
"549300DTUYXVMJXZNY75","TM_RPCH","2018-09-01",FALSE
"549300DTUYXVMJXZNY75","TM_RPCH","2018-12-01",FALSE
"549300DTUYXVMJXZNY75","TM_RPCH","2019-03-01",FALSE
"549300DTUYXVMJXZNY75","TM_RPCH","2019-06-01",FALSE
"549300DTUYXVMJXZNY75","TM_RPCH","2019-09-01",FALSE
"549300DTUYXVMJXZNY75","TM_RPCH","2019-12-01",FALSE
"549300DTUYXVMJXZNY75","TM_RPCH","2020-03-01",FALSE
"549300DTUYXVMJXZNY75","TM_RPCH","2020-06-01",FALSE
"549300DTUYXVMJXZNY75","TM_RPCH","2020-09-01",FALSE
"549300DTUYXVMJXZNY75","TM_RPCH","2020-12-01",FALSE
"549300DTUYXVMJXZNY75","TM_RPCH","2021-03-01",FALSE
"549300DTUYXVMJXZNY75","TM_RPCH","2021-06-01",FALSE
"549300DTUYXVMJXZNY75","TM_RPCH","2021-09-01",FALSE
"549300DTUYXVMJXZNY75","TM_RPCH","2021-12-01",FALSE
"549300DTUYXVMJXZNY75","TM_RPCH","2022-03-01",FALSE
"549300DTUYXVMJXZNY75","TM_RPCH","2022-06-01",FALSE
"549300DTUYXVMJXZNY75","TM_RPCH","2022-09-01",FALSE
"549300DTUYXVMJXZNY75","TM_RPCH","2022-12-01",FALSE
"549300DTUYXVMJXZNY75","TM_RPCH","2023-03-01",FALSE
"549300DTUYXVMJXZNY75","TM_RPCH","2023-06-01",FALSE
"549300DTUYXVMJXZNY75","TM_RPCH","2023-09-01",FALSE
"549300DTUYXVMJXZNY75","TM_RPCH","2023-12-01",FALSE
"549300DTUYXVMJXZNY75","TM_RPCH","2024-03-01",FALSE
"549300DTUYXVMJXZNY75","TM_RPCH","2024-06-01",FALSE
"549300DTUYXVMJXZNY75","TM_RPCH","2024-09-01",FALSE
"549300DTUYXVMJXZNY75","TM_RPCH","2024-12-01",FALSE
"549300DTUYXVMJXZNY75","TM_RPCH","2025-03-01",FALSE
"549300DTUYXVMJXZNY75","TM_RPCH","2025-06-01",FALSE
"549300DTUYXVMJXZNY75","TM_RPCH","2025-09-01",FALSE
"549300DTUYXVMJXZNY75","TM_RPCH","2025-12-01",FALSE
"549300DTUYXVMJXZNY75","TM_RPCH","2026-03-01",FALSE
"549300DTUYXVMJXZNY75","TM_RPCH","2026-06-01",FALSE
"549300DTUYXVMJXZNY75","TM_RPCH","2026-09-01",FALSE
"549300DTUYXVMJXZNY75","TX_RPCH","2000-03-01",FALSE
"549300DTUYXVMJXZNY75","TX_RPCH","2000-06-01",FALSE
"549300DTUYXVMJXZNY75","TX_RPCH","2000-09-01",FALSE
"549300DTUYXVMJXZNY75","TX_RPCH","2000-12-01",FALSE
"549300DTUYXVMJXZNY75","TX_RPCH","2001-03-01",FALSE
"549300DTUYXVMJXZNY75","TX_RPCH","2001-06-01",FALSE
"549300DTUYXVMJXZNY75","TX_RPCH","2001-09-01",FALSE
"549300DTUYXVMJXZNY75","TX_RPCH","2001-12-01",FALSE
"549300DTUYXVMJXZNY75","TX_RPCH","2002-03-01",FALSE
"549300DTUYXVMJXZNY75","TX_RPCH","2002-06-01",FALSE
"549300DTUYXVMJXZNY75","TX_RPCH","2002-09-01",FALSE
"549300DTUYXVMJXZNY75","TX_RPCH","2002-12-01",FALSE
"549300DTUYXVMJXZNY75","TX_RPCH","2003-03-01",FALSE
"549300DTUYXVMJXZNY75","TX_RPCH","2003-06-01",FALSE
"549300DTUYXVMJXZNY75","TX_RPCH","2003-09-01",FALSE
"549300DTUYXVMJXZNY75","TX_RPCH","2003-12-01",FALSE
"549300DTUYXVMJXZNY75","TX_RPCH","2004-03-01",FALSE
"549300DTUYXVMJXZNY75","TX_RPCH","2004-06-01",FALSE
"549300DTUYXVMJXZNY75","TX_RPCH","2004-09-01",FALSE
"549300DTUYXVMJXZNY75","TX_RPCH","2004-12-01",FALSE
"549300DTUYXVMJXZNY75","TX_RPCH","2005-03-01",FALSE
"549300DTUYXVMJXZNY75","TX_RPCH","2005-06-01",FALSE
"549300DTUYXVMJXZNY75","TX_RPCH","2005-09-01",FALSE
"549300DTUYXVMJXZNY75","TX_RPCH","2005-12-01",FALSE
"549300DTUYXVMJXZNY75","TX_RPCH","2006-03-01",FALSE
"549300DTUYXVMJXZNY75","TX_RPCH","2006-06-01",FALSE
"549300DTUYXVMJXZNY75","TX_RPCH","2006-09-01",FALSE
"549300DTUYXVMJXZNY75","TX_RPCH","2006-12-01",FALSE
"549300DTUYXVMJXZNY75","TX_RPCH","2007-03-01",FALSE
"549300DTUYXVMJXZNY75","TX_RPCH","2007-06-01",FALSE
"549300DTUYXVMJXZNY75","TX_RPCH","2007-09-01",FALSE
"549300DTUYXVMJXZNY75","TX_RPCH","2007-12-01",FALSE
"549300DTUYXVMJXZNY75","TX_RPCH","2008-03-01",FALSE
"549300DTUYXVMJXZNY75","TX_RPCH","2008-06-01",FALSE
"549300DTUYXVMJXZNY75","TX_RPCH","2008-09-01",FALSE
"549300DTUYXVMJXZNY75","TX_RPCH","2008-12-01",FALSE
"549300DTUYXVMJXZNY75","TX_RPCH","2009-03-01",FALSE
"549300DTUYXVMJXZNY75","TX_RPCH","2009-06-01",FALSE
"549300DTUYXVMJXZNY75","TX_RPCH","2009-09-01",FALSE
"549300DTUYXVMJXZNY75","TX_RPCH","2009-12-01",FALSE
"549300DTUYXVMJXZNY75","TX_RPCH","2010-03-01",FALSE
"549300DTUYXVMJXZNY75","TX_RPCH","2010-06-01",FALSE
"549300DTUYXVMJXZNY75","TX_RPCH","2010-09-01",FALSE
"549300DTUYXVMJXZNY75","TX_RPCH","2010-12-01",FALSE
"549300DTUYXVMJXZNY75","TX_RPCH","2011-03-01",FALSE
"549300DTUYXVMJXZNY75","TX_RPCH","2011-06-01",FALSE
"549300DTUYXVMJXZNY75","TX_RPCH","2011-09-01",FALSE
"549300DTUYXVMJXZNY75","TX_RPCH","2011-12-01",FALSE
"549300DTUYXVMJXZNY75","TX_RPCH","2012-03-01",FALSE
"549300DTUYXVMJXZNY75","TX_RPCH","2012-06-01",FALSE
"549300DTUYXVMJXZNY75","TX_RPCH","2012-09-01",FALSE
"549300DTUYXVMJXZNY75","TX_RPCH","2012-12-01",FALSE
"549300DTUYXVMJXZNY75","TX_RPCH","2013-03-01",FALSE
"549300DTUYXVMJXZNY75","TX_RPCH","2013-06-01",FALSE
"549300DTUYXVMJXZNY75","TX_RPCH","2013-09-01",FALSE
"549300DTUYXVMJXZNY75","TX_RPCH","2013-12-01",FALSE
"549300DTUYXVMJXZNY75","TX_RPCH","2014-03-01",FALSE
"549300DTUYXVMJXZNY75","TX_RPCH","2014-06-01",FALSE
"549300DTUYXVMJXZNY75","TX_RPCH","2014-09-01",FALSE
"549300DTUYXVMJXZNY75","TX_RPCH","2014-12-01",FALSE
"549300DTUYXVMJXZNY75","TX_RPCH","2015-03-01",FALSE
"549300DTUYXVMJXZNY75","TX_RPCH","2015-06-01",FALSE
"549300DTUYXVMJXZNY75","TX_RPCH","2015-09-01",FALSE
"549300DTUYXVMJXZNY75","TX_RPCH","2015-12-01",FALSE
"549300DTUYXVMJXZNY75","TX_RPCH","2016-03-01",FALSE
"549300DTUYXVMJXZNY75","TX_RPCH","2016-06-01",FALSE
"549300DTUYXVMJXZNY75","TX_RPCH","2016-09-01",FALSE
"549300DTUYXVMJXZNY75","TX_RPCH","2016-12-01",FALSE
"549300DTUYXVMJXZNY75","TX_RPCH","2017-03-01",FALSE
"549300DTUYXVMJXZNY75","TX_RPCH","2017-06-01",FALSE
"549300DTUYXVMJXZNY75","TX_RPCH","2017-09-01",FALSE
"549300DTUYXVMJXZNY75","TX_RPCH","2017-12-01",FALSE
"549300DTUYXVMJXZNY75","TX_RPCH","2018-03-01",FALSE
"549300DTUYXVMJXZNY75","TX_RPCH","2018-06-01",FALSE
"549300DTUYXVMJXZNY75","TX_RPCH","2018-09-01",FALSE
"549300DTUYXVMJXZNY75","TX_RPCH","2018-12-01",FALSE
"549300DTUYXVMJXZNY75","TX_RPCH","2019-03-01",FALSE
"549300DTUYXVMJXZNY75","TX_RPCH","2019-06-01",FALSE
"549300DTUYXVMJXZNY75","TX_RPCH","2019-09-01",FALSE
"549300DTUYXVMJXZNY75","TX_RPCH","2019-12-01",FALSE
"549300DTUYXVMJXZNY75","TX_RPCH","2020-03-01",FALSE
"549300DTUYXVMJXZNY75","TX_RPCH","2020-06-01",FALSE
"549300DTUYXVMJXZNY75","TX_RPCH","2020-09-01",FALSE
"549300DTUYXVMJXZNY75","TX_RPCH","2020-12-01",FALSE
"549300DTUYXVMJXZNY75","TX_RPCH","2021-03-01",FALSE
"549300DTUYXVMJXZNY75","TX_RPCH","2021-06-01",FALSE
"549300DTUYXVMJXZNY75","TX_RPCH","2021-09-01",FALSE
"549300DTUYXVMJXZNY75","TX_RPCH","2021-12-01",FALSE
"549300DTUYXVMJXZNY75","TX_RPCH","2022-03-01",FALSE
"549300DTUYXVMJXZNY75","TX_RPCH","2022-06-01",FALSE
"549300DTUYXVMJXZNY75","TX_RPCH","2022-09-01",FALSE
"549300DTUYXVMJXZNY75","TX_RPCH","2022-12-01",FALSE
"549300DTUYXVMJXZNY75","TX_RPCH","2023-03-01",FALSE
"549300DTUYXVMJXZNY75","TX_RPCH","2023-06-01",FALSE
"549300DTUYXVMJXZNY75","TX_RPCH","2023-09-01",FALSE
"549300DTUYXVMJXZNY75","TX_RPCH","2023-12-01",FALSE
"549300DTUYXVMJXZNY75","TX_RPCH","2024-03-01",FALSE
"549300DTUYXVMJXZNY75","TX_RPCH","2024-06-01",FALSE
"549300DTUYXVMJXZNY75","TX_RPCH","2024-09-01",FALSE
"549300DTUYXVMJXZNY75","TX_RPCH","2024-12-01",FALSE
"549300DTUYXVMJXZNY75","TX_RPCH","2025-03-01",FALSE
"549300DTUYXVMJXZNY75","TX_RPCH","2025-06-01",FALSE
"549300DTUYXVMJXZNY75","TX_RPCH","2025-09-01",FALSE
"549300DTUYXVMJXZNY75","TX_RPCH","2025-12-01",FALSE
"549300DTUYXVMJXZNY75","TX_RPCH","2026-03-01",FALSE
"549300DTUYXVMJXZNY75","TX_RPCH","2026-06-01",FALSE
"549300DTUYXVMJXZNY75","TX_RPCH","2026-09-01",FALSE
"969500Y2NFIMDP5MO798","LUR","2008-06-04",TRUE
"969500Y2NFIMDP5MO798","LUR","2008-11-25",TRUE
"969500Y2NFIMDP5MO798","LUR","2009-03-31",TRUE
"969500Y2NFIMDP5MO798","LUR","2009-06-24",TRUE
"969500Y2NFIMDP5MO798","LUR","2009-11-19",TRUE
"969500Y2NFIMDP5MO798","LUR","2010-05-26",TRUE
"969500Y2NFIMDP5MO798","LUR","2010-11-18",TRUE
"969500Y2NFIMDP5MO798","LUR","2011-05-25",TRUE
"969500Y2NFIMDP5MO798","LUR","2011-11-28",TRUE
"969500Y2NFIMDP5MO798","LUR","2012-05-22",TRUE
"969500Y2NFIMDP5MO798","LUR","2012-11-27",TRUE
"969500Y2NFIMDP5MO798","LUR","2013-05-29",TRUE
"969500Y2NFIMDP5MO798","LUR","2013-11-19",TRUE
"969500Y2NFIMDP5MO798","LUR","2014-05-06",TRUE
"969500Y2NFIMDP5MO798","LUR","2014-11-25",TRUE
"969500Y2NFIMDP5MO798","LUR","2015-06-03",TRUE
"969500Y2NFIMDP5MO798","LUR","2015-11-09",TRUE
"969500Y2NFIMDP5MO798","LUR","2016-06-01",TRUE
"969500Y2NFIMDP5MO798","LUR","2016-11-28",TRUE
"969500Y2NFIMDP5MO798","LUR","2017-06-07",TRUE
"969500Y2NFIMDP5MO798","LUR","2017-11-28",TRUE
"969500Y2NFIMDP5MO798","LUR","2018-05-30",TRUE
"969500Y2NFIMDP5MO798","LUR","2018-11-21",TRUE
"969500Y2NFIMDP5MO798","LUR","2019-05-21",TRUE
"969500Y2NFIMDP5MO798","LUR","2019-11-21",TRUE
"969500Y2NFIMDP5MO798","LUR","2020-06-10",TRUE
"969500Y2NFIMDP5MO798","LUR","2020-12-01",TRUE
"969500Y2NFIMDP5MO798","LUR","2021-05-31",TRUE
"969500Y2NFIMDP5MO798","LUR","2021-12-01",TRUE
"969500Y2NFIMDP5MO798","LUR","2022-06-08",TRUE
"969500Y2NFIMDP5MO798","LUR","2022-11-22",TRUE
"969500Y2NFIMDP5MO798","LUR","2023-06-07",TRUE
"969500Y2NFIMDP5MO798","LUR","2023-11-29",TRUE
"969500Y2NFIMDP5MO798","LUR","2024-05-02",TRUE
"969500Y2NFIMDP5MO798","LUR","2024-12-04",TRUE
"969500Y2NFIMDP5MO798","LUR","2025-06-03",TRUE
"969500Y2NFIMDP5MO798","LUR","2025-12-02",TRUE
"969500Y2NFIMDP5MO798","LUR","2026-06-03",TRUE
"969500Y2NFIMDP5MO798","NGDP_RPCH","2008-06-04",TRUE
"969500Y2NFIMDP5MO798","NGDP_RPCH","2008-11-25",TRUE
"969500Y2NFIMDP5MO798","NGDP_RPCH","2009-03-31",TRUE
"969500Y2NFIMDP5MO798","NGDP_RPCH","2009-06-24",TRUE
"969500Y2NFIMDP5MO798","NGDP_RPCH","2009-11-19",TRUE
"969500Y2NFIMDP5MO798","NGDP_RPCH","2010-05-26",TRUE
"969500Y2NFIMDP5MO798","NGDP_RPCH","2010-11-18",TRUE
"969500Y2NFIMDP5MO798","NGDP_RPCH","2011-05-25",TRUE
"969500Y2NFIMDP5MO798","NGDP_RPCH","2011-11-28",TRUE
"969500Y2NFIMDP5MO798","NGDP_RPCH","2012-05-22",TRUE
"969500Y2NFIMDP5MO798","NGDP_RPCH","2012-11-27",TRUE
"969500Y2NFIMDP5MO798","NGDP_RPCH","2013-05-29",TRUE
"969500Y2NFIMDP5MO798","NGDP_RPCH","2013-11-19",TRUE
"969500Y2NFIMDP5MO798","NGDP_RPCH","2014-05-06",TRUE
"969500Y2NFIMDP5MO798","NGDP_RPCH","2014-09-15",TRUE
"969500Y2NFIMDP5MO798","NGDP_RPCH","2014-11-25",TRUE
"969500Y2NFIMDP5MO798","NGDP_RPCH","2015-03-18",TRUE
"969500Y2NFIMDP5MO798","NGDP_RPCH","2015-06-03",TRUE
"969500Y2NFIMDP5MO798","NGDP_RPCH","2015-09-16",TRUE
"969500Y2NFIMDP5MO798","NGDP_RPCH","2015-11-09",TRUE
"969500Y2NFIMDP5MO798","NGDP_RPCH","2016-02-18",TRUE
"969500Y2NFIMDP5MO798","NGDP_RPCH","2016-06-01",TRUE
"969500Y2NFIMDP5MO798","NGDP_RPCH","2016-09-21",TRUE
"969500Y2NFIMDP5MO798","NGDP_RPCH","2016-11-28",TRUE
"969500Y2NFIMDP5MO798","NGDP_RPCH","2017-03-07",TRUE
"969500Y2NFIMDP5MO798","NGDP_RPCH","2017-06-07",TRUE
"969500Y2NFIMDP5MO798","NGDP_RPCH","2017-09-20",TRUE
"969500Y2NFIMDP5MO798","NGDP_RPCH","2017-11-28",TRUE
"969500Y2NFIMDP5MO798","NGDP_RPCH","2018-03-13",TRUE
"969500Y2NFIMDP5MO798","NGDP_RPCH","2018-05-30",TRUE
"969500Y2NFIMDP5MO798","NGDP_RPCH","2018-09-20",TRUE
"969500Y2NFIMDP5MO798","NGDP_RPCH","2018-11-21",TRUE
"969500Y2NFIMDP5MO798","NGDP_RPCH","2019-03-06",TRUE
"969500Y2NFIMDP5MO798","NGDP_RPCH","2019-05-21",TRUE
"969500Y2NFIMDP5MO798","NGDP_RPCH","2019-09-19",TRUE
"969500Y2NFIMDP5MO798","NGDP_RPCH","2019-11-21",TRUE
"969500Y2NFIMDP5MO798","NGDP_RPCH","2020-03-02",TRUE
"969500Y2NFIMDP5MO798","NGDP_RPCH","2020-06-10",TRUE
"969500Y2NFIMDP5MO798","NGDP_RPCH","2020-09-16",TRUE
"969500Y2NFIMDP5MO798","NGDP_RPCH","2020-12-01",TRUE
"969500Y2NFIMDP5MO798","NGDP_RPCH","2021-03-09",TRUE
"969500Y2NFIMDP5MO798","NGDP_RPCH","2021-05-31",TRUE
"969500Y2NFIMDP5MO798","NGDP_RPCH","2021-09-21",TRUE
"969500Y2NFIMDP5MO798","NGDP_RPCH","2021-12-01",TRUE
"969500Y2NFIMDP5MO798","NGDP_RPCH","2022-06-08",TRUE
"969500Y2NFIMDP5MO798","NGDP_RPCH","2022-09-26",TRUE
"969500Y2NFIMDP5MO798","NGDP_RPCH","2022-11-22",TRUE
"969500Y2NFIMDP5MO798","NGDP_RPCH","2023-03-17",TRUE
"969500Y2NFIMDP5MO798","NGDP_RPCH","2023-06-07",TRUE
"969500Y2NFIMDP5MO798","NGDP_RPCH","2023-09-19",TRUE
"969500Y2NFIMDP5MO798","NGDP_RPCH","2023-11-29",TRUE
"969500Y2NFIMDP5MO798","NGDP_RPCH","2024-02-05",TRUE
"969500Y2NFIMDP5MO798","NGDP_RPCH","2024-05-02",TRUE
"969500Y2NFIMDP5MO798","NGDP_RPCH","2024-09-25",TRUE
"969500Y2NFIMDP5MO798","NGDP_RPCH","2024-12-04",TRUE
"969500Y2NFIMDP5MO798","NGDP_RPCH","2025-03-17",TRUE
"969500Y2NFIMDP5MO798","NGDP_RPCH","2025-06-03",TRUE
"969500Y2NFIMDP5MO798","NGDP_RPCH","2025-09-23",TRUE
"969500Y2NFIMDP5MO798","NGDP_RPCH","2025-12-02",TRUE
"969500Y2NFIMDP5MO798","NGDP_RPCH","2026-03-26",TRUE
"969500Y2NFIMDP5MO798","NGDP_RPCH","2026-06-03",TRUE
"969500Y2NFIMDP5MO798","NGDP_RPCH","2026-09-23",TRUE
"969500Y2NFIMDP5MO798","PCPIPCH","2008-06-04",TRUE
"969500Y2NFIMDP5MO798","PCPIPCH","2008-11-25",TRUE
"969500Y2NFIMDP5MO798","PCPIPCH","2009-03-31",TRUE
"969500Y2NFIMDP5MO798","PCPIPCH","2009-06-24",TRUE
"969500Y2NFIMDP5MO798","PCPIPCH","2009-11-19",TRUE
"969500Y2NFIMDP5MO798","PCPIPCH","2010-05-26",TRUE
"969500Y2NFIMDP5MO798","PCPIPCH","2010-11-18",TRUE
"969500Y2NFIMDP5MO798","PCPIPCH","2011-05-25",TRUE
"969500Y2NFIMDP5MO798","PCPIPCH","2011-11-28",TRUE
"969500Y2NFIMDP5MO798","PCPIPCH","2012-05-22",TRUE
"969500Y2NFIMDP5MO798","PCPIPCH","2012-11-27",TRUE
"969500Y2NFIMDP5MO798","PCPIPCH","2013-05-29",TRUE
"969500Y2NFIMDP5MO798","PCPIPCH","2013-11-19",TRUE
"969500Y2NFIMDP5MO798","PCPIPCH","2014-05-06",TRUE
"969500Y2NFIMDP5MO798","PCPIPCH","2014-11-25",TRUE
"969500Y2NFIMDP5MO798","PCPIPCH","2015-06-03",TRUE
"969500Y2NFIMDP5MO798","PCPIPCH","2015-11-09",TRUE
"969500Y2NFIMDP5MO798","PCPIPCH","2016-06-01",TRUE
"969500Y2NFIMDP5MO798","PCPIPCH","2016-11-28",TRUE
"969500Y2NFIMDP5MO798","PCPIPCH","2017-06-07",TRUE
"969500Y2NFIMDP5MO798","PCPIPCH","2017-11-28",TRUE
"969500Y2NFIMDP5MO798","PCPIPCH","2018-05-30",TRUE
"969500Y2NFIMDP5MO798","PCPIPCH","2018-11-21",TRUE
"969500Y2NFIMDP5MO798","PCPIPCH","2019-05-21",TRUE
"969500Y2NFIMDP5MO798","PCPIPCH","2019-11-21",TRUE
"969500Y2NFIMDP5MO798","PCPIPCH","2020-06-10",TRUE
"969500Y2NFIMDP5MO798","PCPIPCH","2020-12-01",TRUE
"969500Y2NFIMDP5MO798","PCPIPCH","2021-05-31",TRUE
"969500Y2NFIMDP5MO798","PCPIPCH","2021-09-21",TRUE
"969500Y2NFIMDP5MO798","PCPIPCH","2021-12-01",TRUE
"969500Y2NFIMDP5MO798","PCPIPCH","2022-06-08",TRUE
"969500Y2NFIMDP5MO798","PCPIPCH","2022-09-26",TRUE
"969500Y2NFIMDP5MO798","PCPIPCH","2022-11-22",TRUE
"969500Y2NFIMDP5MO798","PCPIPCH","2023-03-17",TRUE
"969500Y2NFIMDP5MO798","PCPIPCH","2023-06-07",TRUE
"969500Y2NFIMDP5MO798","PCPIPCH","2023-09-19",TRUE
"969500Y2NFIMDP5MO798","PCPIPCH","2023-11-29",TRUE
"969500Y2NFIMDP5MO798","PCPIPCH","2024-02-05",TRUE
"969500Y2NFIMDP5MO798","PCPIPCH","2024-05-02",TRUE
"969500Y2NFIMDP5MO798","PCPIPCH","2024-09-25",TRUE
"969500Y2NFIMDP5MO798","PCPIPCH","2024-12-04",TRUE
"969500Y2NFIMDP5MO798","PCPIPCH","2025-03-17",TRUE
"969500Y2NFIMDP5MO798","PCPIPCH","2025-06-03",TRUE
"969500Y2NFIMDP5MO798","PCPIPCH","2025-09-23",TRUE
"969500Y2NFIMDP5MO798","PCPIPCH","2025-12-02",TRUE
"969500Y2NFIMDP5MO798","PCPIPCH","2026-03-26",TRUE
"969500Y2NFIMDP5MO798","PCPIPCH","2026-06-03",TRUE
"969500Y2NFIMDP5MO798","PCPIPCH","2026-09-23",TRUE
"E7EXN6FJGRUTJYNZ3Z71","LUR","2008-06-19",TRUE
"E7EXN6FJGRUTJYNZ3Z71","LUR","2009-09-21",TRUE
"E7EXN6FJGRUTJYNZ3Z71","LUR","2010-09-08",TRUE
"E7EXN6FJGRUTJYNZ3Z71","LUR","2011-09-06",TRUE
"E7EXN6FJGRUTJYNZ3Z71","LUR","2012-08-28",TRUE
"E7EXN6FJGRUTJYNZ3Z71","LUR","2013-09-10",TRUE
"E7EXN6FJGRUTJYNZ3Z71","LUR","2014-09-15",TRUE
"E7EXN6FJGRUTJYNZ3Z71","LUR","2016-02-12",TRUE
"E7EXN6FJGRUTJYNZ3Z71","LUR","2017-02-02",TRUE
"E7EXN6FJGRUTJYNZ3Z71","LUR","2018-09-12",TRUE
"E7EXN6FJGRUTJYNZ3Z71","LUR","2021-04-06",FALSE
"E7EXN6FJGRUTJYNZ3Z71","LUR","2021-09-09",TRUE
"E7EXN6FJGRUTJYNZ3Z71","LUR","2021-10-12",FALSE
"E7EXN6FJGRUTJYNZ3Z71","LUR","2022-04-19",FALSE
"E7EXN6FJGRUTJYNZ3Z71","LUR","2022-09-02",TRUE
"E7EXN6FJGRUTJYNZ3Z71","LUR","2022-10-11",FALSE
"E7EXN6FJGRUTJYNZ3Z71","LUR","2023-04-07",FALSE
"E7EXN6FJGRUTJYNZ3Z71","LUR","2023-10-05",FALSE
"E7EXN6FJGRUTJYNZ3Z71","LUR","2024-04-16",FALSE
"E7EXN6FJGRUTJYNZ3Z71","LUR","2024-05-13",TRUE
"E7EXN6FJGRUTJYNZ3Z71","LUR","2024-10-22",FALSE
"E7EXN6FJGRUTJYNZ3Z71","LUR","2025-04-22",TRUE
"E7EXN6FJGRUTJYNZ3Z71","LUR","2025-07-03",TRUE
"E7EXN6FJGRUTJYNZ3Z71","LUR","2025-10-14",TRUE
"E7EXN6FJGRUTJYNZ3Z71","LUR","2026-04-14",TRUE
"E7EXN6FJGRUTJYNZ3Z71","LUR","2026-07-20",TRUE
"E7EXN6FJGRUTJYNZ3Z71","NGDP_RPCH","2008-06-19",TRUE
"E7EXN6FJGRUTJYNZ3Z71","NGDP_RPCH","2009-09-21",TRUE
"E7EXN6FJGRUTJYNZ3Z71","NGDP_RPCH","2010-09-08",TRUE
"E7EXN6FJGRUTJYNZ3Z71","NGDP_RPCH","2011-09-06",TRUE
"E7EXN6FJGRUTJYNZ3Z71","NGDP_RPCH","2012-08-28",TRUE
"E7EXN6FJGRUTJYNZ3Z71","NGDP_RPCH","2013-09-10",TRUE
"E7EXN6FJGRUTJYNZ3Z71","NGDP_RPCH","2014-09-15",TRUE
"E7EXN6FJGRUTJYNZ3Z71","NGDP_RPCH","2016-02-12",TRUE
"E7EXN6FJGRUTJYNZ3Z71","NGDP_RPCH","2017-02-02",TRUE
"E7EXN6FJGRUTJYNZ3Z71","NGDP_RPCH","2018-09-12",TRUE
"E7EXN6FJGRUTJYNZ3Z71","NGDP_RPCH","2021-04-06",FALSE
"E7EXN6FJGRUTJYNZ3Z71","NGDP_RPCH","2021-09-09",TRUE
"E7EXN6FJGRUTJYNZ3Z71","NGDP_RPCH","2021-10-12",FALSE
"E7EXN6FJGRUTJYNZ3Z71","NGDP_RPCH","2022-04-19",FALSE
"E7EXN6FJGRUTJYNZ3Z71","NGDP_RPCH","2022-09-02",TRUE
"E7EXN6FJGRUTJYNZ3Z71","NGDP_RPCH","2022-10-11",FALSE
"E7EXN6FJGRUTJYNZ3Z71","NGDP_RPCH","2023-04-07",FALSE
"E7EXN6FJGRUTJYNZ3Z71","NGDP_RPCH","2023-10-05",FALSE
"E7EXN6FJGRUTJYNZ3Z71","NGDP_RPCH","2024-04-16",FALSE
"E7EXN6FJGRUTJYNZ3Z71","NGDP_RPCH","2024-05-13",TRUE
"E7EXN6FJGRUTJYNZ3Z71","NGDP_RPCH","2024-10-22",FALSE
"E7EXN6FJGRUTJYNZ3Z71","NGDP_RPCH","2025-04-22",TRUE
"E7EXN6FJGRUTJYNZ3Z71","NGDP_RPCH","2025-07-03",TRUE
"E7EXN6FJGRUTJYNZ3Z71","NGDP_RPCH","2025-10-14",TRUE
"E7EXN6FJGRUTJYNZ3Z71","NGDP_RPCH","2026-04-14",TRUE
"E7EXN6FJGRUTJYNZ3Z71","NGDP_RPCH","2026-07-20",TRUE
"E7EXN6FJGRUTJYNZ3Z71","PCPIPCH","2008-06-19",TRUE
"E7EXN6FJGRUTJYNZ3Z71","PCPIPCH","2009-09-21",TRUE
"E7EXN6FJGRUTJYNZ3Z71","PCPIPCH","2010-09-08",TRUE
"E7EXN6FJGRUTJYNZ3Z71","PCPIPCH","2011-09-06",TRUE
"E7EXN6FJGRUTJYNZ3Z71","PCPIPCH","2012-08-28",TRUE
"E7EXN6FJGRUTJYNZ3Z71","PCPIPCH","2013-09-10",TRUE
"E7EXN6FJGRUTJYNZ3Z71","PCPIPCH","2014-09-15",TRUE
"E7EXN6FJGRUTJYNZ3Z71","PCPIPCH","2016-02-12",TRUE
"E7EXN6FJGRUTJYNZ3Z71","PCPIPCH","2017-02-02",TRUE
"E7EXN6FJGRUTJYNZ3Z71","PCPIPCH","2018-09-12",TRUE
"E7EXN6FJGRUTJYNZ3Z71","PCPIPCH","2021-04-06",FALSE
"E7EXN6FJGRUTJYNZ3Z71","PCPIPCH","2021-09-09",TRUE
"E7EXN6FJGRUTJYNZ3Z71","PCPIPCH","2021-10-12",FALSE
"E7EXN6FJGRUTJYNZ3Z71","PCPIPCH","2022-04-19",FALSE
"E7EXN6FJGRUTJYNZ3Z71","PCPIPCH","2022-09-02",TRUE
"E7EXN6FJGRUTJYNZ3Z71","PCPIPCH","2022-10-11",FALSE
"E7EXN6FJGRUTJYNZ3Z71","PCPIPCH","2023-04-07",FALSE
"E7EXN6FJGRUTJYNZ3Z71","PCPIPCH","2023-10-05",FALSE
"E7EXN6FJGRUTJYNZ3Z71","PCPIPCH","2024-04-16",FALSE
"E7EXN6FJGRUTJYNZ3Z71","PCPIPCH","2024-05-13",TRUE
"E7EXN6FJGRUTJYNZ3Z71","PCPIPCH","2024-10-22",FALSE
"E7EXN6FJGRUTJYNZ3Z71","PCPIPCH","2025-04-22",TRUE
"E7EXN6FJGRUTJYNZ3Z71","PCPIPCH","2025-07-03",TRUE
"E7EXN6FJGRUTJYNZ3Z71","PCPIPCH","2025-10-14",TRUE
"E7EXN6FJGRUTJYNZ3Z71","PCPIPCH","2026-04-14",TRUE
"E7EXN6FJGRUTJYNZ3Z71","PCPIPCH","2026-07-20",TRUE
