pubdate,variable,geo,reason
20210921,PCPIPCH,United States,"Interim Economic Outlook: the US inflation figure is the private consumption deflator, not the CPI that PCPIPCH stands for"
20220926,PCPIPCH,United States,"Interim Economic Outlook: the US inflation figure is the private consumption deflator, not the CPI that PCPIPCH stands for"
20230317,PCPIPCH,United States,"Interim Economic Outlook: the US inflation figure is the private consumption deflator, not the CPI that PCPIPCH stands for"
20230919,PCPIPCH,United States,"Interim Economic Outlook: the US inflation figure is the private consumption deflator, not the CPI that PCPIPCH stands for"
20240205,PCPIPCH,United States,"Interim Economic Outlook: the US inflation figure is the private consumption deflator, not the CPI that PCPIPCH stands for"
20240925,PCPIPCH,United States,"Interim Economic Outlook: the US inflation figure is the private consumption deflator, not the CPI that PCPIPCH stands for"
20250317,PCPIPCH,United States,"Interim Economic Outlook: the US inflation figure is the private consumption deflator, not the CPI that PCPIPCH stands for"
20250923,PCPIPCH,United States,"Interim Economic Outlook: the US inflation figure is the private consumption deflator, not the CPI that PCPIPCH stands for"
20260326,PCPIPCH,United States,"Interim Economic Outlook: the US inflation figure is the private consumption deflator, not the CPI that PCPIPCH stands for"
20260923,PCPIPCH,United States,"Interim Economic Outlook: the US inflation figure is the private consumption deflator, not the CPI that PCPIPCH stands for"
