"pubdate","edition","variable","table","url_or_statlink","notes"
"20080604","EO83","NGDP_RPCH","Annex Table 1. Real GDP","http://dx.doi.org/10.1787/367585824028","rounded to 1 decimal from full-precision Excel values; real GDP at market prices, volume % change; date: OECD Economic Outlook page www.oecd.org/oecdEconomicOutlook, web.archive.org capture 20080705210251: ""Press conference of 4 June 2008"""
"20080604","EO83","PCPIPCH","Annex Table 18. Consumer price indices","http://dx.doi.org/10.1787/368206803332","rounded to 1 decimal from full-precision Excel values; consumer price indices, % change: HICP for euro-area members, the euro area and the United Kingdom, national CPI otherwise (verified against the EO database series); date: OECD Economic Outlook page www.oecd.org/oecdEconomicOutlook, web.archive.org capture 20080705210251: ""Press conference of 4 June 2008"""
"20080604","EO83","LUR","Annex Table 13. Unemployment rates: commonly used definitions","http://dx.doi.org/10.1787/368023132116","rounded to 1 decimal from full-precision Excel values; unemployment rate, national (commonly used) definitions, % of labour force; date: OECD Economic Outlook page www.oecd.org/oecdEconomicOutlook, web.archive.org capture 20080705210251: ""Press conference of 4 June 2008"""
"20081125","EO84","NGDP_RPCH","Annex Table 1. Real GDP","http://dx.doi.org/10.1787/504066715648","rounded to 1 decimal from full-precision Excel values; real GDP at market prices, volume % change; date: OECD Economic Outlook page www.oecd.org/oecdEconomicOutlook, web.archive.org capture 20081224220852: ""Press conference of 25-11-2008"""
"20081125","EO84","PCPIPCH","Annex Table 18. Consumer price indices","http://dx.doi.org/10.1787/504454501551","rounded to 1 decimal from full-precision Excel values; consumer price indices, % change: HICP for euro-area members, the euro area and the United Kingdom, national CPI otherwise (verified against the EO database series); date: OECD Economic Outlook page www.oecd.org/oecdEconomicOutlook, web.archive.org capture 20081224220852: ""Press conference of 25-11-2008"""
"20081125","EO84","LUR","Annex Table 13. Unemployment rates: commonly used definitions","http://dx.doi.org/10.1787/504265451240","rounded to 1 decimal from full-precision Excel values; unemployment rate, national (commonly used) definitions, % of labour force; date: OECD Economic Outlook page www.oecd.org/oecdEconomicOutlook, web.archive.org capture 20081224220852: ""Press conference of 25-11-2008"""
"20090331","Interim Report March 2009","NGDP_RPCH","Summary of projections (p. 4)","https://www.oecd.org/content/dam/oecd/en/publications/reports/2009/03/oecd-economic-outlook-interim-report-march-2009_g1ghad01/eco_outlook-v2008-sup2-en.pdf","interim; PDF (manual transcription, checked against page image); projection columns only (outturn and difference-from-previous-EO columns dropped); date: OECD Interim Economic Outlook March 2009 page oecd.org/document/59/0,3343,en_2649_34109_42234619_1_1_1_37443,00.html, web.archive.org capture 20090403073158: press conference ""Tuesday 31 March"""
"20090331","Interim Report March 2009","PCPIPCH","Summary of projections (p. 4), Inflation","https://www.oecd.org/content/dam/oecd/en/publications/reports/2009/03/oecd-economic-outlook-interim-report-march-2009_g1ghad01/eco_outlook-v2008-sup2-en.pdf","interim; PDF (manual transcription, checked against page image); projection columns only (outturn and difference-from-previous-EO columns dropped); CPI (US, Japan), HICP (euro area); date: OECD Interim Economic Outlook March 2009 page oecd.org/document/59/0,3343,en_2649_34109_42234619_1_1_1_37443,00.html, web.archive.org capture 20090403073158: press conference ""Tuesday 31 March"""
"20090331","Interim Report March 2009","LUR","Summary of projections (p. 4), Unemployment rate","https://www.oecd.org/content/dam/oecd/en/publications/reports/2009/03/oecd-economic-outlook-interim-report-march-2009_g1ghad01/eco_outlook-v2008-sup2-en.pdf","interim; PDF (manual transcription, checked against page image); projection columns only (outturn and difference-from-previous-EO columns dropped); date: OECD Interim Economic Outlook March 2009 page oecd.org/document/59/0,3343,en_2649_34109_42234619_1_1_1_37443,00.html, web.archive.org capture 20090403073158: press conference ""Tuesday 31 March"""
"20090624","EO85","NGDP_RPCH","Annex Table 1. Real GDP","http://dx.doi.org/10.1787/662053280818","rounded to 1 decimal from full-precision Excel values; real GDP at market prices, volume % change; date: OECD Economic Outlook page www.oecd.org/oecdEconomicOutlook, web.archive.org capture 20090724060924: ""webcast of the press conference, Wednesday 24th June"""
"20090624","EO85","PCPIPCH","Annex Table 18. Consumer price indices","http://dx.doi.org/10.1787/662416111656","rounded to 1 decimal from full-precision Excel values; consumer price indices, % change: HICP for euro-area members, the euro area and the United Kingdom, national CPI otherwise (verified against the EO database series); date: OECD Economic Outlook page www.oecd.org/oecdEconomicOutlook, web.archive.org capture 20090724060924: ""webcast of the press conference, Wednesday 24th June"""
"20090624","EO85","LUR","Annex Table 13. Unemployment rates: commonly used definitions","http://dx.doi.org/10.1787/662320250365","rounded to 1 decimal from full-precision Excel values; unemployment rate, national (commonly used) definitions, % of labour force; date: OECD Economic Outlook page www.oecd.org/oecdEconomicOutlook, web.archive.org capture 20090724060924: ""webcast of the press conference, Wednesday 24th June"""
"20091119","EO86","NGDP_RPCH","Annex Table 1. Real GDP","http://dx.doi.org/10.1787/754512228431","rounded to 1 decimal from full-precision Excel values; real GDP at market prices, volume % change; date: OECD press handout oecd.org/dataoecd/41/33/35755962.pdf, web.archive.org capture 20091122101718: ""Paris, 19th November 2009"""
"20091119","EO86","PCPIPCH","Annex Table 18. Consumer price indices","http://dx.doi.org/10.1787/754770472164","rounded to 1 decimal from full-precision Excel values; consumer price indices, % change: HICP for euro-area members, the euro area and the United Kingdom, national CPI otherwise (verified against the EO database series); date: OECD press handout oecd.org/dataoecd/41/33/35755962.pdf, web.archive.org capture 20091122101718: ""Paris, 19th November 2009"""
"20091119","EO86","LUR","Annex Table 13. Unemployment rates: commonly used definitions","http://dx.doi.org/10.1787/754632872078","rounded to 1 decimal from full-precision Excel values; unemployment rate, national (commonly used) definitions, % of labour force; date: OECD press handout oecd.org/dataoecd/41/33/35755962.pdf, web.archive.org capture 20091122101718: ""Paris, 19th November 2009"""
"20100526","EO87","NGDP_RPCH","Annex Table 1. Real GDP","http://dx.doi.org/10.1787/888932307470","rounded to 1 decimal from full-precision Excel values; real GDP at market prices, volume % change; date: OECD press handout oecd.org/dataoecd/41/33/35755962.pdf, web.archive.org capture 20100708235924: ""Press Conference Paris, 26 May 2010"""
"20100526","EO87","PCPIPCH","Annex Table 18. Consumer price indices","http://dx.doi.org/10.1787/888932307793","rounded to 1 decimal from full-precision Excel values; consumer price indices, % change: HICP for euro-area members, the euro area and the United Kingdom, national CPI otherwise (verified against the EO database series); date: OECD press handout oecd.org/dataoecd/41/33/35755962.pdf, web.archive.org capture 20100708235924: ""Press Conference Paris, 26 May 2010"""
"20100526","EO87","LUR","Annex Table 13. Unemployment rates: commonly used definitions","http://dx.doi.org/10.1787/888932307698","rounded to 1 decimal from full-precision Excel values; unemployment rate, national (commonly used) definitions, % of labour force; date: OECD press handout oecd.org/dataoecd/41/33/35755962.pdf, web.archive.org capture 20100708235924: ""Press Conference Paris, 26 May 2010"""
"20101118","EO88","NGDP_RPCH","Annex Table 1. Real GDP","http://dx.doi.org/10.1787/888932348339","rounded to 1 decimal from full-precision Excel values; real GDP at market prices, volume % change; date: OECD Economic Outlook page www.oecd.org/oecdEconomicOutlook, web.archive.org capture 20110225122019: ""presentation of 18 November 2010"""
"20101118","EO88","PCPIPCH","Annex Table 18. Consumer price indices","http://dx.doi.org/10.1787/888932348662","rounded to 1 decimal from full-precision Excel values; consumer price indices, % change: HICP for euro-area members, the euro area and the United Kingdom, national CPI otherwise (verified against the EO database series); date: OECD Economic Outlook page www.oecd.org/oecdEconomicOutlook, web.archive.org capture 20110225122019: ""presentation of 18 November 2010"""
"20101118","EO88","LUR","Annex Table 13. Unemployment rates: commonly used definitions","http://dx.doi.org/10.1787/888932348567","rounded to 1 decimal from full-precision Excel values; unemployment rate, national (commonly used) definitions, % of labour force; date: OECD Economic Outlook page www.oecd.org/oecdEconomicOutlook, web.archive.org capture 20110225122019: ""presentation of 18 November 2010"""
"20110525","EO89","NGDP_RPCH","Annex Table 1. Real GDP","http://dx.doi.org/10.1787/888932442940","rounded to 1 decimal from full-precision Excel values; real GDP at market prices, volume % change; date: OECD Economic Outlook page www.oecd.org/oecdEconomicOutlook, web.archive.org capture 20110903043548: ""Press conference material, 25 May 2011"""
"20110525","EO89","PCPIPCH","Annex Table 18. Consumer price indices","http://dx.doi.org/10.1787/888932443263","rounded to 1 decimal from full-precision Excel values; consumer price indices, % change: HICP for euro-area members, the euro area and the United Kingdom, national CPI otherwise (verified against the EO database series); date: OECD Economic Outlook page www.oecd.org/oecdEconomicOutlook, web.archive.org capture 20110903043548: ""Press conference material, 25 May 2011"""
"20110525","EO89","LUR","Annex Table 13. Unemployment rates: commonly used definitions","http://dx.doi.org/10.1787/888932443168","rounded to 1 decimal from full-precision Excel values; unemployment rate, national (commonly used) definitions, % of labour force; date: OECD Economic Outlook page www.oecd.org/oecdEconomicOutlook, web.archive.org capture 20110903043548: ""Press conference material, 25 May 2011"""
"20111128","EO90","NGDP_RPCH","Annex Table 1. Real GDP","http://dx.doi.org/10.1787/888932558365","rounded to 1 decimal from full-precision Excel values; real GDP at market prices, volume % change; date: OECD press handout oecd.org/dataoecd/2/55/49112261.pdf, web.archive.org capture Dec 2011: ""Press Conference Paris, 28 November 2011"""
"20111128","EO90","PCPIPCH","Annex Table 18. Consumer price indices","http://dx.doi.org/10.1787/888932558688","rounded to 1 decimal from full-precision Excel values; consumer price indices, % change: HICP for euro-area members, the euro area and the United Kingdom, national CPI otherwise (verified against the EO database series); date: OECD press handout oecd.org/dataoecd/2/55/49112261.pdf, web.archive.org capture Dec 2011: ""Press Conference Paris, 28 November 2011"""
"20111128","EO90","LUR","Annex Table 13. Unemployment rates: commonly used definitions","http://dx.doi.org/10.1787/888932558593","rounded to 1 decimal from full-precision Excel values; unemployment rate, national (commonly used) definitions, % of labour force; date: OECD press handout oecd.org/dataoecd/2/55/49112261.pdf, web.archive.org capture Dec 2011: ""Press Conference Paris, 28 November 2011"""
"20120522","EO91","NGDP_RPCH","Annex Table 1. Real GDP","http://dx.doi.org/10.1787/888932636379","rounded to 1 decimal from full-precision Excel values; real GDP at market prices, volume % change; date: OECD Economic Outlook page www.oecd.org/oecdEconomicOutlook, web.archive.org capture 20120625163839: ""Press conference of 22 May 2012"""
"20120522","EO91","PCPIPCH","Annex Table 18. Consumer price indices","http://dx.doi.org/10.1787/888932636702","rounded to 1 decimal from full-precision Excel values; consumer price indices, % change: HICP for euro-area members, the euro area and the United Kingdom, national CPI otherwise (verified against the EO database series); date: OECD Economic Outlook page www.oecd.org/oecdEconomicOutlook, web.archive.org capture 20120625163839: ""Press conference of 22 May 2012"""
"20120522","EO91","LUR","Annex Table 13. Unemployment rates: commonly used definitions","http://dx.doi.org/10.1787/888932636607","rounded to 1 decimal from full-precision Excel values; unemployment rate, national (commonly used) definitions, % of labour force; date: OECD Economic Outlook page www.oecd.org/oecdEconomicOutlook, web.archive.org capture 20120625163839: ""Press conference of 22 May 2012"""
"20121127","EO92","NGDP_RPCH","Annex Table 1. Real GDP","http://dx.doi.org/10.1787/888932750436","rounded to 1 decimal from full-precision Excel values; real GDP at market prices, volume % change; date: OECD media advisory oecd.org/newsroom/economicoutlooktobereleasedtuesday27november2012.htm (web.archive.org capture 20130515044216)"
"20121127","EO92","PCPIPCH","Annex Table 18. Consumer price indices","http://dx.doi.org/10.1787/888932750759","rounded to 1 decimal from full-precision Excel values; consumer price indices, % change: HICP for euro-area members, the euro area and the United Kingdom, national CPI otherwise (verified against the EO database series); date: OECD media advisory oecd.org/newsroom/economicoutlooktobereleasedtuesday27november2012.htm (web.archive.org capture 20130515044216)"
"20121127","EO92","LUR","Annex Table 13. Unemployment rates: commonly used definitions","http://dx.doi.org/10.1787/888932750664","rounded to 1 decimal from full-precision Excel values; unemployment rate, national (commonly used) definitions, % of labour force; date: OECD media advisory oecd.org/newsroom/economicoutlooktobereleasedtuesday27november2012.htm (web.archive.org capture 20130515044216)"
"20130529","EO93","NGDP_RPCH","Annex Table 1. Real GDP","http://dx.doi.org/10.1787/888932838349","rounded to 1 decimal from full-precision Excel values; real GDP at market prices, volume % change; date: OECD media advisory oecd.org/newsroom/economic-outlook-to-be-released-at-oecd-forum--wednesday-29-may-2013.htm (web.archive.org capture 20130608074432)"
"20130529","EO93","PCPIPCH","Annex Table 18. Consumer price indices","http://dx.doi.org/10.1787/888932838672","rounded to 1 decimal from full-precision Excel values; consumer price indices, % change: HICP for euro-area members, the euro area and the United Kingdom, national CPI otherwise (verified against the EO database series); date: OECD media advisory oecd.org/newsroom/economic-outlook-to-be-released-at-oecd-forum--wednesday-29-may-2013.htm (web.archive.org capture 20130608074432)"
"20130529","EO93","LUR","Annex Table 13. Unemployment rates: commonly used definitions","http://dx.doi.org/10.1787/888932838577","rounded to 1 decimal from full-precision Excel values; unemployment rate, national (commonly used) definitions, % of labour force; date: OECD media advisory oecd.org/newsroom/economic-outlook-to-be-released-at-oecd-forum--wednesday-29-may-2013.htm (web.archive.org capture 20130608074432)"
"20131119","EO94","NGDP_RPCH","Annex Table 1. Real GDP","http://dx.doi.org/10.1787/888932950468","rounded to 1 decimal from full-precision Excel values; real GDP at market prices, volume % change; date: OECD media advisory oecd.org/newsroom/oecd-economic-outlook-to-be-released-tuesday-19-november-2013.htm (web.archive.org capture 20131117111902)"
"20131119","EO94","PCPIPCH","Annex Table 18. Consumer price indices","http://dx.doi.org/10.1787/888932950791","rounded to 1 decimal from full-precision Excel values; consumer price indices, % change: HICP for euro-area members, the euro area and the United Kingdom, national CPI otherwise (verified against the EO database series); date: OECD media advisory oecd.org/newsroom/oecd-economic-outlook-to-be-released-tuesday-19-november-2013.htm (web.archive.org capture 20131117111902)"
"20131119","EO94","LUR","Annex Table 13. Unemployment rates: commonly used definitions","http://dx.doi.org/10.1787/888932950696","rounded to 1 decimal from full-precision Excel values; unemployment rate, national (commonly used) definitions, % of labour force; date: OECD media advisory oecd.org/newsroom/oecd-economic-outlook-to-be-released-tuesday-19-november-2013.htm (web.archive.org capture 20131117111902)"
"20140506","EO95","NGDP_RPCH","Annex Table 1. Real GDP","http://dx.doi.org/10.1787/888933051871","rounded to 1 decimal from full-precision Excel values; real GDP at market prices, volume % change; date: OECD media advisory oecd.org/newsroom/economic-outlook-to-be-released-at-oecd-forumtuesday-6-may-2014.htm (web.archive.org capture 20140503051512)"
"20140506","EO95","PCPIPCH","Annex Table 18. Consumer price indices","http://dx.doi.org/10.1787/888933052194","rounded to 1 decimal from full-precision Excel values; consumer price indices, % change: HICP for euro-area members, the euro area and the United Kingdom, national CPI otherwise (verified against the EO database series); date: OECD media advisory oecd.org/newsroom/economic-outlook-to-be-released-at-oecd-forumtuesday-6-may-2014.htm (web.archive.org capture 20140503051512)"
"20140506","EO95","LUR","Annex Table 13. Unemployment rates: commonly used definitions","http://dx.doi.org/10.1787/888933052099","rounded to 1 decimal from full-precision Excel values; unemployment rate, national (commonly used) definitions, % of labour force; date: OECD media advisory oecd.org/newsroom/economic-outlook-to-be-released-at-oecd-forumtuesday-6-may-2014.htm (web.archive.org capture 20140503051512)"
"20140915","Interim Economic Assessment September 2014","NGDP_RPCH","OECD Interim Economic Forecasts (p. 1)","https://web.archive.org/web/20140920172308id_/http://www.oecd.org/eco/outlook/Interim-Assessment-Handout-Sep-2014.pdf","interim; PDF (manual transcription, checked against page image); projection columns only (outturn and difference-from-previous-EO columns dropped); date: OECD media advisory oecd.org/newsroom/oecd-interim-economic-assessment-launches-monday-15-september-2014.htm; date also printed on the handout"
"20141125","EO96","NGDP_RPCH","Annex Table 1. Real GDP","http://dx.doi.org/10.1787/888933170712","rounded to 1 decimal from full-precision Excel values; real GDP at market prices, volume % change; date: OECD media advisory oecd.org/newsroom/oecd-economic-outlook-to-be-released-on-tuesday-25-november-20.htm (web.archive.org capture 20141123021532)"
"20141125","EO96","PCPIPCH","Annex Table 18. Consumer price indices","http://dx.doi.org/10.1787/888933170881","rounded to 1 decimal from full-precision Excel values; consumer price indices, % change: HICP for euro-area members, the euro area and the United Kingdom, national CPI otherwise (verified against the EO database series); date: OECD media advisory oecd.org/newsroom/oecd-economic-outlook-to-be-released-on-tuesday-25-november-20.htm (web.archive.org capture 20141123021532)"
"20141125","EO96","LUR","Annex Table 13. Unemployment rates: commonly used definitions","http://dx.doi.org/10.1787/888933170833","rounded to 1 decimal from full-precision Excel values; unemployment rate, national (commonly used) definitions, % of labour force; date: OECD media advisory oecd.org/newsroom/oecd-economic-outlook-to-be-released-on-tuesday-25-november-20.htm (web.archive.org capture 20141123021532)"
"20150318","Interim Economic Assessment March 2015","NGDP_RPCH"," (p. 1)","https://web.archive.org/web/20150322011850id_/http://www.oecd.org:80/eco/outlook/Interim-Assessment-Handout-Mar-2015.pdf","interim; PDF (parsed text); projection columns only (outturn and difference-from-previous-EO columns dropped); date: OECD media advisory oecd.org/newsroom/oecd-interim-economic-assessment-launches-wednesday-18-march-at-1100-am.htm; date also printed on the handout"
"20150603","EO97","NGDP_RPCH","Annex Table 1. Real GDP","http://dx.doi.org/10.1787/888933222538","rounded to 1 decimal from full-precision Excel values; real GDP at market prices, volume % change; date: OECD media advisory oecd.org/newsroom/economicoutlooktobereleasedatoecdforumwednesday3june2015.htm (web.archive.org capture 20150905211905)"
"20150603","EO97","PCPIPCH","Annex Table 18. Consumer price indices","http://dx.doi.org/10.1787/888933222705","rounded to 1 decimal from full-precision Excel values; consumer price indices, % change: HICP for euro-area members, the euro area and the United Kingdom, national CPI otherwise (verified against the EO database series); date: OECD media advisory oecd.org/newsroom/economicoutlooktobereleasedatoecdforumwednesday3june2015.htm (web.archive.org capture 20150905211905)"
"20150603","EO97","LUR","Annex Table 13. Unemployment rates: commonly used definitions","http://dx.doi.org/10.1787/888933222654","rounded to 1 decimal from full-precision Excel values; unemployment rate, national (commonly used) definitions, % of labour force; date: OECD media advisory oecd.org/newsroom/economicoutlooktobereleasedatoecdforumwednesday3june2015.htm (web.archive.org capture 20150905211905)"
"20150916","Interim Economic Outlook September 2015","NGDP_RPCH","Real GDP1 (p. 1)","https://web.archive.org/web/20170317161058id_/http://www.oecd.org/eco/outlook/OECD-interim-economic-outlook-september-2015.pdf","interim; PDF (parsed text); projection columns only (outturn and difference-from-previous-EO columns dropped); date: OECD media advisory oecd.org/newsroom/oecdinterimglobaleconomicassessmentlauncheswednesday16september.htm; date also printed on the document"
"20151109","EO98","NGDP_RPCH","Annex Table 1. Real GDP","http://dx.doi.org/10.1787/888933297371","rounded to 1 decimal from full-precision Excel values; real GDP at market prices, volume % change; date: OECD press release oecd.org/newsroom/emerging-market-slowdown-and-drop-in-trade-clouding-global-outlook.htm dated 9/11/2015 (web.archive.org capture 20151212133623)"
"20151109","EO98","PCPIPCH","Annex Table 18. Consumer price indices","http://dx.doi.org/10.1787/888933297542","rounded to 1 decimal from full-precision Excel values; consumer price indices, % change: HICP for euro-area members, the euro area and the United Kingdom, national CPI otherwise (verified against the EO database series); date: OECD press release oecd.org/newsroom/emerging-market-slowdown-and-drop-in-trade-clouding-global-outlook.htm dated 9/11/2015 (web.archive.org capture 20151212133623)"
"20151109","EO98","LUR","Annex Table 13. Unemployment rates: national definitions","http://dx.doi.org/10.1787/888933297491","rounded to 1 decimal from full-precision Excel values; unemployment rate, national (commonly used) definitions, % of labour force; date: OECD press release oecd.org/newsroom/emerging-market-slowdown-and-drop-in-trade-clouding-global-outlook.htm dated 9/11/2015 (web.archive.org capture 20151212133623)"
"20160218","Interim Economic Outlook February 2016","NGDP_RPCH","OECD Interim Economic Outlook Forecasts / Real GDP growth (%)1 (p. 1)","https://web.archive.org/web/20160221185808id_/http://www.oecd.org:80/eco/outlook/OECD-Interim-Economic-Outlook-February-2016.pdf","interim; PDF (parsed text); projection columns only (outturn and difference-from-previous-EO columns dropped); date: OECD media advisory oecd.org/newsroom/oecd-interim-economic-outlook-launches-thursday-18-february.htm; date also printed on the document"
"20160601","EO99","NGDP_RPCH","Annex Table 1. Real GDP","http://dx.doi.org/10.1787/888933368196","rounded to 1 decimal from full-precision Excel values; real GDP at market prices, volume % change; date: OECD media advisory oecd.org/newsroom/economic-outlook-to-be-released-at-oecd-forumwednesday-1-june-2016.htm (web.archive.org capture 20160602040032)"
"20160601","EO99","PCPIPCH","Annex Table 15. Consumer price indices","http://dx.doi.org/10.1787/888933368333","rounded to 1 decimal from full-precision Excel values; consumer price indices, % change: HICP for euro-area members, the euro area and the United Kingdom, national CPI otherwise (verified against the EO database series); date: OECD media advisory oecd.org/newsroom/economic-outlook-to-be-released-at-oecd-forumwednesday-1-june-2016.htm (web.archive.org capture 20160602040032)"
"20160601","EO99","LUR","Annex Table 21. Unemployment rates: national definitions","http://dx.doi.org/10.1787/888933368395","rounded to 1 decimal from full-precision Excel values; unemployment rate, national (commonly used) definitions, % of labour force; date: OECD media advisory oecd.org/newsroom/economic-outlook-to-be-released-at-oecd-forumwednesday-1-june-2016.htm (web.archive.org capture 20160602040032)"
"20160921","Interim Report September 2016","NGDP_RPCH","OECD Interim Economic Outlook Forecasts / Real GDP growth (%)1 (p. 2)","https://www.oecd.org/content/dam/oecd/en/publications/reports/2016/09/oecd-economic-outlook-interim-report-september-2016_g1g71a1c/eco_outlook-v2016-sup2-en.pdf","interim; PDF (parsed text); projection columns only (outturn and difference-from-previous-EO columns dropped); date: OECD media advisory oecd.org/newsroom/oecd-interim-economic-outlook-launches-on-wednesday-21-september.htm (dated 16/9/2016); date also printed on the document"
"20161128","EO100","NGDP_RPCH","Annex Table 1. Real GDP","http://dx.doi.org/10.1787/888933438015","rounded to 1 decimal from full-precision Excel values; real GDP at market prices, volume % change; date: OECD media advisory oecd.org/newsroom/oecd-global-economic-outlook-to-be-released-on-monday-28-november-2016.htm; press release dated 28/11/2016"
"20161128","EO100","PCPIPCH","Annex Table 15. Consumer price indices","http://dx.doi.org/10.1787/888933438159","rounded to 1 decimal from full-precision Excel values; consumer price indices, % change: HICP for euro-area members, the euro area and the United Kingdom, national CPI otherwise (verified against the EO database series); date: OECD media advisory oecd.org/newsroom/oecd-global-economic-outlook-to-be-released-on-monday-28-november-2016.htm; press release dated 28/11/2016"
"20161128","EO100","LUR","Annex Table 21. Unemployment rates: national definitions","http://dx.doi.org/10.1787/888933438219","rounded to 1 decimal from full-precision Excel values; unemployment rate, national (commonly used) definitions, % of labour force; date: OECD media advisory oecd.org/newsroom/oecd-global-economic-outlook-to-be-released-on-monday-28-november-2016.htm; press release dated 28/11/2016"
"20170307","Interim Economic Outlook March 2017","NGDP_RPCH","OECD Interim Economic Outlook real GDP growth projections (p. 1)","https://web.archive.org/web/20170415174048id_/http://www.oecd.org/eco/outlook/OECD-Interim-Economic-Outlook-March-2017.pdf","interim; PDF (parsed text); projection columns only (outturn and difference-from-previous-EO columns dropped); date: OECD media advisory oecd.org/newsroom/oecd-interim-economic-outlook-launches-on-tuesday-7-march.htm (dated 01/03/2017); date also printed on the document"
"20170607","EO101","NGDP_RPCH","Annex Table 1. Real GDP","http://dx.doi.org/10.1787/888933503852","rounded to 1 decimal from full-precision Excel values; real GDP at market prices, volume % change; date: OECD media advisory oecd.org/newsroom/global-economic-outlook-to-be-released-at-oecd-forumwednesday-7-june-2017.htm (web.archive.org capture 20170605102443)"
"20170607","EO101","PCPIPCH","Annex Table 15. Consumer price indices","http://dx.doi.org/10.1787/888933504118","rounded to 1 decimal from full-precision Excel values; consumer price indices, % change: HICP for euro-area members, the euro area and the United Kingdom, national CPI otherwise (verified against the EO database series); date: OECD media advisory oecd.org/newsroom/global-economic-outlook-to-be-released-at-oecd-forumwednesday-7-june-2017.htm (web.archive.org capture 20170605102443)"
"20170607","EO101","LUR","Annex Table 21. Unemployment rates: national definitions","http://dx.doi.org/10.1787/888933504232","rounded to 1 decimal from full-precision Excel values; unemployment rate, national (commonly used) definitions, % of labour force; date: OECD media advisory oecd.org/newsroom/global-economic-outlook-to-be-released-at-oecd-forumwednesday-7-june-2017.htm (web.archive.org capture 20170605102443)"
"20170920","Interim Economic Outlook September 2017","NGDP_RPCH","OECD Interim Economic Outlook real GDP growth projections (p. 1)","https://web.archive.org/web/20171118071842id_/http://www.oecd.org/eco/outlook/Short-term-momentum-Will-it-be-sustained-press-handout-summary-of-projections-oecd-economic-outlook-September-2017.pdf","interim; PDF (parsed text); projection columns only (outturn and difference-from-previous-EO columns dropped); date: OECD media advisory oecd.org/newsroom/oecd-interim-economic-outlook-launches-wednesday-20-september-2017.htm; date also printed on the document"
"20171128","EO102","NGDP_RPCH","Annex Table 1. Real GDP","http://dx.doi.org/10.1787/888933629233","rounded to 1 decimal from full-precision Excel values; real GDP at market prices, volume % change; note: Euro area 2018 is 2.1 in the StatLink table but rounds to 2.2 in the EO102 database vintage (StatLink value kept); date: OECD media advisory oecd.org/newsroom/oecd-economic-outlook-to-be-released-on-tuesday-28-november-2017.htm (web.archive.org capture 20171127023055)"
"20171128","EO102","PCPIPCH","Annex Table 15. Consumer price indices","http://dx.doi.org/10.1787/888933629499","rounded to 1 decimal from full-precision Excel values; consumer price indices, % change: HICP for euro-area members, the euro area and the United Kingdom, national CPI otherwise (verified against the EO database series); date: OECD media advisory oecd.org/newsroom/oecd-economic-outlook-to-be-released-on-tuesday-28-november-2017.htm (web.archive.org capture 20171127023055)"
"20171128","EO102","LUR","Annex Table 21. Unemployment rates: national definitions","http://dx.doi.org/10.1787/888933629613","rounded to 1 decimal from full-precision Excel values; unemployment rate, national (commonly used) definitions, % of labour force; date: OECD media advisory oecd.org/newsroom/oecd-economic-outlook-to-be-released-on-tuesday-28-november-2017.htm (web.archive.org capture 20171127023055)"
"20180313","Interim Economic Outlook March 2018","NGDP_RPCH","OECD Interim Economic Outlook Forecasts March 2018 / Real GDP growth (p. 2)","https://web.archive.org/web/20180413091319id_/http://www.oecd.org:80/eco/outlook/Getting-stronger-but-tensions-are-rising-press-handout-oecd-interim-economic-outlook-march-2018.pdf","interim; PDF (parsed text); projection columns only (outturn and difference-from-previous-EO columns dropped); date: OECD media advisory oecd.org/newsroom/oecd-interim-economic-outlook-launches-tuesday-13-march-2018.htm (web.archive.org capture 20180421200846)"
"20180530","EO103","NGDP_RPCH","Annex Table 1. Real GDP","http://dx.doi.org/10.1787/888933727311","rounded to 1 decimal from full-precision Excel values; real GDP at market prices, volume % change; date: OECD media advisory oecd.org/newsroom/economic-outlook-to-be-released-at-oecd-forum-wednesday-30-may-2018.htm (web.archive.org capture 20180928120305)"
"20180530","EO103","PCPIPCH","Annex Table 15. Consumer price indices","http://dx.doi.org/10.1787/888933727577","rounded to 1 decimal from full-precision Excel values; consumer price indices, % change: HICP for euro-area members, the euro area and the United Kingdom, national CPI otherwise (verified against the EO database series); date: OECD media advisory oecd.org/newsroom/economic-outlook-to-be-released-at-oecd-forum-wednesday-30-may-2018.htm (web.archive.org capture 20180928120305)"
"20180530","EO103","LUR","Annex Table 21. Unemployment rates: national definitions","http://dx.doi.org/10.1787/888933727691","rounded to 1 decimal from full-precision Excel values; unemployment rate, national (commonly used) definitions, % of labour force; date: OECD media advisory oecd.org/newsroom/economic-outlook-to-be-released-at-oecd-forum-wednesday-30-may-2018.htm (web.archive.org capture 20180928120305)"
"20180920","Interim Economic Outlook September 2018","NGDP_RPCH","OECD Interim Economic Outlook Forecasts September 2018 / Real GDP growth (p. 2)","https://web.archive.org/web/20190509205338id_/http://www.oecd.org/eco/outlook/High-uncertainty-weighing-on-global-growth-OECD-interim-economic-outlook-handout-20-September-2018.pdf","interim; PDF (parsed text); projection columns only (outturn and difference-from-previous-EO columns dropped); date: OECD media advisory oecd.org/newsroom/oecd-interim-economic-outlook-launches-on-thursday-20-september-2018.htm (web.archive.org capture 20181003131438)"
"20181121","EO104","NGDP_RPCH","Annex Table 1. Real GDP","http://dx.doi.org/10.1787/888933878285","rounded to 1 decimal from full-precision Excel values; real GDP at market prices, volume % change; date: OECD media advisory oecd.org/newsroom/oecd-economic-outlook-to-be-released-on-wednesday-21-november-2018.htm (web.archive.org capture 20181121193935)"
"20181121","EO104","PCPIPCH","Annex Table 15. Consumer price indices","http://dx.doi.org/10.1787/888933878551","rounded to 1 decimal from full-precision Excel values; consumer price indices, % change: HICP for euro-area members, the euro area and the United Kingdom, national CPI otherwise (verified against the EO database series); date: OECD media advisory oecd.org/newsroom/oecd-economic-outlook-to-be-released-on-wednesday-21-november-2018.htm (web.archive.org capture 20181121193935)"
"20181121","EO104","LUR","Annex Table 21. Unemployment rates: national definitions","http://dx.doi.org/10.1787/888933878665","rounded to 1 decimal from full-precision Excel values; unemployment rate, national (commonly used) definitions, % of labour force; date: OECD media advisory oecd.org/newsroom/oecd-economic-outlook-to-be-released-on-wednesday-21-november-2018.htm (web.archive.org capture 20181121193935)"
"20190306","Interim Report March 2019","NGDP_RPCH","OECD Interim Economic Outlook Forecasts March 2019 / Real GDP growth (p. 3)","https://www.oecd.org/content/dam/oecd/en/publications/reports/2019/03/oecd-economic-outlook-interim-report-march-2019_957b870b/69e962c6-en.pdf","interim; PDF (parsed text); projection columns only (outturn and difference-from-previous-EO columns dropped); date: OECD media advisory oecd.org/newsroom/oecd-interim-economic-outlook-launches-on-wednesday-6-march-2019.htm; date also printed on the document"
"20190521","EO105","NGDP_RPCH","Annex Table 1. Real GDP","https://www.oecd.org/economy/outlook/EO105_Annexes_E.pdf (retrieved from web.archive.org capture 20221022181225)","values as printed (1 decimal) parsed from the PDF table; real GDP at market prices, volume % change; date: OECD media advisory oecd.org/newsroom/economic-outlook-to-be-released-at-oecd-forumtuesday-21-may-2019.htm (web.archive.org capture 20190516090358)"
"20190521","EO105","PCPIPCH","Annex Table 15. Consumer price indices","https://www.oecd.org/economy/outlook/EO105_Annexes_E.pdf (retrieved from web.archive.org capture 20221022181225)","values as printed (1 decimal) parsed from the PDF table; consumer price indices, % change: HICP for euro-area members, the euro area and the United Kingdom, national CPI otherwise (verified against the EO database series); date: OECD media advisory oecd.org/newsroom/economic-outlook-to-be-released-at-oecd-forumtuesday-21-may-2019.htm (web.archive.org capture 20190516090358)"
"20190521","EO105","LUR","Annex Table 21. Unemployment rates: national definitions","https://www.oecd.org/economy/outlook/EO105_Annexes_E.pdf (retrieved from web.archive.org capture 20221022181225)","values as printed (1 decimal) parsed from the PDF table; unemployment rate, national (commonly used) definitions, % of labour force; date: OECD media advisory oecd.org/newsroom/economic-outlook-to-be-released-at-oecd-forumtuesday-21-may-2019.htm (web.archive.org capture 20190516090358)"
"20190919","Interim Report September 2019","NGDP_RPCH","OECD Interim Economic Outlook Forecasts September 2019 / Real GDP growth (p. 3)","https://www.oecd.org/content/dam/oecd/en/publications/reports/2019/09/oecd-economic-outlook-interim-report-september-2019_92a6e60a/37e06864-en.pdf","interim; PDF (parsed text); projection columns only (outturn and difference-from-previous-EO columns dropped); date: OECD media advisory oecd.org/newsroom/oecd-interim-economic-outlook-launches-on-thursday-19-september-2019.htm; date also printed on the document"
"20191121","EO106","NGDP_RPCH","none (no annex file found); EO database vintage","https://sdmx.oecd.org/archive/rest/data/OECD,DF_EO106_INTERNET/..A","no StatLink/annex file retrievable; values from the edition's own OECD EO database vintage (OECD,DF_EO106_INTERNET (archive)), variable GDPV_ANNPCT, rounded to 1 decimal; row set follows the annex rule of neighbouring editions; World aggregate excluded (not an annex row); real GDP at market prices, volume % change; date: OECD media advisory oecd.org/newsroom/oecd-economic-outlook-to-be-released-on-thursday-21-november-2019.htm; press release dated 21/11/2019"
"20191121","EO106","PCPIPCH","none (no annex file found); EO database vintage","https://sdmx.oecd.org/archive/rest/data/OECD,DF_EO106_INTERNET/..A","no StatLink/annex file retrievable; values from the edition's own OECD EO database vintage (OECD,DF_EO106_INTERNET (archive)), variable CPIH_YTYPCT (euro-area members, Euro area, United Kingdom, Croatia) / CPI_YTYPCT (others), rounded to 1 decimal; row set follows the annex rule of neighbouring editions; consumer price indices, % change: HICP for euro-area members, the euro area and the United Kingdom, national CPI otherwise (verified against the EO database series); date: OECD media advisory oecd.org/newsroom/oecd-economic-outlook-to-be-released-on-thursday-21-november-2019.htm; press release dated 21/11/2019"
"20191121","EO106","LUR","none (no annex file found); EO database vintage","https://sdmx.oecd.org/archive/rest/data/OECD,DF_EO106_INTERNET/..A","no StatLink/annex file retrievable; values from the edition's own OECD EO database vintage (OECD,DF_EO106_INTERNET (archive)), variable UNR, rounded to 1 decimal; row set follows the annex rule of neighbouring editions; non-OECD economies excluded as in the annex unemployment table; unemployment rate, national (commonly used) definitions, % of labour force; date: OECD media advisory oecd.org/newsroom/oecd-economic-outlook-to-be-released-on-thursday-21-november-2019.htm; press release dated 21/11/2019"
"20200302","Interim Report March 2020","NGDP_RPCH","OECD Interim Economic Outlook Forecasts, 2 March 2020 / Real GDP growth (p. 4)","https://www.oecd.org/content/dam/oecd/en/publications/reports/2020/03/oecd-economic-outlook-interim-report-march-2020_74b0ea75/7969896b-en.pdf","interim; PDF (parsed text); projection columns only (outturn and difference-from-previous-EO columns dropped); date: OECD media advisory oecd.org/newsroom/oecd-interim-economic-outlook-launches-on-monday-2-march.htm; date also printed on the document"
"20200610","EO107","NGDP_RPCH","Annex Table 1. Real GDP","https://www.oecd.org/economy/outlook/EO107_1_Demand-and-Output.xls (web.archive.org capture 20210309063645)","single-hit scenario (the scenario of the published annex tables; database flow DF_EO107_INTERNET_1); rounded to 1 decimal from full-precision Excel values; real GDP at market prices, volume % change; date: OECD media advisory oecd.org/newsroom/oecd-to-release-economic-outlook-on-wednesday-10-june-2020.htm (web.archive.org capture 20200704191524)"
"20200610","EO107","PCPIPCH","Annex Table 9. Consumer price indices","https://www.oecd.org/economy/outlook/EO107_1_Inflation-Wages-Costs-and-Labour-Market.xls (web.archive.org capture 20210309063646)","single-hit scenario (the scenario of the published annex tables; database flow DF_EO107_INTERNET_1); rounded to 1 decimal from full-precision Excel values; consumer price indices, % change: HICP for euro-area members, the euro area and the United Kingdom, national CPI otherwise (verified against the EO database series); date: OECD media advisory oecd.org/newsroom/oecd-to-release-economic-outlook-on-wednesday-10-june-2020.htm (web.archive.org capture 20200704191524)"
"20200610","EO107","LUR","Annex Table 10. Unemployment rates: national definitions","https://www.oecd.org/economy/outlook/EO107_1_Inflation-Wages-Costs-and-Labour-Market.xls (web.archive.org capture 20210309063646)","single-hit scenario (the scenario of the published annex tables; database flow DF_EO107_INTERNET_1); rounded to 1 decimal from full-precision Excel values; unemployment rate, national (commonly used) definitions, % of labour force; date: OECD media advisory oecd.org/newsroom/oecd-to-release-economic-outlook-on-wednesday-10-june-2020.htm (web.archive.org capture 20200704191524)"
"20200916","Interim Report September 2020","NGDP_RPCH","OECD Interim Economic Outlook Forecasts September 2020 / Real GDP growth (p. 4)","https://www.oecd.org/content/dam/oecd/en/publications/reports/2020/09/oecd-economic-outlook-interim-report-september-2020_8bf3ef9b/34ffc900-en.pdf","interim; PDF (parsed text); projection columns only (outturn and difference-from-previous-EO columns dropped); date: OECD press release oecd.org/newsroom/building-confidence-crucial-amid-an-uncertain-economic-recovery.htm dated 16/09/2020 (web.archive.org capture 20200918105512)"
"20201201","EO108","NGDP_RPCH","Annex Table 1. Real GDP","https://www.oecd.org/economy/outlook/EO108_Demand-and-Output.xls (web.archive.org capture 20210309063650)","rounded to 1 decimal from full-precision Excel values; real GDP at market prices, volume % change; date: OECD media advisory oecd.org/newsroom/oecd-to-release-economic-outlook-on-tuesday-1-december-2020.htm (web.archive.org capture 20210125164342)"
"20201201","EO108","PCPIPCH","Annex Table 15. Consumer price indices","https://www.oecd.org/economy/outlook/EO108_Inflation-Wages-Costs-and-Labour-Market.xls (web.archive.org capture 20210309063651)","rounded to 1 decimal from full-precision Excel values; consumer price indices, % change: HICP for euro-area members, the euro area and the United Kingdom, national CPI otherwise (verified against the EO database series); date: OECD media advisory oecd.org/newsroom/oecd-to-release-economic-outlook-on-tuesday-1-december-2020.htm (web.archive.org capture 20210125164342)"
"20201201","EO108","LUR","Annex Table 21. Unemployment rates: national definitions","https://www.oecd.org/economy/outlook/EO108_Inflation-Wages-Costs-and-Labour-Market.xls (web.archive.org capture 20210309063651)","rounded to 1 decimal from full-precision Excel values; unemployment rate, national (commonly used) definitions, % of labour force; date: OECD media advisory oecd.org/newsroom/oecd-to-release-economic-outlook-on-tuesday-1-december-2020.htm (web.archive.org capture 20210125164342)"
"20210309","Interim Report March 2021","NGDP_RPCH","OECD Interim Economic Outlook Forecasts March 2021 / Real GDP growth (p. 6)","https://www.oecd.org/content/dam/oecd/en/publications/reports/2021/03/oecd-economic-outlook-interim-report-march-2021_005b97f3/34bfd999-en.pdf","interim; PDF (parsed text); projection columns only (outturn and difference-from-previous-EO columns dropped); date: OECD media advisory oecd.org/newsroom/oecd-to-release-interim-economic-outlook-on-tuesday-9-march-2021.htm (web.archive.org capture 20210308181335)"
"20210531","EO109","NGDP_RPCH","none (no annex file found); EO database vintage","https://sdmx.oecd.org/archive/rest/data/OECD,DF_EO109_INTERNET/..A","no StatLink/annex file retrievable; values from the edition's own OECD EO database vintage (OECD,DF_EO109_INTERNET (archive)), variable GDPV_ANNPCT, rounded to 1 decimal; row set follows the annex rule of neighbouring editions; World aggregate excluded (not an annex row); real GDP at market prices, volume % change; date: OECD media advisory oecd.org/newsroom/oecd-to-release-economic-outlook-on-monday-31-may-2021.htm (web.archive.org capture 20210528160535)"
"20210531","EO109","PCPIPCH","none (no annex file found); EO database vintage","https://sdmx.oecd.org/archive/rest/data/OECD,DF_EO109_INTERNET/..A","no StatLink/annex file retrievable; values from the edition's own OECD EO database vintage (OECD,DF_EO109_INTERNET (archive)), variable CPIH_YTYPCT (euro-area members, Euro area, United Kingdom, Croatia) / CPI_YTYPCT (others), rounded to 1 decimal; row set follows the annex rule of neighbouring editions; consumer price indices, % change: HICP for euro-area members, the euro area and the United Kingdom, national CPI otherwise (verified against the EO database series); date: OECD media advisory oecd.org/newsroom/oecd-to-release-economic-outlook-on-monday-31-may-2021.htm (web.archive.org capture 20210528160535)"
"20210531","EO109","LUR","none (no annex file found); EO database vintage","https://sdmx.oecd.org/archive/rest/data/OECD,DF_EO109_INTERNET/..A","no StatLink/annex file retrievable; values from the edition's own OECD EO database vintage (OECD,DF_EO109_INTERNET (archive)), variable UNR, rounded to 1 decimal; row set follows the annex rule of neighbouring editions; non-OECD economies excluded as in the annex unemployment table; unemployment rate, national (commonly used) definitions, % of labour force; date: OECD media advisory oecd.org/newsroom/oecd-to-release-economic-outlook-on-monday-31-may-2021.htm (web.archive.org capture 20210528160535)"
"20210921","Interim Report September 2021","NGDP_RPCH","Table 1. OECD Interim Economic Outlook Forecasts September 2021 / Real GDP growth (p. 6)","https://www.oecd.org/content/dam/oecd/en/publications/reports/2021/09/oecd-economic-outlook-interim-report-september-2021_ef187e9f/490d4832-en.pdf","interim; PDF (parsed text); projection columns only (outturn and difference-from-previous-EO columns dropped); date: OECD media advisory oecd.org/newsroom/oecd-to-release-interim-economic-outlook-on-tuesday-21-september-2021.htm (web.archive.org capture 20210916191134)"
"20210921","Interim Report September 2021","PCPIPCH","Table 2. OECD Interim Economic Outlook Forecasts September 2021 (p. 7)","https://www.oecd.org/content/dam/oecd/en/publications/reports/2021/09/oecd-economic-outlook-interim-report-september-2021_ef187e9f/490d4832-en.pdf","interim; PDF (parsed text); projection columns only (outturn and difference-from-previous-EO columns dropped); headline inflation (HICP for euro-area members and United Kingdom, national CPI otherwise, per the report notes); United States value is the private consumption expenditure (PCE) deflator (verified: interim value minus the printed revision equals the PCE deflator, not the CPI, in the preceding EO database); date: OECD media advisory oecd.org/newsroom/oecd-to-release-interim-economic-outlook-on-tuesday-21-september-2021.htm (web.archive.org capture 20210916191134)"
"20211201","EO110","NGDP_RPCH","Annex Table 1. Real GDP","https://www.oecd.org/economy/outlook/EO110_Annexes_E.pdf (retrieved from web.archive.org capture 20211212083819)","values as printed (1 decimal) parsed from the PDF table; real GDP at market prices, volume % change; date: OECD media advisory oecd.org/newsroom/oecd-to-release-economic-outlook-on-wednesday-1-december-2021.htm; press release dated 01/12/2021"
"20211201","EO110","PCPIPCH","Annex Table 15. Consumer price indices","https://www.oecd.org/economy/outlook/EO110_Inflation-Wages-Costs-and-Labour-Market.xlsx (web.archive.org capture 20220326002723)","rounded to 1 decimal from full-precision Excel values; consumer price indices, % change: HICP for euro-area members, the euro area and the United Kingdom, national CPI otherwise (verified against the EO database series); date: OECD media advisory oecd.org/newsroom/oecd-to-release-economic-outlook-on-wednesday-1-december-2021.htm; press release dated 01/12/2021"
"20211201","EO110","LUR","Annex Table 21. Unemployment rates: national definitions","https://www.oecd.org/economy/outlook/EO110_Inflation-Wages-Costs-and-Labour-Market.xlsx (web.archive.org capture 20220326002723)","rounded to 1 decimal from full-precision Excel values; unemployment rate, national (commonly used) definitions, % of labour force; date: OECD media advisory oecd.org/newsroom/oecd-to-release-economic-outlook-on-wednesday-1-december-2021.htm; press release dated 01/12/2021"
"20220608","EO111","NGDP_RPCH","Annex Table 1. Real GDP","https://www.oecd.org/economy/outlook/EO111_Demand-and-Output.xlsx (web.archive.org capture 20221114052222)","rounded to 1 decimal from full-precision Excel values; real GDP at market prices, volume % change; date: OECD media advisory oecd.org/newsroom/oecd-to-release-economic-outlook-on-wednesday-8-june-2022.htm; press release dated 08/06/2022"
"20220608","EO111","PCPIPCH","Annex Table 15. Consumer price indices","https://www.oecd.org/economy/outlook/EO111_Inflation-Wages-Costs-and-Labour-Market.xlsx (web.archive.org capture 20221114052213)","rounded to 1 decimal from full-precision Excel values; consumer price indices, % change: HICP for euro-area members, the euro area and the United Kingdom, national CPI otherwise (verified against the EO database series); date: OECD media advisory oecd.org/newsroom/oecd-to-release-economic-outlook-on-wednesday-8-june-2022.htm; press release dated 08/06/2022"
"20220608","EO111","LUR","Annex Table 21. Unemployment rates: national definitions","https://www.oecd.org/economy/outlook/EO111_Inflation-Wages-Costs-and-Labour-Market.xlsx (web.archive.org capture 20221114052213)","rounded to 1 decimal from full-precision Excel values; unemployment rate, national (commonly used) definitions, % of labour force; date: OECD media advisory oecd.org/newsroom/oecd-to-release-economic-outlook-on-wednesday-8-june-2022.htm; press release dated 08/06/2022"
"20220926","Interim Report September 2022","NGDP_RPCH","Table 1. OECD Interim Economic Outlook GDP projections September 2022 / Real GDP growth, year-on-year, per cent (p. 6)","https://www.oecd.org/content/dam/oecd/en/publications/reports/2022/09/oecd-economic-outlook-interim-report-september-2022_76a917c4/ae8c39ec-en.pdf","interim; PDF (parsed text); projection columns only (outturn and difference-from-previous-EO columns dropped); date: OECD media advisory oecd.org/newsroom/media-advisory-oecd-to-release-interim-economic-outlook-on-monday-26-september-2022.htm (web.archive.org capture 20220922172902)"
"20220926","Interim Report September 2022","PCPIPCH","Table 2. OECD Interim Economic Outlook headline inflation projections September 2022 / Headline inflation, per cent (p. 7)","https://www.oecd.org/content/dam/oecd/en/publications/reports/2022/09/oecd-economic-outlook-interim-report-september-2022_76a917c4/ae8c39ec-en.pdf","interim; PDF (parsed text); projection columns only (outturn and difference-from-previous-EO columns dropped); headline inflation (HICP for euro-area members and United Kingdom, national CPI otherwise, per the report notes); United States value is the private consumption expenditure (PCE) deflator (verified: interim value minus the printed revision equals the PCE deflator, not the CPI, in the preceding EO database); date: OECD media advisory oecd.org/newsroom/media-advisory-oecd-to-release-interim-economic-outlook-on-monday-26-september-2022.htm (web.archive.org capture 20220922172902)"
"20221122","EO112","NGDP_RPCH","none (no annex file found); EO database vintage","https://sdmx.oecd.org/archive/rest/data/OECD,DF_EO112_INTERNET/..A","no StatLink/annex file retrievable; values from the edition's own OECD EO database vintage (OECD,DF_EO112_INTERNET (archive)), variable GDPV_ANNPCT, rounded to 1 decimal; row set follows the annex rule of neighbouring editions; World aggregate excluded (not an annex row); real GDP at market prices, volume % change; date: OECD media advisory oecd.org/newsroom/oecd-to-release-economic-outlook-on-tuesday-22-november-2022.htm (web.archive.org capture 20221117014533)"
"20221122","EO112","PCPIPCH","none (no annex file found); EO database vintage","https://sdmx.oecd.org/archive/rest/data/OECD,DF_EO112_INTERNET/..A","no StatLink/annex file retrievable; values from the edition's own OECD EO database vintage (OECD,DF_EO112_INTERNET (archive)), variable CPIH_YTYPCT (euro-area members, Euro area, United Kingdom, Croatia) / CPI_YTYPCT (others), rounded to 1 decimal; row set follows the annex rule of neighbouring editions; consumer price indices, % change: HICP for euro-area members, the euro area and the United Kingdom, national CPI otherwise (verified against the EO database series); date: OECD media advisory oecd.org/newsroom/oecd-to-release-economic-outlook-on-tuesday-22-november-2022.htm (web.archive.org capture 20221117014533)"
"20221122","EO112","LUR","none (no annex file found); EO database vintage","https://sdmx.oecd.org/archive/rest/data/OECD,DF_EO112_INTERNET/..A","no StatLink/annex file retrievable; values from the edition's own OECD EO database vintage (OECD,DF_EO112_INTERNET (archive)), variable UNR, rounded to 1 decimal; row set follows the annex rule of neighbouring editions; non-OECD economies excluded as in the annex unemployment table; unemployment rate, national (commonly used) definitions, % of labour force; date: OECD media advisory oecd.org/newsroom/oecd-to-release-economic-outlook-on-tuesday-22-november-2022.htm (web.archive.org capture 20221117014533)"
"20230317","Interim Report March 2023","NGDP_RPCH","Table 1. OECD Interim Economic Outlook forecasts March 2023 / Real GDP growth, year-on-year, per cent (p. 6)","https://www.oecd.org/content/dam/oecd/en/publications/reports/2023/03/oecd-economic-outlook-interim-report-march-2023_c5b1ed7c/d14d49eb-en.pdf","interim; PDF (parsed text); projection columns only (outturn and difference-from-previous-EO columns dropped); date: OECD media advisory oecd.org/newsroom/media-advisory-oecd-to-release-interim-economic-outlook-on-friday-17-march-2023.htm; press release dated 17/03/2023"
"20230317","Interim Report March 2023","PCPIPCH","Table 2. OECD Interim Economic Outlook forecasts March 2023 / Headline inflation, per cent (p. 7)","https://www.oecd.org/content/dam/oecd/en/publications/reports/2023/03/oecd-economic-outlook-interim-report-march-2023_c5b1ed7c/d14d49eb-en.pdf","interim; PDF (parsed text); projection columns only (outturn and difference-from-previous-EO columns dropped); headline inflation (HICP for euro-area members and United Kingdom, national CPI otherwise, per the report notes); United States value is the private consumption expenditure (PCE) deflator (verified: interim value minus the printed revision equals the PCE deflator, not the CPI, in the preceding EO database); date: OECD media advisory oecd.org/newsroom/media-advisory-oecd-to-release-interim-economic-outlook-on-friday-17-march-2023.htm; press release dated 17/03/2023"
"20230607","EO113","NGDP_RPCH","none (no annex file found); EO database vintage","https://sdmx.oecd.org/archive/rest/data/OECD,DF_EO113_INTERNET/..A","no StatLink/annex file retrievable; values from the edition's own OECD EO database vintage (OECD,DF_EO113_INTERNET (archive)), variable GDPV_ANNPCT, rounded to 1 decimal; row set follows the annex rule of neighbouring editions; World aggregate excluded (not an annex row); real GDP at market prices, volume % change; date: OECD media advisory oecd.org/newsroom/media-advisory-oecd-to-release-economic-outlook-on-wednesday-7-june-2023.htm (web.archive.org capture 20230923145253)"
"20230607","EO113","PCPIPCH","none (no annex file found); EO database vintage","https://sdmx.oecd.org/archive/rest/data/OECD,DF_EO113_INTERNET/..A","no StatLink/annex file retrievable; values from the edition's own OECD EO database vintage (OECD,DF_EO113_INTERNET (archive)), variable CPIH_YTYPCT (euro-area members, Euro area, United Kingdom, Croatia) / CPI_YTYPCT (others), rounded to 1 decimal; row set follows the annex rule of neighbouring editions; consumer price indices, % change: HICP for euro-area members, the euro area and the United Kingdom, national CPI otherwise (verified against the EO database series); date: OECD media advisory oecd.org/newsroom/media-advisory-oecd-to-release-economic-outlook-on-wednesday-7-june-2023.htm (web.archive.org capture 20230923145253)"
"20230607","EO113","LUR","none (no annex file found); EO database vintage","https://sdmx.oecd.org/archive/rest/data/OECD,DF_EO113_INTERNET/..A","no StatLink/annex file retrievable; values from the edition's own OECD EO database vintage (OECD,DF_EO113_INTERNET (archive)), variable UNR, rounded to 1 decimal; row set follows the annex rule of neighbouring editions; non-OECD economies excluded as in the annex unemployment table; unemployment rate, national (commonly used) definitions, % of labour force; date: OECD media advisory oecd.org/newsroom/media-advisory-oecd-to-release-economic-outlook-on-wednesday-7-june-2023.htm (web.archive.org capture 20230923145253)"
"20230919","Interim Report September 2023","NGDP_RPCH","Table 1. Global growth is projected to remain moderate / Real GDP growth, year-on-year, per cent (p. 8)","https://www.oecd.org/content/dam/oecd/en/publications/reports/2023/09/oecd-economic-outlook-interim-report-september-2023_c07e17ac/1f628002-en.pdf","interim; PDF (parsed text); projection columns only (outturn and difference-from-previous-EO columns dropped); date: OECD press release oecd.org/newsroom/positive-growth-continues-albeit-fragile-and-with-persistent-inflation-posing-a-key-risk.htm dated 19/09/2023 (web.archive.org capture 20230921021602)"
"20230919","Interim Report September 2023","PCPIPCH","Table 2. Headline consumer price inflation is declining steadily / Headline inflation, per cent (p. 9)","https://www.oecd.org/content/dam/oecd/en/publications/reports/2023/09/oecd-economic-outlook-interim-report-september-2023_c07e17ac/1f628002-en.pdf","interim; PDF (parsed text); projection columns only (outturn and difference-from-previous-EO columns dropped); headline inflation (HICP for euro-area members and United Kingdom, national CPI otherwise, per the report notes); United States value is the private consumption expenditure (PCE) deflator (verified: interim value minus the printed revision equals the PCE deflator, not the CPI, in the preceding EO database); date: OECD press release oecd.org/newsroom/positive-growth-continues-albeit-fragile-and-with-persistent-inflation-posing-a-key-risk.htm dated 19/09/2023 (web.archive.org capture 20230921021602)"
"20231129","EO114","NGDP_RPCH","none (no annex file found); EO database vintage","https://sdmx.oecd.org/public/rest/data/OECD.ECO.MAD,DSD_EO_114@DF_EO_114,/..A","no StatLink/annex file retrievable; values from the edition's own OECD EO database vintage (OECD.ECO.MAD,DSD_EO_114@DF_EO_114), variable GDPV_ANNPCT, rounded to 1 decimal; row set follows the annex rule of neighbouring editions; World aggregate excluded (not an annex row); real GDP at market prices, volume % change; date: OECD media advisory oecd.org/newsroom/media-advisory-oecd-economic-outlook-2023.htm (""Wednesday 29 November 2023""); press release dated 29/11/2023"
"20231129","EO114","PCPIPCH","none (no annex file found); EO database vintage","https://sdmx.oecd.org/public/rest/data/OECD.ECO.MAD,DSD_EO_114@DF_EO_114,/..A","no StatLink/annex file retrievable; values from the edition's own OECD EO database vintage (OECD.ECO.MAD,DSD_EO_114@DF_EO_114), variable CPIH_YTYPCT (euro-area members, Euro area, United Kingdom, Croatia) / CPI_YTYPCT (others), rounded to 1 decimal; row set follows the annex rule of neighbouring editions; consumer price indices, % change: HICP for euro-area members, the euro area and the United Kingdom, national CPI otherwise (verified against the EO database series); date: OECD media advisory oecd.org/newsroom/media-advisory-oecd-economic-outlook-2023.htm (""Wednesday 29 November 2023""); press release dated 29/11/2023"
"20231129","EO114","LUR","none (no annex file found); EO database vintage","https://sdmx.oecd.org/public/rest/data/OECD.ECO.MAD,DSD_EO_114@DF_EO_114,/..A","no StatLink/annex file retrievable; values from the edition's own OECD EO database vintage (OECD.ECO.MAD,DSD_EO_114@DF_EO_114), variable UNR, rounded to 1 decimal; row set follows the annex rule of neighbouring editions; non-OECD economies excluded as in the annex unemployment table; unemployment rate, national (commonly used) definitions, % of labour force; date: OECD media advisory oecd.org/newsroom/media-advisory-oecd-economic-outlook-2023.htm (""Wednesday 29 November 2023""); press release dated 29/11/2023"
"20240205","Interim Report February 2024","NGDP_RPCH","Table 1. Moderate global growth is projected to persist (p. 7)","https://www.oecd.org/content/dam/oecd/en/publications/reports/2024/02/oecd-economic-outlook-interim-report-february-2024_3505087f/0fd73462-en.pdf","interim; PDF (parsed text); projection columns only (outturn and difference-from-previous-EO columns dropped); date: OECD media advisory oecd.org/newsroom/media-advisory-oecd-interim-economic-outlook-2024.htm (""Monday 5 February 2024"")"
"20240205","Interim Report February 2024","PCPIPCH","Table 2. Headline inflation is projected to return to target in most economies (p. 8)","https://www.oecd.org/content/dam/oecd/en/publications/reports/2024/02/oecd-economic-outlook-interim-report-february-2024_3505087f/0fd73462-en.pdf","interim; PDF (parsed text); projection columns only (outturn and difference-from-previous-EO columns dropped); headline inflation (HICP for euro-area members and United Kingdom, national CPI otherwise, per the report notes); United States value is the private consumption expenditure (PCE) deflator (verified: interim value minus the printed revision equals the PCE deflator, not the CPI, in the preceding EO database); date: OECD media advisory oecd.org/newsroom/media-advisory-oecd-interim-economic-outlook-2024.htm (""Monday 5 February 2024"")"
"20240502","EO115","NGDP_RPCH","Annex Table 2. Real GDP","https://www.oecd.org/content/dam/oecd/en/topics/policy-sub-issues/economic-outlook/eo115/EO115_Statistical_Annexes.xlsx (sheet Real_GDP)","rounded to 1 decimal from full-precision Excel values; real GDP at market prices, volume % change; date: OECD media advisory oecd.org/newsroom/media-advisory-oecd-economic-outlook-may-2024.htm (""Thursday 2 May 2024""); press release dated 02/05/2024"
"20240502","EO115","PCPIPCH","Annex Table 17. Consumer price indices","https://www.oecd.org/content/dam/oecd/en/topics/policy-sub-issues/economic-outlook/eo115/EO115_Statistical_Annexes.xlsx (sheet Consumer_Prices)","rounded to 1 decimal from full-precision Excel values; consumer price indices, % change: HICP for euro-area members, the euro area and the United Kingdom, national CPI otherwise (verified against the EO database series); date: OECD media advisory oecd.org/newsroom/media-advisory-oecd-economic-outlook-may-2024.htm (""Thursday 2 May 2024""); press release dated 02/05/2024"
"20240502","EO115","LUR","Annex Table 24. Unemployment rates: national definitions","https://www.oecd.org/content/dam/oecd/en/topics/policy-sub-issues/economic-outlook/eo115/EO115_Statistical_Annexes.xlsx (sheet Unemployment_Rates)","rounded to 1 decimal from full-precision Excel values; unemployment rate, national (commonly used) definitions, % of labour force; date: OECD media advisory oecd.org/newsroom/media-advisory-oecd-economic-outlook-may-2024.htm (""Thursday 2 May 2024""); press release dated 02/05/2024"
"20240925","Interim Report September 2024","NGDP_RPCH","Table 1. Global growth is projected to remain around its recent pace (p. 7)","https://www.oecd.org/content/dam/oecd/en/publications/reports/2024/09/oecd-economic-outlook-interim-report-september-2024_fdd9394f/1517c196-en.pdf","interim; PDF (parsed text); projection columns only (outturn and difference-from-previous-EO columns dropped); date: OECD media advisory ""OECD to release Interim Economic Outlook on Wednesday 25 September 2024"" (oecd.org, located by web search)"
"20240925","Interim Report September 2024","PCPIPCH","Table 2. Headline inflation is projected to decline further (p. 8)","https://www.oecd.org/content/dam/oecd/en/publications/reports/2024/09/oecd-economic-outlook-interim-report-september-2024_fdd9394f/1517c196-en.pdf","interim; PDF (parsed text); projection columns only (outturn and difference-from-previous-EO columns dropped); headline inflation (HICP for euro-area members and United Kingdom, national CPI otherwise, per the report notes); United States value is the private consumption expenditure (PCE) deflator (verified: interim value minus the printed revision equals the PCE deflator, not the CPI, in the preceding EO database); date: OECD media advisory ""OECD to release Interim Economic Outlook on Wednesday 25 September 2024"" (oecd.org, located by web search)"
"20241204","EO116","NGDP_RPCH","Annex Table 2. Real GDP","https://www.oecd.org/content/dam/oecd/en/topics/policy-sub-issues/economic-outlook/eo116/EO116_Statistical_Annexes.xlsx (sheet Real_GDP)","rounded to 1 decimal from full-precision Excel values; real GDP at market prices, volume % change; date unverified (no primary release-date source retrieved)"
"20241204","EO116","PCPIPCH","Annex Table 17. Consumer price indices","https://www.oecd.org/content/dam/oecd/en/topics/policy-sub-issues/economic-outlook/eo116/EO116_Statistical_Annexes.xlsx (sheet Consumer_Prices)","rounded to 1 decimal from full-precision Excel values; consumer price indices, % change: HICP for euro-area members, the euro area and the United Kingdom, national CPI otherwise (verified against the EO database series); date unverified (no primary release-date source retrieved)"
"20241204","EO116","LUR","Annex Table 24. Unemployment rates: national definitions","https://www.oecd.org/content/dam/oecd/en/topics/policy-sub-issues/economic-outlook/eo116/EO116_Statistical_Annexes.xlsx (sheet Unemployment_Rates)","rounded to 1 decimal from full-precision Excel values; unemployment rate, national (commonly used) definitions, % of labour force; date unverified (no primary release-date source retrieved)"
"20250317","Interim Report March 2025","NGDP_RPCH","Table 1. Global growth is projected to moderate (p. 7)","https://www.oecd.org/content/dam/oecd/en/publications/reports/2025/03/oecd-economic-outlook-interim-report-march-2025_47a36021/89af4857-en.pdf","interim; PDF (parsed text); projection columns only (outturn and difference-from-previous-EO columns dropped); date: OECD media advisory ""OECD to release Interim Economic Outlook on Monday 17 March 2025"" (oecd.org, located by web search)"
"20250317","Interim Report March 2025","PCPIPCH","Table 2. Headline inflation is projected to decline in most countries (p. 8)","https://www.oecd.org/content/dam/oecd/en/publications/reports/2025/03/oecd-economic-outlook-interim-report-march-2025_47a36021/89af4857-en.pdf","interim; PDF (parsed text); projection columns only (outturn and difference-from-previous-EO columns dropped); headline inflation (HICP for euro-area members and United Kingdom, national CPI otherwise, per the report notes); United States value is the private consumption expenditure (PCE) deflator (verified: interim value minus the printed revision equals the PCE deflator, not the CPI, in the preceding EO database); date: OECD media advisory ""OECD to release Interim Economic Outlook on Monday 17 March 2025"" (oecd.org, located by web search)"
"20250603","EO117","NGDP_RPCH","Annex Table 2. Real GDP","https://www.oecd.org/content/dam/oecd/en/topics/policy-sub-issues/economic-outlook/eo117-june-2025/EO117_Statistical_Annexes.xlsx (sheet Real_GDP)","rounded to 1 decimal from full-precision Excel values; real GDP at market prices, volume % change; date unverified (no primary release-date source retrieved)"
"20250603","EO117","PCPIPCH","Annex Table 17. Consumer price indices","https://www.oecd.org/content/dam/oecd/en/topics/policy-sub-issues/economic-outlook/eo117-june-2025/EO117_Statistical_Annexes.xlsx (sheet Consumer_Prices)","rounded to 1 decimal from full-precision Excel values; consumer price indices, % change: HICP for euro-area members, the euro area and the United Kingdom, national CPI otherwise (verified against the EO database series); date unverified (no primary release-date source retrieved)"
"20250603","EO117","LUR","Annex Table 24. Unemployment rates: national definitions","https://www.oecd.org/content/dam/oecd/en/topics/policy-sub-issues/economic-outlook/eo117-june-2025/EO117_Statistical_Annexes.xlsx (sheet Unemployment_Rates)","rounded to 1 decimal from full-precision Excel values; unemployment rate, national (commonly used) definitions, % of labour force; date unverified (no primary release-date source retrieved)"
"20250923","Interim Report September 2025","NGDP_RPCH","Table 1. Global growth has remained resilient but is expected to moderate in 2026 (p. 7)","https://www.oecd.org/content/dam/oecd/en/publications/reports/2025/09/oecd-economic-outlook-interim-report-september-2025_ae3d418b/67b10c01-en.pdf","interim; PDF (parsed text); projection columns only (outturn and difference-from-previous-EO columns dropped); date: OECD media advisory ""OECD to release Interim Economic Outlook on Tuesday 23 September 2025"" (oecd.org, located by web search)"
"20250923","Interim Report September 2025","PCPIPCH","Table 2. Headline inflation is projected to decline in 2026 (p. 8)","https://www.oecd.org/content/dam/oecd/en/publications/reports/2025/09/oecd-economic-outlook-interim-report-september-2025_ae3d418b/67b10c01-en.pdf","interim; PDF (parsed text); projection columns only (outturn and difference-from-previous-EO columns dropped); headline inflation (HICP for euro-area members and United Kingdom, national CPI otherwise, per the report notes); United States value is the private consumption expenditure (PCE) deflator (verified: interim value minus the printed revision equals the PCE deflator, not the CPI, in the preceding EO database); date: OECD media advisory ""OECD to release Interim Economic Outlook on Tuesday 23 September 2025"" (oecd.org, located by web search)"
"20251202","EO118","NGDP_RPCH","Annex Table 2. Real GDP","https://www.oecd.org/content/dam/oecd/en/topics/policy-sub-issues/economic-outlook/eo-dec-2025/EO118_Statistical_Annexes.xlsx (sheet Real_GDP)","rounded to 1 decimal from full-precision Excel values; real GDP at market prices, volume % change; date: OECD media advisory ""OECD to release latest Economic Outlook on Tuesday 2 December 2025"" (oecd.org, located by web search)"
"20251202","EO118","PCPIPCH","Annex Table 17. Consumer price indices","https://www.oecd.org/content/dam/oecd/en/topics/policy-sub-issues/economic-outlook/eo-dec-2025/EO118_Statistical_Annexes.xlsx (sheet Consumer_Prices)","rounded to 1 decimal from full-precision Excel values; consumer price indices, % change: HICP for euro-area members, the euro area and the United Kingdom, national CPI otherwise (verified against the EO database series); date: OECD media advisory ""OECD to release latest Economic Outlook on Tuesday 2 December 2025"" (oecd.org, located by web search)"
"20251202","EO118","LUR","Annex Table 24. Unemployment rates: national definitions","https://www.oecd.org/content/dam/oecd/en/topics/policy-sub-issues/economic-outlook/eo-dec-2025/EO118_Statistical_Annexes.xlsx (sheet Unemployment_Rates)","rounded to 1 decimal from full-precision Excel values; unemployment rate, national (commonly used) definitions, % of labour force; date: OECD media advisory ""OECD to release latest Economic Outlook on Tuesday 2 December 2025"" (oecd.org, located by web search)"
"20260326","Interim Report March 2026","NGDP_RPCH","Table 1. Global growth is expected to moderate (p. 8)","https://www.oecd.org/content/dam/oecd/en/publications/reports/2026/03/oecd-economic-outlook-interim-report-march-2026_254a8d56/d4623013-en.pdf","interim; PDF (parsed text); projection columns only (outturn and difference-from-previous-EO columns dropped); date: OECD media advisory ""OECD to release Interim Economic Outlook on Thursday 26 March 2026"" (oecd.org, located by web search)"
"20260326","Interim Report March 2026","PCPIPCH","Table 2. Headline inflation is projected to rise in 2026 (p. 9)","https://www.oecd.org/content/dam/oecd/en/publications/reports/2026/03/oecd-economic-outlook-interim-report-march-2026_254a8d56/d4623013-en.pdf","interim; PDF (parsed text); projection columns only (outturn and difference-from-previous-EO columns dropped); headline inflation (HICP for euro-area members and United Kingdom, national CPI otherwise, per the report notes); United States value is the private consumption expenditure (PCE) deflator (verified: interim value minus the printed revision equals the PCE deflator, not the CPI, in the preceding EO database); date: OECD media advisory ""OECD to release Interim Economic Outlook on Thursday 26 March 2026"" (oecd.org, located by web search)"
"20260603","EO119","NGDP_RPCH","Annex Table 2. Real GDP","https://www.oecd.org/content/dam/oecd/en/publications/support-materials/2026/06/oecd-economic-outlook-volume-2026-issue-1_8be0dba6/EO119_Statistical_Annexes.xlsx (sheet Real_GDP)","rounded to 1 decimal from full-precision Excel values; real GDP at market prices, volume % change; date: OECD media advisory ""OECD to release latest Economic Outlook on Wednesday 3 June 2026"" (oecd.org, located by web search)"
"20260603","EO119","PCPIPCH","Annex Table 17. Consumer price indices","https://www.oecd.org/content/dam/oecd/en/publications/support-materials/2026/06/oecd-economic-outlook-volume-2026-issue-1_8be0dba6/EO119_Statistical_Annexes.xlsx (sheet Consumer_Prices)","rounded to 1 decimal from full-precision Excel values; consumer price indices, % change: HICP for euro-area members, the euro area and the United Kingdom, national CPI otherwise (verified against the EO database series); date: OECD media advisory ""OECD to release latest Economic Outlook on Wednesday 3 June 2026"" (oecd.org, located by web search)"
"20260603","EO119","LUR","Annex Table 24. Unemployment rates: national definitions","https://www.oecd.org/content/dam/oecd/en/publications/support-materials/2026/06/oecd-economic-outlook-volume-2026-issue-1_8be0dba6/EO119_Statistical_Annexes.xlsx (sheet Unemployment_Rates)","rounded to 1 decimal from full-precision Excel values; unemployment rate, national (commonly used) definitions, % of labour force; date: OECD media advisory ""OECD to release latest Economic Outlook on Wednesday 3 June 2026"" (oecd.org, located by web search)"
"20260923","Interim Report September 2026","NGDP_RPCH","Table 1. Global growth has moderated (p. 8)","https://www.oecd.org/content/dam/oecd/en/publications/reports/2026/09/oecd-economic-outlook-interim-report-september-2026_8312492f/f751d02b-en.pdf","interim; PDF (parsed text); projection columns only (outturn and difference-from-previous-EO columns dropped); date: OECD media advisory ""OECD to release Interim Economic Outlook on Wednesday 23 September 2026"" (oecd.org, located by web search)"
"20260923","Interim Report September 2026","PCPIPCH","Table 2. Headline inflation is projected to rise in 2026 (p. 9)","https://www.oecd.org/content/dam/oecd/en/publications/reports/2026/09/oecd-economic-outlook-interim-report-september-2026_8312492f/f751d02b-en.pdf","interim; PDF (parsed text); projection columns only (outturn and difference-from-previous-EO columns dropped); headline inflation (HICP for euro-area members and United Kingdom, national CPI otherwise, per the report notes); United States value is the private consumption expenditure (PCE) deflator (verified: interim value minus the printed revision equals the PCE deflator, not the CPI, in the preceding EO database); date: OECD media advisory ""OECD to release Interim Economic Outlook on Wednesday 23 September 2026"" (oecd.org, located by web search)"
